ticker,date,open,high,low,close
DTIL,2019-03-28,540.0,570.0,514.8,523.2
DTIL,2019-03-29,532.5,545.4,495.9,538.5
DTIL,2019-04-01,538.5,538.5,499.8,508.2
DTIL,2019-04-02,508.5,522.9,498.0,502.8
DTIL,2019-04-03,503.1,503.46,444.15,451.5
DTIL,2019-04-04,450.9,469.8,439.8,454.5
DTIL,2019-04-05,453.0,461.4,429.9,442.2
DTIL,2019-04-08,442.2,446.7,432.3,444.585
DTIL,2019-04-09,441.0,463.5,436.8,455.4
DTIL,2019-04-10,452.4,464.7,435.3,438.0
DTIL,2019-04-11,441.0,449.4,394.8,421.2
DTIL,2019-04-12,424.8,429.0,390.75,399.6
DTIL,2019-04-15,394.8,406.272,393.0,395.7
DTIL,2019-04-16,391.5,404.4,389.1,397.8
DTIL,2019-04-17,396.0,405.0,384.903,389.4
DTIL,2019-04-18,395.1,395.4,363.9,365.4
DTIL,2019-04-22,386.1,407.1,366.6,403.2
DTIL,2019-04-23,411.0,417.0,396.3,407.4
DTIL,2019-04-24,412.5,418.644,379.8,383.4
DTIL,2019-04-25,386.1,390.9,369.75,375.0
DTIL,2019-04-26,377.4,389.7,372.0,379.2
DTIL,2019-04-29,379.2,414.9,379.2,390.9
DTIL,2019-04-30,391.2,400.5,384.3,390.0
DTIL,2019-05-01,387.6,403.95,376.5,388.2
DTIL,2019-05-02,384.0,386.55,353.22,378.0
DTIL,2019-05-03,379.8,392.601,354.0,356.4
DTIL,2019-05-06,357.9,391.8,356.7,390.0
DTIL,2019-05-07,390.3,402.0,378.0,388.2
DTIL,2019-05-08,387.0,396.0,380.7,382.2
DTIL,2019-05-09,380.7,395.4,375.0,387.3
DTIL,2019-05-10,385.8,394.5,381.462,391.5
DTIL,2019-05-13,388.8,398.4,385.419,394.5
DTIL,2019-05-14,397.2,412.5,397.2,410.7
DTIL,2019-05-15,408.0,413.1,381.6,381.9
DTIL,2019-05-16,384.0,399.3,381.0,393.6
DTIL,2019-05-17,388.8,390.45,363.0,373.8
DTIL,2019-05-20,373.5,405.0,366.324,395.4
DTIL,2019-05-21,395.7,411.6,383.805,398.1
DTIL,2019-05-22,396.0,404.7,379.5,396.3
DTIL,2019-05-23,391.2,404.1,387.3,399.3
DTIL,2019-05-24,401.4,417.0,401.4,411.9
DTIL,2019-05-28,412.5,420.288,409.05,418.8
DTIL,2019-05-29,415.5,419.7,392.781,403.8
DTIL,2019-05-30,406.5,406.5,380.7,383.4
DTIL,2019-05-31,379.8,404.7,375.6,402.9
DTIL,2019-06-03,403.2,407.7,382.416,390.3
DTIL,2019-06-04,391.2,406.5,386.7,404.7
DTIL,2019-06-05,405.0,411.0,391.5,404.4
DTIL,2019-06-06,405.6,416.676,396.0,405.3
DTIL,2019-06-07,410.4,418.8,390.0,396.0
DTIL,2019-06-10,398.4,407.7,375.0,387.9
DTIL,2019-06-11,387.0,393.0,359.7,363.9
DTIL,2019-06-12,366.6,371.7,357.9,361.2
DTIL,2019-06-13,363.6,375.6,360.315,373.8
DTIL,2019-06-14,378.6,397.5,376.5,389.1
DTIL,2019-06-17,399.9,406.497,372.879,376.2
DTIL,2019-06-18,379.2,412.5,376.5,411.0
DTIL,2019-06-19,412.2,420.297,390.951,415.5
DTIL,2019-06-20,419.1,457.2,417.354,451.5
DTIL,2019-06-21,455.7,459.0,436.5,441.6
DTIL,2019-06-24,444.0,450.9,371.703,396.3
DTIL,2019-06-25,399.0,407.7,393.3,396.0
DTIL,2019-06-26,396.6,405.0,383.1,384.9
DTIL,2019-06-27,386.1,399.9,384.387,396.9
DTIL,2019-06-28,400.5,415.5,390.3,397.5
DTIL,2019-07-01,396.0,402.0,384.9,389.4
DTIL,2019-07-02,390.0,402.0,383.4,398.7
DTIL,2019-07-03,405.0,406.5,389.1,401.7
DTIL,2019-07-05,405.0,430.8,399.6,424.5
DTIL,2019-07-08,426.6,436.8,405.3,409.5
DTIL,2019-07-09,407.4,416.85,400.2,406.2
DTIL,2019-07-10,409.2,437.4,401.1,429.6
DTIL,2019-07-11,426.3,437.7,410.04,429.0
DTIL,2019-07-12,429.0,436.2,400.5,404.1
DTIL,2019-07-15,404.7,424.077,402.0,412.8
DTIL,2019-07-16,420.0,439.8,414.6,416.1
DTIL,2019-07-17,417.0,480.0,402.6,444.3
DTIL,2019-07-18,445.2,451.8,425.1,444.6
DTIL,2019-07-19,444.0,464.4,410.7,417.3
DTIL,2019-07-22,418.2,429.9,412.5,420.3
DTIL,2019-07-23,421.5,421.5,397.2,406.5
DTIL,2019-07-24,408.9,408.9,375.0,388.5
DTIL,2019-07-25,383.4,400.05,373.8,386.4
DTIL,2019-07-26,389.7,393.3,382.8,388.8
DTIL,2019-07-29,394.5,400.5,382.5,399.0
DTIL,2019-07-30,396.6,398.1,384.3,395.4
DTIL,2019-07-31,395.4,405.0,378.9,386.1
DTIL,2019-08-01,386.4,396.9,355.5,358.2
DTIL,2019-08-02,358.8,378.9,347.1,350.7
DTIL,2019-08-05,348.9,359.4,337.5,342.0
DTIL,2019-08-06,343.8,352.5,331.5,344.7
DTIL,2019-08-07,344.7,347.4,334.95,335.4
DTIL,2019-08-08,335.7,358.326,315.0,329.4
DTIL,2019-08-09,335.7,335.7,261.048,275.7
DTIL,2019-08-12,276.3,288.0,276.3,278.1
DTIL,2019-08-13,280.5,288.0,264.3,275.1
DTIL,2019-08-14,271.5,288.3,267.0,282.9
DTIL,2019-08-15,279.0,279.6,257.7,264.9
DTIL,2019-08-16,269.1,284.55,264.0,281.1
DTIL,2019-08-19,282.9,294.3,282.0,292.8
DTIL,2019-08-20,294.9,302.4,288.3,296.1
DTIL,2019-08-21,298.8,298.8,276.45,279.9
DTIL,2019-08-22,279.3,293.25,258.0,261.3
DTIL,2019-08-23,260.7,268.5,245.1,249.6
DTIL,2019-08-26,251.7,258.9,234.0,249.0
DTIL,2019-08-27,250.8,260.1,238.5,246.0
DTIL,2019-08-28,244.5,256.8,240.3,251.7
DTIL,2019-08-29,253.2,257.4,242.709,252.0
DTIL,2019-08-30,251.7,260.4,243.3,255.6
DTIL,2019-09-03,255.6,255.6,240.6,243.0
DTIL,2019-09-04,245.7,250.2,242.1,246.3
DTIL,2019-09-05,249.3,254.7,245.7,249.0
DTIL,2019-09-06,243.9,255.6,243.9,245.7
DTIL,2019-09-09,244.5,250.314,237.3,241.5
DTIL,2019-09-10,243.0,246.0,237.3,240.9
DTIL,2019-09-11,241.8,306.3,236.7,294.0
DTIL,2019-09-12,311.4,339.48,291.6,299.7
DTIL,2019-09-13,304.8,310.95,286.611,294.0
DTIL,2019-09-16,301.8,309.0,288.0,289.8
DTIL,2019-09-17,291.6,305.4,291.201,297.6
DTIL,2019-09-18,300.3,302.082,288.6,292.8
DTIL,2019-09-19,292.5,306.9,288.0,301.5
DTIL,2019-09-20,302.4,306.849,288.0,289.8
DTIL,2019-09-23,296.1,303.0,282.9,283.8
DTIL,2019-09-24,286.2,302.58,282.0,300.9
DTIL,2019-09-25,301.5,303.9,281.4,281.7
DTIL,2019-09-26,283.2,290.607,262.8,268.2
DTIL,2019-09-27,268.5,281.7,255.0,266.55
DTIL,2019-09-30,270.0,270.0,243.0,251.7
DTIL,2019-10-01,252.0,252.3,228.9,232.2
DTIL,2019-10-02,232.5,234.3,218.1,225.6
DTIL,2019-10-03,222.9,231.579,214.5,227.7
DTIL,2019-10-04,228.3,231.0,216.0,226.8
DTIL,2019-10-07,232.8,233.7,222.0,231.0
DTIL,2019-10-08,232.5,232.5,217.8,225.3
DTIL,2019-10-09,225.3,226.5,219.3,222.9
DTIL,2019-10-10,225.0,225.0,213.3,222.3
DTIL,2019-10-11,223.5,223.5,213.9,216.6
DTIL,2019-10-14,216.6,216.6,203.7,207.0
DTIL,2019-10-15,204.0,207.6,198.0,206.1
DTIL,2019-10-16,207.3,207.6,195.6,198.0
DTIL,2019-10-17,198.9,208.2,196.35,204.3
DTIL,2019-10-18,202.8,204.3,191.1,192.9
DTIL,2019-10-21,194.1,203.205,189.945,198.0
DTIL,2019-10-22,198.9,202.926,195.834,200.7
DTIL,2019-10-23,200.7,200.7,187.2,192.0
DTIL,2019-10-24,195.0,195.9,187.5,189.6
DTIL,2019-10-25,189.0,200.4,187.5,191.7
DTIL,2019-10-28,194.4,198.315,188.4,195.0
DTIL,2019-10-29,195.9,198.6,189.903,194.4
DTIL,2019-10-30,195.0,199.737,192.6,196.2
DTIL,2019-10-31,195.6,202.65,194.1,194.7
DTIL,2019-11-01,196.2,204.9,193.5,196.5
DTIL,2019-11-04,199.8,202.2,196.8,199.2
DTIL,2019-11-05,201.3,215.1,197.1,206.4
DTIL,2019-11-06,210.0,244.5,205.5,243.3
DTIL,2019-11-07,244.5,262.5,227.1,255.6
DTIL,2019-11-08,252.3,271.2,246.3,270.0
DTIL,2019-11-11,271.2,273.0,247.5,255.15
DTIL,2019-11-12,252.0,274.8,244.8,269.7
DTIL,2019-11-13,282.0,286.5,257.4,284.1
DTIL,2019-11-14,286.5,357.9,282.9,354.0
DTIL,2019-11-15,353.7,371.7,327.0,363.3
DTIL,2019-11-18,364.2,380.1,355.8,379.8
DTIL,2019-11-19,387.0,390.3,370.8,376.5
DTIL,2019-11-20,378.0,393.0,364.5,374.7
DTIL,2019-11-21,374.1,374.4,349.5,366.3
DTIL,2019-11-22,365.4,417.6,365.1,409.65
DTIL,2019-11-25,413.7,455.7,412.5,438.9
DTIL,2019-11-26,442.8,495.6,434.1,484.8
DTIL,2019-11-27,487.8,549.0,484.8,545.4
DTIL,2019-11-29,543.9,558.3,504.9,533.1
DTIL,2019-12-02,532.5,543.9,498.3,507.3
DTIL,2019-12-03,482.7,510.45,480.9,505.5
DTIL,2019-12-04,510.6,514.2,490.8,499.2
DTIL,2019-12-05,498.6,570.0,492.0,555.3
DTIL,2019-12-06,561.0,620.1,558.0,589.8
DTIL,2019-12-09,660.0,710.106,280.35,285.0
DTIL,2019-12-10,303.9,315.0,285.3,287.4
DTIL,2019-12-11,289.5,298.8,279.0,294.6
DTIL,2019-12-12,296.1,305.7,288.0,293.1
DTIL,2019-12-13,295.2,310.2,288.0,308.7
DTIL,2019-12-16,312.0,335.553,301.2,327.0
DTIL,2019-12-17,325.2,333.9,321.3,329.1
DTIL,2019-12-18,324.0,376.5,323.4,365.4
DTIL,2019-12-19,367.5,376.5,348.3,362.7
DTIL,2019-12-20,363.0,448.5,358.5,429.6
DTIL,2019-12-23,446.7,497.4,440.7,447.3
DTIL,2019-12-24,446.1,453.3,432.6,438.0
DTIL,2019-12-26,433.5,446.7,408.0,441.9
DTIL,2019-12-27,442.8,442.965,414.3,421.5
DTIL,2019-12-30,420.6,425.7,387.6,405.6
DTIL,2019-12-31,399.3,421.2,396.6,416.7
DTIL,2020-01-02,423.3,430.2,378.0,394.2
DTIL,2020-01-03,386.7,400.8,381.0,397.2
DTIL,2020-01-06,390.6,399.6,380.4,398.1
DTIL,2020-01-07,399.3,415.8,381.3,413.1
DTIL,2020-01-08,410.1,451.2,399.0,450.3
DTIL,2020-01-09,451.5,452.1,432.9,441.9
DTIL,2020-01-10,445.2,451.2,432.171,441.0
DTIL,2020-01-13,450.0,451.5,401.571,405.9
DTIL,2020-01-14,405.0,408.0,379.803,400.8
DTIL,2020-01-15,401.4,402.0,343.2,348.9
DTIL,2020-01-16,348.6,349.8,318.9,332.7
DTIL,2020-01-17,335.7,343.8,315.3,320.4
DTIL,2020-01-21,324.6,335.7,315.0,318.9
DTIL,2020-01-22,315.3,325.5,303.0,307.5
DTIL,2020-01-23,307.8,321.0,295.8,303.0
DTIL,2020-01-24,304.8,308.7,291.6,297.9
DTIL,2020-01-27,297.9,300.546,282.6,287.4
DTIL,2020-01-28,289.5,294.0,263.1,273.6
DTIL,2020-01-29,273.6,278.1,263.25,268.8
DTIL,2020-01-30,267.0,269.151,245.7,249.3
DTIL,2020-01-31,247.8,251.7,234.3,242.7
DTIL,2020-02-03,243.0,250.5,231.3,246.6
DTIL,2020-02-04,249.3,260.7,240.6,245.7
DTIL,2020-02-05,247.8,258.0,240.9,250.5
DTIL,2020-02-06,252.6,268.2,251.1,260.7
DTIL,2020-02-07,265.2,267.9,243.3,246.6
DTIL,2020-02-10,248.7,257.1,245.7,254.7
DTIL,2020-02-11,254.7,257.25,235.8,238.8
DTIL,2020-02-12,240.0,249.3,236.4,247.8
DTIL,2020-02-13,246.0,253.2,238.8,252.3
DTIL,2020-02-14,252.3,253.5,243.0,248.1
DTIL,2020-02-18,249.0,253.5,241.5,245.4
DTIL,2020-02-19,244.8,249.9,239.4,247.2
DTIL,2020-02-20,248.1,249.0,237.9,241.8
DTIL,2020-02-21,242.4,246.9,236.1,240.3
DTIL,2020-02-24,237.0,249.9,221.7,247.2
DTIL,2020-02-25,250.8,250.8,235.5,240.3
DTIL,2020-02-26,241.5,262.02,238.509,241.8
DTIL,2020-02-27,237.0,243.6,227.1,229.8
DTIL,2020-02-28,226.5,241.5,222.0,240.3
DTIL,2020-03-02,246.0,247.02,227.4,237.6
DTIL,2020-03-03,237.0,245.1,229.5,240.0
DTIL,2020-03-04,242.1,247.5,233.4,243.3
DTIL,2020-03-05,247.5,261.9,240.603,248.4
DTIL,2020-03-06,242.4,254.43,234.9,240.6
DTIL,2020-03-09,231.6,237.6,213.3,215.7
DTIL,2020-03-10,243.6,243.9,210.0,227.1
DTIL,2020-03-11,227.1,235.2,188.673,194.7
DTIL,2020-03-12,178.5,182.7,157.2,162.6
DTIL,2020-03-13,175.2,186.0,160.68,185.4
DTIL,2020-03-16,168.0,195.0,150.0,151.5
DTIL,2020-03-17,155.4,180.0,149.7,174.6
DTIL,2020-03-18,163.8,178.5,152.1,161.7
DTIL,2020-03-19,159.3,185.4,157.5,171.6
DTIL,2020-03-20,176.7,184.269,157.5,159.0
DTIL,2020-03-23,159.9,173.055,159.0,169.8
DTIL,2020-03-24,180.3,184.5,165.6,178.8
DTIL,2020-03-25,180.0,182.4,167.7,174.6
DTIL,2020-03-26,174.3,189.0,173.4,181.2
DTIL,2020-03-27,176.7,194.4,171.45,185.7
DTIL,2020-03-30,191.7,194.4,177.0,185.4
DTIL,2020-03-31,182.7,189.45,175.5,180.9
DTIL,2020-04-01,176.1,177.75,156.6,158.1
DTIL,2020-04-02,157.5,168.0,153.603,166.2
DTIL,2020-04-03,159.3,159.3,138.0,139.8
DTIL,2020-04-06,144.9,179.7,143.385,170.1
DTIL,2020-04-07,176.4,180.0,162.0,167.7
DTIL,2020-04-08,170.4,180.3,165.51,174.0
DTIL,2020-04-09,177.0,192.6,174.36,189.0
DTIL,2020-04-13,190.5,199.2,183.0,194.1
DTIL,2020-04-14,200.7,219.6,197.4,219.3
DTIL,2020-04-15,219.0,227.7,196.8,198.3
DTIL,2020-04-16,201.3,206.7,190.2,192.9
DTIL,2020-04-17,203.1,221.7,191.1,216.6
DTIL,2020-04-20,220.5,239.7,216.6,221.4
DTIL,2020-04-21,217.5,227.4,208.5,214.2
DTIL,2020-04-22,217.2,221.7,207.0,219.0
DTIL,2020-04-23,216.9,226.5,209.1,213.0
DTIL,2020-04-24,214.8,238.5,212.079,238.5
DTIL,2020-04-27,240.0,242.07,220.5,222.9
DTIL,2020-04-28,227.1,230.1,217.8,221.1
DTIL,2020-04-29,230.4,246.15,220.8,236.1
DTIL,2020-04-30,230.4,232.2,204.0,206.4
DTIL,2020-05-01,203.4,205.98,191.4,194.4
DTIL,2020-05-04,195.0,206.7,186.3,204.0
DTIL,2020-05-05,205.8,222.0,205.5,212.4
DTIL,2020-05-06,213.3,219.6,199.8,204.9
DTIL,2020-05-07,207.0,219.768,205.8,217.8
DTIL,2020-05-08,219.9,234.6,217.8,225.6
DTIL,2020-05-11,223.5,234.0,219.42,229.5
DTIL,2020-05-12,232.8,237.0,211.8,211.8
DTIL,2020-05-13,213.3,220.35,195.0,198.6
DTIL,2020-05-14,192.0,222.6,191.1,216.3
DTIL,2020-05-15,218.1,237.0,206.4,233.7
DTIL,2020-05-18,240.0,243.0,216.3,219.0
DTIL,2020-05-19,220.8,231.0,213.0,224.7
DTIL,2020-05-20,226.5,232.2,218.1,231.6
DTIL,2020-05-21,231.9,235.2,222.003,231.9
DTIL,2020-05-22,229.8,236.19,214.8,220.5
DTIL,2020-05-26,229.5,240.3,219.6,229.2
DTIL,2020-05-27,231.6,233.697,207.0,210.6
DTIL,2020-05-28,211.5,228.0,208.2,211.8
DTIL,2020-05-29,211.5,215.7,207.6,210.3
DTIL,2020-06-01,208.8,226.32,202.8,214.2
DTIL,2020-06-02,214.2,235.197,211.05,231.3
DTIL,2020-06-03,233.7,239.4,221.7,224.1
DTIL,2020-06-04,222.0,234.9,211.2,214.5
DTIL,2020-06-05,220.2,225.597,210.0,213.9
DTIL,2020-06-08,218.7,259.5,217.5,246.3
DTIL,2020-06-09,245.7,265.2,237.3,257.4
DTIL,2020-06-10,259.2,264.45,248.1,249.3
DTIL,2020-06-11,237.9,241.8,221.7,224.7
DTIL,2020-06-12,230.1,238.8,216.3,224.4
DTIL,2020-06-15,220.5,243.882,217.95,238.5
DTIL,2020-06-16,243.0,253.5,232.5,244.8
DTIL,2020-06-17,245.7,256.2,243.846,247.8
DTIL,2020-06-18,243.3,254.4,243.15,243.9
DTIL,2020-06-19,246.6,257.7,243.0,253.2
DTIL,2020-06-22,256.5,260.1,246.6,254.1
DTIL,2020-06-23,258.6,265.8,250.2,261.0
DTIL,2020-06-24,257.4,293.7,255.6,260.7
DTIL,2020-06-25,259.5,267.0,246.0,252.6
DTIL,2020-06-26,250.8,250.8,228.3,236.4
DTIL,2020-06-29,238.5,249.6,231.615,235.5
DTIL,2020-06-30,236.1,252.3,234.3,249.9
DTIL,2020-07-01,249.0,258.0,245.1,251.7
DTIL,2020-07-02,254.7,255.9,243.504,252.6
DTIL,2020-07-06,252.6,255.0,239.4,246.6
DTIL,2020-07-07,245.1,261.9,240.9,248.4
DTIL,2020-07-08,246.0,255.0,246.0,248.7
DTIL,2020-07-09,247.8,254.1,242.43,246.9
DTIL,2020-07-10,244.8,252.3,239.4,242.4
DTIL,2020-07-13,246.0,248.7,228.3,228.45
DTIL,2020-07-14,228.0,234.6,219.6,233.4
DTIL,2020-07-15,238.5,251.1,236.4,249.45
DTIL,2020-07-16,250.5,255.0,242.1,247.5
DTIL,2020-07-17,248.1,255.0,245.1,246.75
DTIL,2020-07-20,249.6,268.8,247.5,261.9
DTIL,2020-07-21,266.4,266.4,252.3,254.4
DTIL,2020-07-22,253.5,256.5,245.7,248.1
DTIL,2020-07-23,248.1,259.2,234.0,235.5
DTIL,2020-07-24,232.8,234.0,221.7,222.3
DTIL,2020-07-27,234.0,237.3,228.3,235.8
DTIL,2020-07-28,232.8,235.2,221.55,224.7
DTIL,2020-07-29,229.2,229.5,213.3,216.0
DTIL,2020-07-30,213.0,215.697,198.9,210.3
DTIL,2020-07-31,210.9,213.0,189.3,190.8
DTIL,2020-08-03,192.0,199.2,185.4,197.1
DTIL,2020-08-04,198.9,203.85,195.0,202.5
DTIL,2020-08-05,205.5,207.6,200.85,203.7
DTIL,2020-08-06,202.8,212.295,202.5,207.9
DTIL,2020-08-07,206.7,213.6,201.6,207.6
DTIL,2020-08-10,210.3,213.3,204.6,205.5
DTIL,2020-08-11,206.1,214.5,200.4,202.2
DTIL,2020-08-12,204.3,204.3,195.6,200.1
DTIL,2020-08-13,195.0,199.5,185.1,189.0
DTIL,2020-08-14,186.9,187.65,177.3,184.8
DTIL,2020-08-17,184.2,192.24,180.0,187.2
DTIL,2020-08-18,187.5,187.5,179.397,181.2
DTIL,2020-08-19,192.9,194.4,173.7,183.3
DTIL,2020-08-20,183.3,185.4,176.4,179.4
DTIL,2020-08-21,178.2,178.35,171.3,174.9
DTIL,2020-08-24,177.3,180.6,169.5,171.9
DTIL,2020-08-25,170.1,175.2,166.497,172.2
DTIL,2020-08-26,172.2,174.6,167.1,167.4
DTIL,2020-08-27,166.5,169.5,160.5,165.0
DTIL,2020-08-28,165.3,169.8,163.5,168.0
DTIL,2020-08-31,168.0,172.797,163.2,169.2
DTIL,2020-09-01,167.4,169.5,161.7,162.6
DTIL,2020-09-02,163.8,170.7,161.1,163.8
DTIL,2020-09-03,162.6,164.7,148.2,148.2
DTIL,2020-09-04,148.8,150.0,133.65,139.5
DTIL,2020-09-08,138.9,165.3,136.5,159.9
DTIL,2020-09-09,164.7,172.2,160.23,162.3
DTIL,2020-09-10,162.3,172.2,160.251,161.4
DTIL,2020-09-11,162.6,166.8,155.4,157.2
DTIL,2020-09-14,159.6,172.8,159.6,169.8
DTIL,2020-09-15,171.9,179.19,167.1,178.5
DTIL,2020-09-16,178.5,180.75,174.6,177.75
DTIL,2020-09-17,174.6,180.15,172.8,178.5
DTIL,2020-09-18,178.5,181.2,175.2,178.5
DTIL,2020-09-21,174.0,178.5,160.65,177.6
DTIL,2020-09-22,178.2,181.062,159.3,163.5
DTIL,2020-09-23,165.0,171.9,156.75,156.75
DTIL,2020-09-24,171.9,191.1,162.6,177.0
DTIL,2020-09-25,186.3,187.5,175.5,183.9
DTIL,2020-09-28,190.2,198.0,179.697,194.4
DTIL,2020-09-29,197.4,199.5,181.8,191.1
DTIL,2020-09-30,194.7,208.296,184.167,184.8
DTIL,2020-10-01,189.0,195.0,177.6,186.3
DTIL,2020-10-02,180.6,189.3,177.0,179.4
DTIL,2020-10-05,183.3,190.8,180.3,190.2
DTIL,2020-10-06,190.5,201.3,187.8,197.7
DTIL,2020-10-07,199.2,214.2,195.0,210.0
DTIL,2020-10-08,212.4,212.4,196.5,207.6
DTIL,2020-10-09,207.9,212.1,198.0,208.2
DTIL,2020-10-12,210.0,210.6,199.2,210.3
DTIL,2020-10-13,207.3,210.6,204.3,209.4
DTIL,2020-10-14,207.9,213.3,190.5,195.6
DTIL,2020-10-15,196.8,200.4,185.7,198.9
DTIL,2020-10-16,200.1,207.312,189.9,204.6
DTIL,2020-10-19,207.3,207.6,196.2,197.4
DTIL,2020-10-20,198.6,204.93,186.9,190.8
DTIL,2020-10-21,188.7,197.4,186.3,195.0
DTIL,2020-10-22,194.1,207.6,192.9,205.5
DTIL,2020-10-23,206.7,210.0,201.6,209.4
DTIL,2020-10-26,199.5,213.0,191.1,194.7
DTIL,2020-10-27,194.7,195.9,189.003,193.5
DTIL,2020-10-28,188.1,198.0,183.3,195.6
DTIL,2020-10-29,194.1,204.9,189.3,201.0
DTIL,2020-10-30,199.2,201.0,186.9,189.3
DTIL,2020-11-02,193.5,195.0,181.2,184.5
DTIL,2020-11-03,186.3,194.7,185.1,193.5
DTIL,2020-11-04,192.9,205.8,192.3,201.0
DTIL,2020-11-05,203.7,210.6,197.727,210.3
DTIL,2020-11-06,210.0,213.6,199.8,201.15
DTIL,2020-11-09,209.1,225.0,207.603,218.1
DTIL,2020-11-10,218.1,257.4,215.4,251.1
DTIL,2020-11-11,251.1,263.7,239.4,253.8
DTIL,2020-11-12,255.0,277.5,252.3,265.8
DTIL,2020-11-13,269.4,303.0,268.131,288.9
DTIL,2020-11-16,297.0,300.0,279.6,286.2
DTIL,2020-11-17,282.3,293.91,279.0,290.1
DTIL,2020-11-18,289.8,300.0,282.3,284.25
DTIL,2020-11-19,283.5,295.8,283.5,290.4
DTIL,2020-11-20,331.5,343.458,307.2,321.6
DTIL,2020-11-23,326.4,360.0,309.3,355.8
DTIL,2020-11-24,363.3,365.97,342.0,352.2
DTIL,2020-11-25,348.9,358.5,341.1,345.3
DTIL,2020-11-27,344.4,360.585,343.827,357.9
DTIL,2020-11-30,360.3,374.4,352.986,374.1
DTIL,2020-12-01,381.0,381.6,344.4,344.7
DTIL,2020-12-02,339.6,356.1,337.2,348.3
DTIL,2020-12-03,342.9,347.4,277.503,306.9
DTIL,2020-12-04,292.5,299.4,232.5,249.15
DTIL,2020-12-07,254.7,257.4,220.5,226.8
DTIL,2020-12-08,225.0,230.7,217.8,227.1
DTIL,2020-12-09,226.5,229.5,209.1,212.7
DTIL,2020-12-10,212.7,231.9,210.3,222.0
DTIL,2020-12-11,222.3,238.5,218.1,231.0
DTIL,2020-12-14,230.4,245.7,226.056,240.9
DTIL,2020-12-15,242.4,245.7,233.091,240.15
DTIL,2020-12-16,240.0,254.7,234.9,253.8
DTIL,2020-12-17,253.8,262.8,252.0,256.8
DTIL,2020-12-18,259.5,264.0,241.5,244.2
DTIL,2020-12-21,240.0,270.6,232.8,269.1
DTIL,2020-12-22,276.6,303.0,268.5,300.3
DTIL,2020-12-23,300.0,309.0,286.5,301.5
DTIL,2020-12-24,303.3,307.5,277.5,280.5
DTIL,2020-12-28,285.3,286.344,264.9,266.1
DTIL,2020-12-29,269.1,271.5,243.9,254.4
DTIL,2020-12-30,259.875,266.7,253.5,261.9
DTIL,2020-12-31,261.0,264.0,249.3,250.2
DTIL,2021-01-04,252.0,270.6,241.206,263.1
DTIL,2021-01-05,265.2,267.3,257.1,257.1
DTIL,2021-01-06,258.6,275.4,258.39,264.9
DTIL,2021-01-07,270.0,289.2,265.8,288.6
DTIL,2021-01-08,292.5,296.1,271.5,285.9
DTIL,2021-01-11,288.9,300.0,282.0,288.9
DTIL,2021-01-12,290.1,301.497,285.0,297.3
DTIL,2021-01-13,294.0,309.6,292.2,294.0
DTIL,2021-01-14,297.0,319.05,294.0,311.7
DTIL,2021-01-15,315.0,349.341,312.0,339.0
DTIL,2021-01-19,372.6,441.9,366.0,439.2
DTIL,2021-01-20,417.15,452.7,409.5,439.2
DTIL,2021-01-21,494.7,498.0,402.9,407.4
DTIL,2021-01-22,409.2,410.886,385.5,398.7
DTIL,2021-01-25,420.6,420.9,374.1,398.7
DTIL,2021-01-26,403.8,415.5,369.9,372.0
DTIL,2021-01-27,363.3,383.4,342.3,358.8
DTIL,2021-01-28,358.8,371.1,349.5,362.1
DTIL,2021-01-29,365.4,396.3,351.0,363.6
DTIL,2021-02-01,366.9,379.8,347.403,378.6
DTIL,2021-02-02,375.0,416.4,370.2,411.3
DTIL,2021-02-03,411.3,424.5,397.5,413.7
DTIL,2021-02-04,418.5,445.5,411.3,429.0
DTIL,2021-02-05,437.1,453.9,424.2,449.4
DTIL,2021-02-08,456.3,479.4,446.4,473.7
DTIL,2021-02-09,473.1,473.1,436.8,438.6
DTIL,2021-02-10,441.3,450.0,405.3,406.5
DTIL,2021-02-11,413.7,418.5,382.2,394.05
DTIL,2021-02-12,391.2,408.0,379.5,391.2
DTIL,2021-02-16,400.2,401.1,364.5,376.2
DTIL,2021-02-17,369.9,378.6,356.1,372.6
DTIL,2021-02-18,371.1,372.6,338.1,339.9
DTIL,2021-02-19,343.8,375.6,343.2,367.5
DTIL,2021-02-22,361.5,371.7,336.3,338.7
DTIL,2021-02-23,332.4,334.5,304.8,323.1
DTIL,2021-02-24,333.0,356.7,321.9,345.3
DTIL,2021-02-25,351.3,365.4,331.206,333.9
DTIL,2021-02-26,336.372,361.2,330.3,358.8
DTIL,2021-03-01,374.4,390.6,363.0,386.1
DTIL,2021-03-02,383.7,396.0,365.1,369.0
DTIL,2021-03-03,367.2,369.9,335.7,340.8
DTIL,2021-03-04,339.3,345.6,316.8,330.6
DTIL,2021-03-05,331.5,346.5,294.0,345.0
DTIL,2021-03-08,339.3,348.3,315.15,320.4
DTIL,2021-03-09,323.7,356.7,323.7,347.4
DTIL,2021-03-10,354.9,356.7,335.4,339.3
DTIL,2021-03-11,349.5,356.1,331.5,353.7
DTIL,2021-03-12,347.1,348.0,330.9,343.2
DTIL,2021-03-15,342.9,363.3,335.7,357.3
DTIL,2021-03-16,354.705,361.35,324.6,336.3
DTIL,2021-03-17,328.8,354.9,326.4,346.2
DTIL,2021-03-18,333.6,348.3,315.6,319.8
DTIL,2021-03-19,322.5,339.3,315.6,332.7
DTIL,2021-03-22,334.5,349.5,327.6,336.0
DTIL,2021-03-23,335.1,335.1,304.5,306.75
DTIL,2021-03-24,307.5,312.3,279.6,280.5
DTIL,2021-03-25,278.7,307.8,273.0,306.0
DTIL,2021-03-26,306.0,307.8,289.5,299.1
DTIL,2021-03-29,293.4,296.4,280.5,283.5
DTIL,2021-03-30,282.072,299.1,273.903,291.6
DTIL,2021-03-31,292.5,312.6,292.5,310.5
DTIL,2021-04-01,314.1,326.7,306.339,309.9
DTIL,2021-04-05,318.3,319.5,306.9,314.7
DTIL,2021-04-06,311.7,318.3,275.133,276.9
DTIL,2021-04-07,274.8,279.9,267.0,267.6
DTIL,2021-04-08,269.7,273.9,258.63,267.3
DTIL,2021-04-09,267.3,269.754,255.3,258.0
DTIL,2021-04-12,262.8,262.8,247.2,250.8
DTIL,2021-04-13,253.5,261.9,252.0,257.1
DTIL,2021-04-14,256.8,273.9,256.8,261.3
DTIL,2021-04-15,264.6,276.6,258.3,268.2
DTIL,2021-04-16,273.3,273.3,252.6,263.1
DTIL,2021-04-19,261.6,265.95,243.0,243.9
DTIL,2021-04-20,242.7,256.5,238.944,255.3
DTIL,2021-04-21,253.2,272.7,247.5,272.4
DTIL,2021-04-22,273.6,282.0,263.568,273.6
DTIL,2021-04-23,276.0,285.6,270.708,276.9
DTIL,2021-04-26,279.0,297.9,275.1,296.4
DTIL,2021-04-27,297.6,307.5,286.8,294.3
DTIL,2021-04-28,291.0,303.369,288.0,297.3
DTIL,2021-04-29,300.0,301.062,282.6,287.1
DTIL,2021-04-30,282.9,293.1,276.3,278.7
DTIL,2021-05-03,283.5,286.5,275.1,276.0
DTIL,2021-05-04,274.8,274.8,259.8,269.7
DTIL,2021-05-05,270.9,271.8,250.5,254.7
DTIL,2021-05-06,252.9,254.4,240.0,252.6
DTIL,2021-05-07,254.4,269.4,252.0,257.55
DTIL,2021-05-10,255.3,261.0,237.6,242.1
DTIL,2021-05-11,235.5,276.0,231.6,269.7
DTIL,2021-05-12,261.9,282.3,261.0,267.9
DTIL,2021-05-13,267.0,285.0,264.9,278.1
DTIL,2021-05-14,277.8,286.8,258.0,285.0
DTIL,2021-05-17,281.1,289.5,272.388,281.7
DTIL,2021-05-18,285.3,297.3,280.5,285.0
DTIL,2021-05-19,279.6,285.9,273.6,281.1
DTIL,2021-05-20,291.0,318.9,289.5,306.9
DTIL,2021-05-21,310.8,327.9,305.1,309.9
DTIL,2021-05-24,315.0,320.1,300.9,312.0
DTIL,2021-05-25,318.0,326.4,304.8,305.4
DTIL,2021-05-26,310.8,327.9,309.3,324.6
DTIL,2021-05-27,327.3,333.3,315.6,332.1
DTIL,2021-05-28,334.5,338.064,314.4,315.9
DTIL,2021-06-01,317.1,326.7,306.3,324.3
DTIL,2021-06-02,327.0,340.2,322.2,339.0
DTIL,2021-06-03,331.5,340.8,325.8,334.2
DTIL,2021-06-04,334.2,338.4,319.5,330.0
DTIL,2021-06-07,330.0,347.4,322.2,340.2
DTIL,2021-06-08,346.2,381.0,342.3,352.2
DTIL,2021-06-09,354.3,364.554,339.3,346.2
DTIL,2021-06-10,350.7,360.6,342.33,352.5
DTIL,2021-06-11,340.8,353.4,339.3,346.2
DTIL,2021-06-14,346.2,352.2,342.6,348.3
DTIL,2021-06-15,348.0,348.0,325.8,329.4
DTIL,2021-06-16,324.3,329.7,304.8,317.7
DTIL,2021-06-17,312.9,326.1,307.2,320.1
DTIL,2021-06-18,316.5,331.8,312.3,315.6
DTIL,2021-06-21,318.9,328.2,315.0,325.5
DTIL,2021-06-22,324.9,326.4,311.1,319.2
DTIL,2021-06-23,321.6,329.4,316.2,321.0
DTIL,2021-06-24,327.0,344.4,327.0,338.4
DTIL,2021-06-25,342.0,344.1,334.5,341.7
DTIL,2021-06-28,382.5,383.4,356.403,364.2
DTIL,2021-06-29,364.2,378.702,360.0,361.5
DTIL,2021-06-30,360.3,379.65,337.8,375.6
DTIL,2021-07-01,379.5,386.1,360.45,379.8
DTIL,2021-07-02,382.8,382.8,369.3,370.8
DTIL,2021-07-06,373.5,375.0,348.0,348.6
DTIL,2021-07-07,348.6,351.9,336.3,345.9
DTIL,2021-07-08,332.4,350.43,330.414,342.9
DTIL,2021-07-09,345.3,345.9,337.8,344.1
DTIL,2021-07-12,341.1,350.1,334.5,343.8
DTIL,2021-07-13,344.1,345.15,325.5,326.1
DTIL,2021-07-14,327.6,333.0,318.9,319.5
DTIL,2021-07-15,318.0,326.7,311.7,320.1
DTIL,2021-07-16,324.0,325.2,314.4,316.8
DTIL,2021-07-19,309.6,319.35,302.7,315.0
DTIL,2021-07-20,322.2,324.3,312.0,323.1
DTIL,2021-07-21,322.8,326.4,317.4,322.2
DTIL,2021-07-22,321.0,326.4,314.4,315.6
DTIL,2021-07-23,322.8,322.8,304.5,307.5
DTIL,2021-07-26,308.1,312.15,300.3,302.7
DTIL,2021-07-27,300.6,302.415,290.4,295.5
DTIL,2021-07-28,296.1,305.1,291.0,303.9
DTIL,2021-07-29,305.1,308.7,297.6,298.2
DTIL,2021-07-30,295.5,301.2,290.607,295.8
DTIL,2021-08-02,297.0,301.251,292.5,297.9
DTIL,2021-08-03,297.6,297.6,288.6,294.0
DTIL,2021-08-04,292.5,303.3,291.6,299.4
DTIL,2021-08-05,297.0,316.8,294.876,316.5
DTIL,2021-08-06,316.8,317.397,306.9,310.8
DTIL,2021-08-09,310.5,315.3,307.2,311.4
DTIL,2021-08-10,312.9,312.9,301.95,309.3
DTIL,2021-08-11,309.3,319.2,307.2,315.9
DTIL,2021-08-12,324.9,357.0,323.4,352.5
DTIL,2021-08-13,348.3,348.3,302.1,305.7
DTIL,2021-08-16,300.0,307.797,283.35,285.0
DTIL,2021-08-17,282.0,284.7,269.7,281.4
DTIL,2021-08-18,278.1,296.4,276.6,282.0
DTIL,2021-08-19,285.15,286.8,274.2,275.4
DTIL,2021-08-20,274.8,288.0,272.1,282.3
DTIL,2021-08-23,286.5,303.6,282.3,302.4
DTIL,2021-08-24,303.0,308.1,297.3,304.8
DTIL,2021-08-25,306.0,320.061,301.8,316.2
DTIL,2021-08-26,313.8,332.1,313.8,326.1
DTIL,2021-08-27,325.5,355.5,325.5,347.1
DTIL,2021-08-30,350.4,365.1,349.2,352.8
DTIL,2021-08-31,355.5,379.8,352.5,377.1
DTIL,2021-09-01,379.5,431.4,376.8,410.7
DTIL,2021-09-02,411.9,430.785,407.133,424.5
DTIL,2021-09-03,422.25,422.475,402.0,404.7
DTIL,2021-09-07,404.1,414.0,394.2,399.3
DTIL,2021-09-08,401.4,402.15,377.4,378.9
DTIL,2021-09-09,381.9,406.2,379.2,386.1
DTIL,2021-09-10,391.8,397.5,381.6,381.9
DTIL,2021-09-13,382.8,392.7,369.6,381.0
DTIL,2021-09-14,382.5,382.65,361.35,363.0
DTIL,2021-09-15,363.9,374.1,361.8,373.2
DTIL,2021-09-16,369.0,378.0,363.3,377.4
DTIL,2021-09-17,381.3,394.2,372.6,385.8
DTIL,2021-09-20,374.4,384.3,367.05,372.0
DTIL,2021-09-21,372.6,380.7,366.0,374.7
DTIL,2021-09-22,377.4,387.6,374.028,382.8
DTIL,2021-09-23,389.1,404.661,385.2,403.8
DTIL,2021-09-24,396.0,396.0,375.9,378.9
DTIL,2021-09-27,379.8,386.1,370.5,377.4
DTIL,2021-09-28,375.0,375.0,351.0,353.1
DTIL,2021-09-29,357.0,360.9,346.2,347.7
DTIL,2021-09-30,351.3,354.6,344.4,346.2
DTIL,2021-10-01,346.5,351.9,334.716,349.8
DTIL,2021-10-04,348.3,348.3,327.45,328.5
DTIL,2021-10-05,331.5,339.0,322.8,335.7
DTIL,2021-10-06,327.9,332.25,315.9,330.3
DTIL,2021-10-07,336.0,342.3,327.0,335.7
DTIL,2021-10-08,334.5,334.5,300.3,305.7
DTIL,2021-10-11,302.1,310.2,300.3,302.4
DTIL,2021-10-12,305.7,313.2,302.4,304.2
DTIL,2021-10-13,307.2,330.558,298.5,298.8
DTIL,2021-10-14,302.7,309.0,297.9,300.0
DTIL,2021-10-15,308.1,308.7,291.0,293.7
DTIL,2021-10-18,290.7,300.9,287.4,293.1
DTIL,2021-10-19,295.2,304.5,293.4,297.9
DTIL,2021-10-20,295.8,296.7,285.9,287.4
DTIL,2021-10-21,288.0,293.121,286.8,289.2
DTIL,2021-10-22,287.7,291.0,276.6,289.5
DTIL,2021-10-25,288.0,294.6,285.0,289.5
DTIL,2021-10-26,294.0,297.0,287.7,291.0
DTIL,2021-10-27,288.9,295.5,282.3,283.8
DTIL,2021-10-28,284.7,287.4,277.5,286.5
DTIL,2021-10-29,286.8,290.7,282.9,284.7
DTIL,2021-11-01,286.8,295.8,282.0,292.8
DTIL,2021-11-02,294.3,297.0,290.1,296.7
DTIL,2021-11-03,296.4,301.8,291.0,299.4
DTIL,2021-11-04,300.0,303.849,288.6,295.8
DTIL,2021-11-05,299.7,300.6,287.4,292.2
DTIL,2021-11-08,294.0,297.15,286.2,289.8
DTIL,2021-11-09,291.0,293.1,278.4,282.3
DTIL,2021-11-10,290.7,310.2,285.0,306.9
DTIL,2021-11-11,314.1,326.4,306.15,307.5
DTIL,2021-11-12,308.1,309.0,285.0,295.5
DTIL,2021-11-15,297.3,297.3,283.8,284.4
DTIL,2021-11-16,284.1,291.6,276.6,291.0
DTIL,2021-11-17,289.5,294.9,280.5,292.5
DTIL,2021-11-18,295.5,297.9,270.3,273.9
DTIL,2021-11-19,272.4,288.0,271.5,280.5
DTIL,2021-11-22,279.873,283.95,267.9,275.4
DTIL,2021-11-23,273.0,286.5,270.6,284.7
DTIL,2021-11-24,283.8,289.2,276.75,285.9
DTIL,2021-11-26,280.8,284.7,262.2,266.7
DTIL,2021-11-29,272.4,273.3,260.1,261.3
DTIL,2021-11-30,259.2,275.7,256.8,271.8
DTIL,2021-12-01,277.5,279.75,258.0,258.6
DTIL,2021-12-02,257.4,262.8,249.3,261.6
DTIL,2021-12-03,262.8,262.8,243.0,245.7
DTIL,2021-12-06,245.1,249.9,236.34,247.8
DTIL,2021-12-07,253.2,271.8,253.2,266.1
DTIL,2021-12-08,268.2,278.7,261.6,273.3
DTIL,2021-12-09,261.93,282.3,261.93,266.7
DTIL,2021-12-10,268.65,273.15,255.6,257.4
DTIL,2021-12-13,260.1,264.3,240.6,246.9
DTIL,2021-12-14,243.3,251.1,238.5,245.4
DTIL,2021-12-15,246.3,258.12,237.3,257.4
DTIL,2021-12-16,259.8,261.0,243.9,244.5
DTIL,2021-12-17,243.0,256.5,237.0,253.8
DTIL,2021-12-20,247.8,250.8,240.3,245.4
DTIL,2021-12-21,249.6,250.35,239.4,243.3
DTIL,2021-12-22,243.3,248.1,237.9,243.9
DTIL,2021-12-23,243.0,255.9,242.1,254.1
DTIL,2021-12-27,253.2,258.6,235.8,240.6
DTIL,2021-12-28,238.5,249.9,236.4,237.3
DTIL,2021-12-29,236.7,242.1,227.7,232.8
DTIL,2021-12-30,231.9,241.5,226.2,227.55
DTIL,2021-12-31,225.6,232.5,219.0,222.0
DTIL,2022-01-03,223.5,232.8,220.2,232.8
DTIL,2022-01-04,231.6,235.5,216.0,217.8
DTIL,2022-01-05,215.7,219.0,195.9,196.8
DTIL,2022-01-06,201.9,203.1,187.8,197.7
DTIL,2022-01-07,196.5,205.5,192.6,196.8
DTIL,2022-01-10,195.0,195.3,188.4,193.5
DTIL,2022-01-11,192.3,201.0,188.4,194.7
DTIL,2022-01-12,195.3,197.7,184.2,184.8
DTIL,2022-01-13,186.033,188.7,173.1,174.6
DTIL,2022-01-14,174.0,179.4,168.6,178.2
DTIL,2022-01-18,175.5,175.5,156.6,157.2
DTIL,2022-01-19,162.3,163.5,152.118,153.0
DTIL,2022-01-20,154.8,161.7,148.5,149.1
DTIL,2022-01-21,146.4,147.3,135.6,137.7
DTIL,2022-01-24,136.5,143.4,127.05,142.8
DTIL,2022-01-25,138.0,144.9,135.9,140.4
DTIL,2022-01-26,143.7,147.3,133.5,135.6
DTIL,2022-01-27,138.0,139.5,126.6,127.5
DTIL,2022-01-28,126.9,130.5,121.8,130.5
DTIL,2022-01-31,130.2,143.1,130.2,143.1
DTIL,2022-02-01,143.4,150.6,139.2,147.6
DTIL,2022-02-02,147.0,147.6,135.9,136.8
DTIL,2022-02-03,131.1,137.1,129.9,130.8
DTIL,2022-02-04,130.5,139.2,129.9,135.9
DTIL,2022-02-07,138.3,147.3,137.1,144.6
DTIL,2022-02-08,147.0,147.0,140.1,145.8
DTIL,2022-02-09,147.6,152.1,146.7,150.0
DTIL,2022-02-10,149.7,155.997,141.9,144.9
DTIL,2022-02-11,144.6,149.4,138.0,138.6
DTIL,2022-02-14,139.8,140.4,133.5,135.0
DTIL,2022-02-15,138.9,147.0,136.8,145.5
DTIL,2022-02-16,143.1,144.9,138.6,144.6
DTIL,2022-02-17,141.0,144.3,133.5,135.0
DTIL,2022-02-18,138.3,138.3,130.5,132.0
DTIL,2022-02-22,129.6,132.75,126.3,128.1
DTIL,2022-02-23,129.0,129.3,120.6,120.9
DTIL,2022-02-24,117.3,131.4,115.8,130.8
DTIL,2022-02-25,135.0,135.0,124.8,128.4
DTIL,2022-02-28,126.3,131.4,124.5,127.5
DTIL,2022-03-01,126.6,138.3,126.6,130.8
DTIL,2022-03-02,129.3,134.1,127.5,130.8
DTIL,2022-03-03,132.3,132.6,120.6,122.4
DTIL,2022-03-04,123.6,124.8,113.1,114.0
DTIL,2022-03-07,114.0,116.4,109.5,112.5
DTIL,2022-03-08,111.9,118.8,108.0,113.1
DTIL,2022-03-09,117.6,128.1,117.6,125.4
DTIL,2022-03-10,123.3,126.3,118.2,122.4
DTIL,2022-03-11,124.2,126.15,117.3,117.3
DTIL,2022-03-14,117.0,117.9,105.3,106.2
DTIL,2022-03-15,112.2,114.0,86.1,88.8
DTIL,2022-03-16,91.2,91.2,77.1,90.9
DTIL,2022-03-17,87.3,101.4,86.7,101.4
DTIL,2022-03-18,99.9,107.1,97.8,100.5
DTIL,2022-03-21,100.5,101.4,90.63,91.5
DTIL,2022-03-22,93.0,109.2,93.0,100.2
DTIL,2022-03-23,96.3,102.9,95.1,96.3
DTIL,2022-03-24,97.8,99.75,95.7,99.3
DTIL,2022-03-25,99.0,99.0,93.3,93.9
DTIL,2022-03-28,93.6,96.3,90.3,92.4
DTIL,2022-03-29,93.9,100.5,93.45,99.3
DTIL,2022-03-30,98.4,99.855,93.6,94.5
DTIL,2022-03-31,94.5,96.45,91.5,92.4
DTIL,2022-04-01,94.5,103.2,92.4,99.0
DTIL,2022-04-04,99.9,100.8,96.9,100.2
DTIL,2022-04-05,99.0,101.7,93.3,95.4
DTIL,2022-04-06,96.6,96.6,88.8,90.0
DTIL,2022-04-07,89.1,92.7,88.182,90.3
DTIL,2022-04-08,90.0,91.2,84.3,86.1
DTIL,2022-04-11,84.9,86.7,82.5,85.5
DTIL,2022-04-12,87.3,88.5,82.5,82.8
DTIL,2022-04-13,82.8,85.2,81.9,84.3
DTIL,2022-04-14,84.6,84.9,78.9,80.1
DTIL,2022-04-18,79.5,79.5,71.1,71.4
DTIL,2022-04-19,71.7,77.85,70.5,77.1
DTIL,2022-04-20,77.4,77.4,71.7,73.8
DTIL,2022-04-21,75.0,76.8,68.4,69.0
DTIL,2022-04-22,68.4,71.1,67.8,68.7
DTIL,2022-04-25,67.8,71.25,66.3,70.8
DTIL,2022-04-26,69.0,70.2,63.3,63.3
DTIL,2022-04-27,63.6,65.052,61.5,62.7
DTIL,2022-04-28,63.3,63.9,59.1,62.7
DTIL,2022-04-29,61.5,65.7,59.4,59.7
DTIL,2022-05-02,59.4,64.5,59.4,63.6
DTIL,2022-05-03,63.0,64.8,61.65,63.9
DTIL,2022-05-04,63.765,66.75,60.0,66.3
DTIL,2022-05-05,64.8,66.6,57.3,57.9
DTIL,2022-05-06,58.8,60.3,55.5,58.2
DTIL,2022-05-09,57.3,57.9,51.9,52.5
DTIL,2022-05-10,54.0,60.555,54.0,55.8
DTIL,2022-05-11,55.5,55.65,49.2,49.5
DTIL,2022-05-12,48.9,51.0,44.7,45.6
DTIL,2022-05-13,47.4,50.4,47.4,47.7
DTIL,2022-05-16,48.0,54.9,46.5,53.1
DTIL,2022-05-17,54.6,58.8,54.6,56.7
DTIL,2022-05-18,54.6,58.5,52.8,53.4
DTIL,2022-05-19,52.5,54.33,50.4,51.9
DTIL,2022-05-20,52.5,54.0,47.1,51.3
DTIL,2022-05-23,51.9,54.3,49.2,50.4
DTIL,2022-05-24,50.1,50.1,46.65,47.1
DTIL,2022-05-25,46.5,48.9,45.9,46.8
DTIL,2022-05-26,46.5,47.7,46.2,46.5
DTIL,2022-05-27,47.4,49.35,45.0,48.9
DTIL,2022-05-31,49.2,54.45,48.9,50.4
DTIL,2022-06-01,50.4,51.3,45.0,45.3
DTIL,2022-06-02,45.9,47.1,44.55,45.9
DTIL,2022-06-03,45.9,54.45,45.9,53.7
DTIL,2022-06-06,54.9,56.4,52.2,53.1
DTIL,2022-06-07,52.2,63.3,52.2,62.7
DTIL,2022-06-08,64.8,66.3,54.3,54.6
DTIL,2022-06-09,52.8,53.1,43.2,43.5
DTIL,2022-06-10,46.5,46.5,38.1,40.5
DTIL,2022-06-13,39.0,39.0,34.8,36.3
DTIL,2022-06-14,36.0,38.4,35.55,36.3
DTIL,2022-06-15,36.9,38.1,35.1,36.3
DTIL,2022-06-16,34.8,36.0,33.3,34.5
DTIL,2022-06-17,34.8,39.9,34.8,37.8
DTIL,2022-06-21,39.0,42.66,38.7,41.7
DTIL,2022-06-22,45.6,50.1,41.1,44.7
DTIL,2022-06-23,44.7,46.2,41.4,43.8
DTIL,2022-06-24,44.7,47.7,43.05,43.5
DTIL,2022-06-27,44.4,54.0,43.5,53.1
DTIL,2022-06-28,53.4,55.5,45.9,47.1
DTIL,2022-06-29,48.0,48.6,44.7,46.8
DTIL,2022-06-30,45.3,49.35,44.7,48.0
DTIL,2022-07-01,47.4,48.6,45.0,45.9
DTIL,2022-07-05,46.8,48.9,45.3,48.3
DTIL,2022-07-06,48.3,49.8,45.3,45.9
DTIL,2022-07-07,46.5,48.597,45.45,47.1
DTIL,2022-07-08,46.5,52.8,46.2,52.2
DTIL,2022-07-11,52.2,52.2,46.8,47.4
DTIL,2022-07-12,48.6,48.6,44.7,45.3
DTIL,2022-07-13,44.1,48.75,43.5,45.9
DTIL,2022-07-14,45.0,46.197,43.95,45.0
DTIL,2022-07-15,45.3,45.6,42.3,42.6
DTIL,2022-07-18,43.5,46.5,42.9,44.4
DTIL,2022-07-19,44.7,46.2,42.6,46.2
DTIL,2022-07-20,46.2,51.6,45.63,50.4
DTIL,2022-07-21,50.1,52.95,49.5,52.5
DTIL,2022-07-22,52.8,52.8,47.1,47.7
DTIL,2022-07-25,48.3,49.8,47.1,48.0
DTIL,2022-07-26,46.8,47.253,44.85,45.0
DTIL,2022-07-27,45.0,46.8,44.85,46.5
DTIL,2022-07-28,46.2,46.65,44.7,45.6
DTIL,2022-07-29,45.0,45.9,43.35,44.1
DTIL,2022-08-01,44.1,44.1,42.6,42.9
DTIL,2022-08-02,42.3,46.5,42.3,45.6
DTIL,2022-08-03,45.3,51.0,45.3,50.1
DTIL,2022-08-04,50.4,51.0,47.7,50.4
DTIL,2022-08-05,49.5,52.8,48.279,52.2
DTIL,2022-08-08,53.1,53.1,46.5,48.3
DTIL,2022-08-09,48.0,48.0,44.4,45.9
DTIL,2022-08-10,46.5,49.8,45.6,49.5
DTIL,2022-08-11,49.5,51.9,48.6,48.9
DTIL,2022-08-12,49.2,60.9,48.9,60.3
DTIL,2022-08-15,59.4,63.75,57.6,61.8
DTIL,2022-08-16,60.9,60.9,56.1,59.7
DTIL,2022-08-17,58.5,61.5,57.3,58.5
DTIL,2022-08-18,58.8,59.4,56.7,57.9
DTIL,2022-08-19,56.7,56.76,51.6,52.2
DTIL,2022-08-22,51.6,52.5,47.4,49.2
DTIL,2022-08-23,48.6,50.7,48.0,49.2
DTIL,2022-08-24,49.2,51.9,48.6,51.0
DTIL,2022-08-25,51.3,51.9,50.1,51.0
DTIL,2022-08-26,51.0,51.0,47.427,48.0
DTIL,2022-08-29,47.4,48.9,46.2,48.3
DTIL,2022-08-30,49.2,49.8,46.5,47.7
DTIL,2022-08-31,48.3,49.35,46.8,48.3
DTIL,2022-09-01,47.7,47.7,45.6,47.4
DTIL,2022-09-02,47.7,51.45,46.2,47.1
DTIL,2022-09-06,47.4,48.45,45.15,45.9
DTIL,2022-09-07,45.0,47.85,44.4,47.4
DTIL,2022-09-08,45.9,50.25,45.9,49.8
DTIL,2022-09-09,49.5,51.75,48.6,49.5
DTIL,2022-09-12,49.5,52.2,48.6,51.3
DTIL,2022-09-13,48.9,50.1,48.3,49.2
DTIL,2022-09-14,48.9,50.7,47.4,49.2
DTIL,2022-09-15,48.6,52.2,48.3,49.5
DTIL,2022-09-16,49.2,49.2,44.7,45.6
DTIL,2022-09-19,45.0,46.5,43.5,45.0
DTIL,2022-09-20,45.0,45.45,42.0,42.0
DTIL,2022-09-21,42.3,42.9,40.2,40.8
DTIL,2022-09-22,40.5,40.8,36.9,38.1
DTIL,2022-09-23,38.1,38.1,35.4,36.6
DTIL,2022-09-26,36.9,38.1,35.1,36.6
DTIL,2022-09-27,38.1,40.2,36.6,37.8
DTIL,2022-09-28,38.1,41.4,38.1,40.8
DTIL,2022-09-29,39.6,40.5,38.7,39.3
DTIL,2022-09-30,39.6,42.3,39.0,39.0
DTIL,2022-10-03,40.8,43.281,39.6,42.0
DTIL,2022-10-04,42.6,45.6,42.0,45.0
DTIL,2022-10-05,43.5,44.7,42.672,43.5
DTIL,2022-10-06,43.8,45.3,42.0,44.4
DTIL,2022-10-07,43.5,43.5,41.1,42.0
DTIL,2022-10-10,41.4,42.0,39.618,39.9
DTIL,2022-10-11,40.2,42.15,38.55,41.7
DTIL,2022-10-12,41.4,42.3,38.7,40.2
DTIL,2022-10-13,39.0,42.0,37.8,41.1
DTIL,2022-10-14,41.1,42.0,39.3,39.9
DTIL,2022-10-17,40.5,42.0,38.7,41.7
DTIL,2022-10-18,41.7,43.806,41.4,42.3
DTIL,2022-10-19,42.0,43.2,38.4,39.6
DTIL,2022-10-20,39.9,41.4,39.6,40.5
DTIL,2022-10-21,40.2,42.75,38.7,42.0
DTIL,2022-10-24,42.3,43.476,39.3,41.4
DTIL,2022-10-25,42.0,43.2,41.7,42.9
DTIL,2022-10-26,42.9,44.7,41.1,42.0
DTIL,2022-10-27,42.0,42.3,40.65,41.7
DTIL,2022-10-28,41.4,43.5,40.65,42.6
DTIL,2022-10-31,42.0,42.75,41.1,42.0
DTIL,2022-11-01,42.3,44.367,42.15,42.3
DTIL,2022-11-02,42.6,43.5,40.8,41.7
DTIL,2022-11-03,40.5,42.0,39.9,42.0
DTIL,2022-11-04,42.3,42.6,38.4,39.0
DTIL,2022-11-07,38.7,38.946,37.2,37.2
DTIL,2022-11-08,36.9,39.3,36.9,38.1
DTIL,2022-11-09,38.4,42.0,37.95,39.6
DTIL,2022-11-10,41.4,43.2,40.8,41.4
DTIL,2022-11-11,41.1,45.0,41.1,44.1
DTIL,2022-11-14,44.4,46.5,43.2,43.8
DTIL,2022-11-15,43.8,46.8,43.8,44.7
DTIL,2022-11-16,44.7,51.0,43.5,47.4
DTIL,2022-11-17,45.9,48.0,45.6,47.1
DTIL,2022-11-18,47.1,47.1,45.6,46.2
DTIL,2022-11-21,46.2,46.2,43.5,44.4
DTIL,2022-11-22,43.8,45.0,42.6,44.4
DTIL,2022-11-23,44.1,44.7,42.0,42.3
DTIL,2022-11-25,42.0,43.797,41.7,42.0
DTIL,2022-11-28,41.7,42.9,40.5,40.5
DTIL,2022-11-29,42.0,42.0,39.0,39.0
DTIL,2022-11-30,39.6,41.4,39.0,41.1
DTIL,2022-12-01,40.8,41.55,39.9,39.9
DTIL,2022-12-02,39.3,40.5,38.4,40.2
DTIL,2022-12-05,40.2,40.2,36.9,37.2
DTIL,2022-12-06,37.2,37.5,34.8,36.0
DTIL,2022-12-07,35.7,36.0,34.5,35.4
DTIL,2022-12-08,36.0,36.0,33.0,34.8
DTIL,2022-12-09,34.8,37.5,34.5,35.7
DTIL,2022-12-12,35.7,36.9,34.8,35.4
DTIL,2022-12-13,37.2,37.2,35.1,36.0
DTIL,2022-12-14,36.0,37.2,35.1,36.9
DTIL,2022-12-15,36.0,36.6,35.4,36.0
DTIL,2022-12-16,35.7,36.45,34.8,35.4
DTIL,2022-12-19,35.7,35.7,33.9,34.8
DTIL,2022-12-20,34.2,35.1,32.4,32.4
DTIL,2022-12-21,32.4,33.6,30.9,31.8
DTIL,2022-12-22,31.5,32.1,30.0,30.0
DTIL,2022-12-23,30.3,30.9,29.4,30.3
DTIL,2022-12-27,30.6,30.9,28.8,29.793
DTIL,2022-12-28,29.79,31.2,28.5,29.097
DTIL,2022-12-29,29.1,31.2,28.65,30.3
DTIL,2022-12-30,30.0,35.7,30.0,35.7
DTIL,2023-01-03,36.6,38.7,34.2,35.1
DTIL,2023-01-04,36.0,41.4,34.545,40.8
DTIL,2023-01-05,40.8,42.0,39.0,40.5
DTIL,2023-01-06,41.4,43.2,38.4,40.8
DTIL,2023-01-09,41.1,41.7,37.2,37.5
DTIL,2023-01-10,37.5,39.15,36.9,38.4
DTIL,2023-01-11,39.0,40.8,38.25,39.0
DTIL,2023-01-12,39.0,42.3,38.1,41.7
DTIL,2023-01-13,41.1,43.5,40.35,41.1
DTIL,2023-01-17,41.1,42.6,40.8,42.3
DTIL,2023-01-18,42.3,43.14,39.0,39.0
DTIL,2023-01-19,38.7,39.0,36.3,36.6
DTIL,2023-01-20,37.5,37.5,36.3,36.3
DTIL,2023-01-23,36.3,37.8,36.15,36.3
DTIL,2023-01-24,36.3,37.5,35.7,36.9
DTIL,2023-01-25,36.6,36.9,35.25,35.7
DTIL,2023-01-26,36.0,36.0,34.5,34.8
DTIL,2023-01-27,34.5,36.0,34.5,35.1
DTIL,2023-01-30,35.1,35.4,33.9,34.2
DTIL,2023-01-31,33.9,35.7,33.9,34.8
DTIL,2023-02-01,35.4,36.297,34.5,35.1
DTIL,2023-02-02,36.3,37.2,35.4,36.3
DTIL,2023-02-03,38.4,39.0,36.6,36.6
DTIL,2023-02-06,37.2,37.8,35.703,36.3
DTIL,2023-02-07,36.0,37.05,35.1,35.4
DTIL,2023-02-08,34.8,36.18,33.9,33.9
DTIL,2023-02-09,33.9,35.4,33.6,33.9
DTIL,2023-02-10,33.9,34.2,32.4,33.3
DTIL,2023-02-13,33.6,34.5,32.4,34.5
DTIL,2023-02-14,34.2,35.85,33.9,34.5
DTIL,2023-02-15,34.2,38.679,33.9,37.5
DTIL,2023-02-16,36.9,37.8,35.25,36.3
DTIL,2023-02-17,35.7,37.2,35.7,36.6
DTIL,2023-02-21,36.0,36.3,34.5,34.8
DTIL,2023-02-22,35.7,35.7,33.0,33.6
DTIL,2023-02-23,33.3,35.4,31.8,34.2
DTIL,2023-02-24,33.9,33.9,33.0,33.0
DTIL,2023-02-27,33.0,33.573,31.8,33.0
DTIL,2023-02-28,32.7,34.47,32.7,33.6
DTIL,2023-03-01,33.3,34.5,33.3,33.6
DTIL,2023-03-02,33.6,35.4,33.0,34.2
DTIL,2023-03-03,33.9,36.15,33.654,35.1
DTIL,2023-03-06,34.5,34.8,31.8,32.1
DTIL,2023-03-07,32.4,34.05,31.8,33.0
DTIL,2023-03-08,33.0,34.5,32.4,34.5
DTIL,2023-03-09,34.8,35.7,30.3,30.6
DTIL,2023-03-10,30.6,31.5,27.033,27.3
DTIL,2023-03-13,28.326,29.82,27.303,27.885
DTIL,2023-03-14,27.885,28.659,25.932,26.67
DTIL,2023-03-15,26.328,26.982,25.8,26.982
DTIL,2023-03-16,26.166,28.164,25.8,26.652
DTIL,2023-03-17,26.346,26.82,25.26,26.1
DTIL,2023-03-20,26.1,26.283,24.03,24.9
DTIL,2023-03-21,25.5,25.8,24.03,25.5
DTIL,2023-03-22,25.2,25.944,23.421,23.715
DTIL,2023-03-23,23.7,24.744,21.45,22.191
DTIL,2023-03-24,22.113,22.647,20.754,21.0
DTIL,2023-03-27,21.789,22.2,20.46,22.197
DTIL,2023-03-28,22.5,24.744,22.5,23.019
DTIL,2023-03-29,24.3,24.3,22.2,22.74
DTIL,2023-03-30,22.8,23.4,21.0,21.06
DTIL,2023-03-31,21.54,23.04,21.015,22.608
DTIL,2023-04-03,22.8,23.988,22.5144,23.235
DTIL,2023-04-04,23.406,23.7,22.266,23.07
DTIL,2023-04-05,22.5,23.067,22.2,22.554
DTIL,2023-04-06,23.013,23.751,22.5,23.694
DTIL,2023-04-10,23.7,23.7,22.8,22.956
DTIL,2023-04-11,23.4,24.6,22.8,24.129
DTIL,2023-04-12,24.0,24.9,23.4,23.55
DTIL,2023-04-13,24.6,27.3,24.294,26.139
DTIL,2023-04-14,26.7,27.3,25.2,25.353
DTIL,2023-04-17,25.5,25.8,24.75,24.75
DTIL,2023-04-18,25.2,28.425,24.96,27.246
DTIL,2023-04-19,26.955,28.44,25.899,27.141
DTIL,2023-04-20,27.03,27.6,26.55,27.3
DTIL,2023-04-21,27.0,27.9,26.7,27.3
DTIL,2023-04-24,27.3,27.9,26.4,26.46
DTIL,2023-04-25,26.4,27.138,25.5,26.442
DTIL,2023-04-26,26.07,26.997,23.853,24.336
DTIL,2023-04-27,24.525,24.6,22.809,24.6
DTIL,2023-04-28,24.042,25.5,24.042,25.2
DTIL,2023-05-01,24.993,26.115,24.9,25.575
DTIL,2023-05-02,25.62,26.4,24.369,24.6
DTIL,2023-05-03,24.6,25.5,24.369,24.6
DTIL,2023-05-04,25.278,26.1,23.793,24.747
DTIL,2023-05-05,24.645,25.8,24.645,25.5
DTIL,2023-05-08,25.5,26.19,24.948,25.5
DTIL,2023-05-09,24.75,26.1,24.75,25.5
DTIL,2023-05-10,25.5,26.397,24.24,24.9
DTIL,2023-05-11,23.211,24.9,22.5,22.5
DTIL,2023-05-12,22.878,23.697,21.9,22.38
DTIL,2023-05-15,23.1,23.4,22.44,22.725
DTIL,2023-05-16,23.1,23.624,22.2,22.47
DTIL,2023-05-17,22.2,23.487,21.3,22.32
DTIL,2023-05-18,22.5,22.584,21.6,21.903
DTIL,2023-05-19,23.409,25.35,22.821,23.307
DTIL,2023-05-22,23.4,23.868,22.5,23.508
DTIL,2023-05-23,23.811,26.733,23.811,25.875
DTIL,2023-05-24,27.0,27.018,24.33,24.459
DTIL,2023-05-25,24.609,25.497,21.9,21.972
DTIL,2023-05-26,22.794,23.04,21.9,22.173
DTIL,2023-05-30,22.8,25.575,22.23,25.2
DTIL,2023-05-31,25.5,27.0,22.2,22.2
DTIL,2023-06-01,23.7,24.0,22.056,23.01
DTIL,2023-06-02,23.4,23.697,22.47,22.5
DTIL,2023-06-05,23.697,24.99,22.2,24.3
DTIL,2023-06-06,24.378,24.9,23.46,24.45
DTIL,2023-06-07,24.6,25.2,22.5,23.37
DTIL,2023-06-08,23.127,23.964,21.768,22.695
DTIL,2023-06-09,22.281,22.794,21.768,21.96
DTIL,2023-06-12,21.9,22.59,21.57,22.14
DTIL,2023-06-13,22.5,22.5,21.033,21.3
DTIL,2023-06-14,21.144,22.2,19.65,19.797
DTIL,2023-06-15,19.938,20.61,19.371,20.373
DTIL,2023-06-16,20.553,21.18,18.3,19.8
DTIL,2023-06-20,20.061,20.1,19.257,19.5
DTIL,2023-06-21,18.6,18.9,17.7,17.7
DTIL,2023-06-22,18.0,18.3,17.1,17.427
DTIL,2023-06-23,17.814,18.159,17.262,17.262
DTIL,2023-06-26,17.964,18.015,16.983,17.097
DTIL,2023-06-27,17.1,17.391,15.9,16.35
DTIL,2023-06-28,16.05,16.2,15.39,15.774
DTIL,2023-06-29,15.45,16.2,15.36,15.6
DTIL,2023-06-30,15.6,16.161,15.33,15.78
DTIL,2023-07-03,16.053,16.8,15.903,16.2
DTIL,2023-07-05,16.95,16.95,15.609,15.609
DTIL,2023-07-06,16.2,16.629,15.615,16.143
DTIL,2023-07-07,16.143,17.577,15.858,17.577
DTIL,2023-07-10,17.64,19.863,17.34,19.2
DTIL,2023-07-11,19.8,19.8,18.018,18.018
DTIL,2023-07-12,18.3,21.9,18.3,20.124
DTIL,2023-07-13,20.13,21.6,20.13,20.808
DTIL,2023-07-14,21.6,21.675,19.8,20.4
DTIL,2023-07-17,20.685,21.3,19.953,19.953
DTIL,2023-07-18,20.097,20.532,19.08,19.65
DTIL,2023-07-19,19.44,20.7,19.296,19.833
DTIL,2023-07-20,20.265,20.64,18.75,19.02
DTIL,2023-07-21,19.203,19.896,18.069,19.23
DTIL,2023-07-24,20.1,20.25,17.448,17.871
DTIL,2023-07-25,18.0,18.441,16.548,17.397
DTIL,2023-07-26,17.13,17.907,16.95,17.55
DTIL,2023-07-27,17.7,18.285,16.92,16.98
DTIL,2023-07-28,18.0,18.027,16.038,16.863
DTIL,2023-07-31,17.4,17.643,17.1,17.34
DTIL,2023-08-01,17.7,18.153,17.1,17.388
DTIL,2023-08-02,17.109,17.838,16.125,16.47
DTIL,2023-08-03,16.122,16.8,16.011,16.179
DTIL,2023-08-04,17.22,17.397,16.2,16.8
DTIL,2023-08-07,17.1,17.346,15.915,15.915
DTIL,2023-08-08,15.975,16.56,15.6,15.81
DTIL,2023-08-09,15.72,16.377,15.6,16.194
DTIL,2023-08-10,16.092,16.5,15.876,16.2
DTIL,2023-08-11,16.011,16.425,15.636,16.05
DTIL,2023-08-14,15.897,16.239,15.6,15.927
DTIL,2023-08-15,16.053,16.494,15.9,15.912
DTIL,2023-08-16,17.646,18.27,14.1,15.75
DTIL,2023-08-17,15.3,15.3,12.42,13.8
DTIL,2023-08-18,13.494,15.147,13.2,14.4
DTIL,2023-08-21,14.697,14.697,13.497,13.5
DTIL,2023-08-22,13.86,14.7,13.278,13.65
DTIL,2023-08-23,13.65,16.194,13.65,15.3
DTIL,2023-08-24,15.3,15.735,14.97,15.0
DTIL,2023-08-25,15.0,15.723,14.16,15.3
DTIL,2023-08-28,15.327,16.2,15.3,16.05
DTIL,2023-08-29,16.269,16.764,15.597,16.11
DTIL,2023-08-30,16.11,16.35,14.55,14.748
DTIL,2023-08-31,14.73,15.246,13.5,13.875
DTIL,2023-09-01,13.8,14.85,13.8,14.61
DTIL,2023-09-05,14.244,14.7,14.04,14.1
DTIL,2023-09-06,13.95,14.07,12.918,13.194
DTIL,2023-09-07,13.005,13.203,12.174,12.303
DTIL,2023-09-08,12.789,12.9,12.03,12.45
DTIL,2023-09-11,12.249,13.35,12.249,12.9
DTIL,2023-09-12,12.792,13.806,12.648,13.194
DTIL,2023-09-13,12.726,13.4667,12.726,12.894
DTIL,2023-09-14,12.87,13.464,12.42,12.594
DTIL,2023-09-15,12.9,13.164,12.165,12.3
DTIL,2023-09-18,13.2,13.497,12.3,12.309
DTIL,2023-09-19,12.3,12.885,12.3,12.729
DTIL,2023-09-20,12.447,13.41,12.447,12.9
DTIL,2023-09-21,12.9,12.9,11.58,11.79
DTIL,2023-09-22,12.0,12.2339,11.4,11.412
DTIL,2023-09-25,11.4,11.559,10.5,11.064
DTIL,2023-09-26,10.845,11.4,10.8427,11.319
DTIL,2023-09-27,11.4,11.772,11.1,11.1
DTIL,2023-09-28,11.1,11.1,10.524,10.683
DTIL,2023-09-29,10.563,11.082,10.23,10.239
DTIL,2023-10-02,10.785,10.785,9.75,9.972
DTIL,2023-10-03,9.75,10.047,8.73,9.66
DTIL,2023-10-04,9.315,9.75,9.315,9.681
DTIL,2023-10-05,9.6,9.744,9.36,9.432
DTIL,2023-10-06,9.45,9.744,9.45,9.657
DTIL,2023-10-09,9.603,9.693,9.315,9.36
DTIL,2023-10-10,9.3,10.344,9.195,9.195
DTIL,2023-10-11,9.03,10.08,9.0,9.684
DTIL,2023-10-12,9.303,9.61689,8.415,9.273
DTIL,2023-10-13,9.0,9.18,8.73,9.003
DTIL,2023-10-16,9.15,9.36,9.006,9.009
DTIL,2023-10-17,9.168,9.36,9.003,9.213
DTIL,2023-10-18,9.159,9.3,8.823,9.249
DTIL,2023-10-19,9.0,9.297,9.0,9.09
DTIL,2023-10-20,9.12,9.297,8.73,8.907
DTIL,2023-10-23,9.237,9.237,8.523,8.916
DTIL,2023-10-24,9.0,9.156,8.571,8.664
DTIL,2023-10-25,9.0,9.0,8.4,8.577
DTIL,2023-10-26,8.7,8.985,8.43,8.715
DTIL,2023-10-27,8.97,8.97,8.25,8.607
DTIL,2023-10-30,8.889,9.6,8.553,9.285
DTIL,2023-10-31,9.72,10.05,9.153,9.234
DTIL,2023-11-01,9.885,12.0,9.603,11.97
DTIL,2023-11-02,12.099,12.45,10.527,12.0
DTIL,2023-11-03,12.3,12.768,11.79,12.768
DTIL,2023-11-06,13.05,13.185,11.763,11.997
DTIL,2023-11-07,12.153,13.197,11.7,11.7
DTIL,2023-11-08,12.0,12.0,11.46,11.793
DTIL,2023-11-09,12.15,12.3,11.655,11.82
DTIL,2023-11-10,11.7,12.0,11.109,11.364
DTIL,2023-11-13,11.586,11.586,10.224,10.29
DTIL,2023-11-14,10.233,10.533,9.501,10.395
DTIL,2023-11-15,10.716,11.22,10.398,11.22
DTIL,2023-11-16,11.55,12.15,10.809,11.466
DTIL,2023-11-17,11.646,13.098,11.646,13.098
DTIL,2023-11-20,13.398,14.085,13.2,13.44
DTIL,2023-11-21,12.9,13.71,12.39,12.591
DTIL,2023-11-22,12.87,13.26,12.3,12.714
DTIL,2023-11-24,12.9,13.2,11.559,12.42
DTIL,2023-11-27,11.667,12.3,11.484,11.49
DTIL,2023-11-28,12.0,12.3,11.508,12.24
DTIL,2023-11-29,12.3,12.471,10.8,11.1
DTIL,2023-11-30,11.4,11.85,10.65,10.653
DTIL,2023-12-01,10.8,11.103,10.5,10.95
DTIL,2023-12-04,11.367,11.805,10.827,11.586
DTIL,2023-12-05,11.625,12.723,11.274,12.138
DTIL,2023-12-06,12.3,12.6,11.847,12.315
DTIL,2023-12-07,12.3,12.567,11.19,12.15
DTIL,2023-12-08,12.135,12.294,11.808,12.081
DTIL,2023-12-11,12.0,12.0,11.4,11.67
DTIL,2023-12-12,11.7,12.0,11.409,11.55
DTIL,2023-12-13,11.589,12.15,11.25,11.859
DTIL,2023-12-14,12.093,12.72,12.0,12.288
DTIL,2023-12-15,12.3,12.45,11.604,11.955
DTIL,2023-12-18,11.742,11.997,10.566,10.566
DTIL,2023-12-19,10.5,11.22,10.5,10.83
DTIL,2023-12-20,11.064,11.19,10.56,10.803
DTIL,2023-12-21,10.65,10.908,10.497,10.617
DTIL,2023-12-22,10.8,11.445,10.62,11.106
DTIL,2023-12-26,11.097,11.37,10.938,10.986
DTIL,2023-12-27,11.529,11.529,10.668,10.833
DTIL,2023-12-28,10.875,11.364,10.83,11.097
DTIL,2023-12-29,10.971,11.394,10.881,10.95
DTIL,2024-01-02,10.806,11.64,10.8,11.1
DTIL,2024-01-03,11.259,11.673,11.229,11.673
DTIL,2024-01-04,11.7,11.97,11.4,11.7
DTIL,2024-01-05,11.277,11.5245,11.1015,11.166
DTIL,2024-01-08,11.175,12.336,11.175,11.94
DTIL,2024-01-09,13.134,15.0015,12.75,13.146
DTIL,2024-01-10,13.5,13.59,12.63,12.825
DTIL,2024-01-11,13.17,13.2,11.973,12.81
DTIL,2024-01-12,12.747,12.951,12.36,12.903
DTIL,2024-01-16,13.017,13.02,12.0,12.15
DTIL,2024-01-17,12.0,12.3,11.25,11.7
DTIL,2024-01-18,11.43,11.91,11.1,11.307
DTIL,2024-01-19,11.781,11.781,10.815,11.43
DTIL,2024-01-22,10.998,11.22,10.59,11.157
DTIL,2024-01-23,10.845,11.34,10.593,10.95
DTIL,2024-01-24,11.223,11.334,10.5,10.8
DTIL,2024-01-25,10.857,11.01,10.503,10.893
DTIL,2024-01-26,10.95,11.04,10.65,10.848
DTIL,2024-01-29,10.8,11.577,10.8,11.55
DTIL,2024-01-30,11.469,11.562,11.115,11.4
DTIL,2024-01-31,11.511,11.547,11.232,11.295
DTIL,2024-02-01,11.1,11.514,11.1,11.4
DTIL,2024-02-02,11.4,11.4,11.1,11.106
DTIL,2024-02-05,11.7,11.7,10.8,11.427
DTIL,2024-02-06,11.37,12.24,11.37,11.895
DTIL,2024-02-07,12.06,12.3,11.952,12.0
DTIL,2024-02-08,11.964,12.36,11.643,11.994
DTIL,2024-02-09,11.25,11.628,11.097,11.52
DTIL,2024-02-12,11.7,12.111,11.253,11.253
DTIL,2024-02-13,11.37,11.37,10.92,11.172
DTIL,2024-02-14,11.16,12.164,10.94,11.99
DTIL,2024-02-15,12.0,12.15,11.54,11.6
DTIL,2024-02-16,11.95,12.04,11.6,11.85
DTIL,2024-02-20,12.0,13.25,11.79,12.95
DTIL,2024-02-21,12.78,12.96,12.2005,12.36
DTIL,2024-02-22,12.46,12.8399,12.1,12.17
DTIL,2024-02-23,12.12,13.429,12.0,13.29
DTIL,2024-02-26,13.35,16.41,13.35,16.0
DTIL,2024-02-27,16.26,16.525,15.69,16.04
DTIL,2024-02-28,15.87,18.85,15.63,18.56
DTIL,2024-02-29,18.88,19.4299,18.01,18.5
DTIL,2024-03-01,14.6,14.7799,11.6,12.72
DTIL,2024-03-04,12.82,12.94,12.21,12.5
DTIL,2024-03-05,12.4,12.75,12.14,12.21
DTIL,2024-03-06,12.4,12.84,12.21,12.5
DTIL,2024-03-07,12.58,12.78,12.3,12.57
DTIL,2024-03-08,12.55,12.7,11.81,12.01
DTIL,2024-03-11,12.13,12.21,11.6218,11.68
DTIL,2024-03-12,11.81,12.1,11.4,12.01
DTIL,2024-03-13,11.92,12.06,11.56,11.57
DTIL,2024-03-14,11.59,11.61,10.89,10.91
DTIL,2024-03-15,11.08,11.79,10.94,11.27
DTIL,2024-03-18,11.5,11.87,11.01,11.73
DTIL,2024-03-19,11.7,12.25,11.51,12.0
DTIL,2024-03-20,12.0,12.4,11.79,12.23
DTIL,2024-03-21,12.3,12.58,11.935,11.96
DTIL,2024-03-22,11.91,11.92,11.503,11.62
DTIL,2024-03-25,11.63,11.88,11.5158,11.8
DTIL,2024-03-26,12.14,13.44,12.01,12.75
DTIL,2024-03-27,12.8,13.34,11.59,12.98
DTIL,2024-03-28,13.24,13.7999,13.04,13.56
DTIL,2024-04-01,14.0,15.566,14.0,15.37
DTIL,2024-04-02,15.38,15.3832,13.6901,14.2
DTIL,2024-04-03,14.2,15.97,14.2,15.44
DTIL,2024-04-04,15.08,15.3268,13.89,14.34
DTIL,2024-04-05,14.28,14.9299,14.0001,14.27
DTIL,2024-04-08,14.21,14.5903,13.05,13.53
DTIL,2024-04-09,13.38,13.91,13.2001,13.84
DTIL,2024-04-10,13.62,14.11,13.4339,14.11
DTIL,2024-04-11,14.19,14.66,13.64,14.45
DTIL,2024-04-12,14.44,14.6081,14.0,14.12
DTIL,2024-04-15,14.39,14.39,12.582,13.06
DTIL,2024-04-16,13.02,13.1999,12.59,12.87
DTIL,2024-04-17,11.79,12.0,11.16,11.51
DTIL,2024-04-18,11.41,11.66,10.7,10.72
DTIL,2024-04-19,10.51,10.84,9.5224,9.74
DTIL,2024-04-22,9.78,9.85,9.1501,9.68
DTIL,2024-04-23,9.67,10.36,9.52,10.23
DTIL,2024-04-24,10.19,10.35,9.785,9.82
DTIL,2024-04-25,9.66,10.1016,9.65,9.72
DTIL,2024-04-26,9.65,10.0,9.38,9.38
DTIL,2024-04-29,9.36,9.92,9.31,9.84
DTIL,2024-04-30,10.0,10.6,9.85,10.41
DTIL,2024-05-01,10.6,10.725,10.13,10.48
DTIL,2024-05-02,10.65,10.96,10.11,10.84
DTIL,2024-05-03,10.99,11.62,10.36,10.52
DTIL,2024-05-06,10.5,10.7,10.4443,10.66
DTIL,2024-05-07,10.75,10.75,10.125,10.57
DTIL,2024-05-08,11.05,11.3606,10.4739,11.27
DTIL,2024-05-09,11.17,11.2853,10.56,10.93
DTIL,2024-05-10,10.9,11.0,10.23,10.64
DTIL,2024-05-13,12.05,12.05,11.1,11.5
DTIL,2024-05-14,12.0,12.0,11.02,11.62
DTIL,2024-05-15,11.92,12.51,11.91,12.09
DTIL,2024-05-16,12.12,12.21,11.75,11.98
DTIL,2024-05-17,12.08,12.67,11.96,12.4
DTIL,2024-05-20,12.79,13.115,12.55,12.84
DTIL,2024-05-21,12.85,13.0629,12.6776,13.05
DTIL,2024-05-22,13.23,13.23,12.646,13.08
DTIL,2024-05-23,13.18,13.436,12.83,13.0
DTIL,2024-05-24,12.97,13.207,12.4016,12.74
DTIL,2024-05-28,12.94,12.98,12.27,12.65
DTIL,2024-05-29,12.43,12.5,11.7999,12.27
DTIL,2024-05-30,12.15,13.2109,11.69,12.82
DTIL,2024-05-31,12.82,13.32,12.8,12.9
DTIL,2024-06-03,12.88,13.23,12.85,13.1
DTIL,2024-06-04,13.11,13.2675,13.0,13.23
DTIL,2024-06-05,13.25,13.25,13.01,13.01
DTIL,2024-06-06,12.94,13.1,12.3,12.54
DTIL,2024-06-07,12.25,12.53,11.6557,12.2
DTIL,2024-06-10,11.9229,12.54,11.66,11.98
DTIL,2024-06-11,12.19,12.2,11.9,12.0
DTIL,2024-06-12,12.11,12.11,11.63,11.75
DTIL,2024-06-13,11.71,11.81,11.25,11.25
DTIL,2024-06-14,11.23,11.49,10.85,11.12
DTIL,2024-06-17,10.94,11.1737,10.7,10.89
DTIL,2024-06-18,10.76,10.895,10.1,10.1
DTIL,2024-06-20,10.1,10.3794,9.54,9.77
DTIL,2024-06-21,9.87,10.0749,9.35,9.4
DTIL,2024-06-24,9.35,9.97,9.2,9.48
DTIL,2024-06-25,9.44,9.675,9.3301,9.57
DTIL,2024-06-26,9.59,9.84,9.53,9.7196
DTIL,2024-06-27,9.6,9.79,9.1709,9.42
DTIL,2024-06-28,9.4401,9.8,9.18,9.8
DTIL,2024-07-01,9.75,9.98,9.6001,9.89
DTIL,2024-07-02,9.91,9.91,9.41,9.41
DTIL,2024-07-03,9.4,9.6,9.22,9.28
DTIL,2024-07-05,9.26,9.3678,9.1,9.14
DTIL,2024-07-08,9.16,9.4199,9.14,9.3
DTIL,2024-07-09,9.2,9.25,9.11,9.25
DTIL,2024-07-10,9.15,9.77,9.15,9.74
DTIL,2024-07-11,9.78,9.8,9.3369,9.78
DTIL,2024-07-12,9.65,10.13,9.51,10.02
DTIL,2024-07-15,10.3,10.38,10.15,10.215
DTIL,2024-07-16,10.38,10.49,10.03,10.24
DTIL,2024-07-17,10.2,10.41,9.81,10.3
DTIL,2024-07-18,10.42,10.42,9.77,9.93
DTIL,2024-07-19,10.0,10.05,9.591,9.88
DTIL,2024-07-22,9.9412,9.9934,9.5401,9.96
DTIL,2024-07-23,9.96,10.25,9.84,9.95
DTIL,2024-07-24,9.95,9.95,9.7301,9.95
DTIL,2024-07-25,9.87,10.38,9.87,10.17
DTIL,2024-07-26,10.09,10.43,10.04,10.04
DTIL,2024-07-29,10.03,10.2338,9.6801,10.0
DTIL,2024-07-30,9.84,9.9334,9.32,9.5
DTIL,2024-07-31,9.56,9.6,9.438,9.51
DTIL,2024-08-01,10.24,10.39,9.474,9.474
DTIL,2024-08-02,9.63,9.64,9.05,9.13
DTIL,2024-08-05,8.9,9.04,8.45,8.91
DTIL,2024-08-06,8.78,8.96,8.56,8.77
DTIL,2024-08-07,8.84,8.93,8.4,8.59
DTIL,2024-08-08,8.8,8.8,8.4,8.8
DTIL,2024-08-09,8.65,8.7781,8.4044,8.58
DTIL,2024-08-12,8.67,8.84,8.65,8.84
DTIL,2024-08-13,8.805,9.2,8.805,8.95
DTIL,2024-08-14,9.0,9.0,8.8,8.96
DTIL,2024-08-15,8.96,9.1199,8.46,8.61
DTIL,2024-08-16,8.775,8.87,8.65,8.83
DTIL,2024-08-19,8.78,8.95,8.5303,8.95
DTIL,2024-08-20,8.86,8.98,8.6216,8.85
DTIL,2024-08-21,8.8,9.96,8.8,9.83
DTIL,2024-08-22,9.89,9.9999,9.71,9.72
DTIL,2024-08-23,9.645,9.8499,9.4101,9.69
DTIL,2024-08-26,10.09,10.1,9.7,9.74
DTIL,2024-08-27,9.94,9.94,9.512,9.71
DTIL,2024-08-28,9.75,9.83,9.57,9.72
DTIL,2024-08-29,9.75,10.77,9.72,10.55
DTIL,2024-08-30,10.83,11.0765,10.485,10.87
DTIL,2024-09-03,10.56,10.56,10.28,10.56
DTIL,2024-09-04,10.35,10.35,9.69,9.91
DTIL,2024-09-05,10.0,10.4,9.7,9.72
DTIL,2024-09-06,9.96,9.96,9.58,9.96
DTIL,2024-09-09,9.82,10.36,9.79,10.256
DTIL,2024-09-10,10.2,10.45,9.88,10.25
DTIL,2024-09-11,10.29,10.56,10.13,10.5
DTIL,2024-09-12,10.59,10.71,10.14,10.37
DTIL,2024-09-13,10.42,10.68,10.2301,10.3
DTIL,2024-09-16,10.51,10.64,10.27,10.33
DTIL,2024-09-17,10.44,10.48,10.1201,10.22
DTIL,2024-09-18,10.24,10.355,9.6,9.6
DTIL,2024-09-19,9.7,9.9,9.35,9.47
DTIL,2024-09-20,9.53,9.8,9.04,9.61
DTIL,2024-09-23,9.37,9.565,8.96,9.38
DTIL,2024-09-24,9.38,9.74,9.0,9.27
DTIL,2024-09-25,9.2,9.5384,8.9635,9.13
DTIL,2024-09-26,8.96,9.5,8.96,9.1
DTIL,2024-09-27,9.21,9.29,8.9301,9.05
DTIL,2024-09-30,8.96,9.29,8.8,8.96
DTIL,2024-10-01,8.92,9.21,8.78,9.02
DTIL,2024-10-02,9.1,9.37,8.825,9.15
DTIL,2024-10-03,9.06,9.78,9.0102,9.63
DTIL,2024-10-04,9.63,9.705,9.2162,9.4
DTIL,2024-10-07,9.47,9.5476,9.08,9.16
DTIL,2024-10-08,9.16,9.39,9.13,9.15
DTIL,2024-10-09,9.09,9.27,9.0,9.02
DTIL,2024-10-10,9.02,9.12,8.7,9.01
DTIL,2024-10-11,8.82,9.24635,8.82,8.92
DTIL,2024-10-14,8.95,9.13,8.8,8.89
DTIL,2024-10-15,8.9679,9.1,8.75,8.84
DTIL,2024-10-16,8.88,9.13,8.835,9.01
DTIL,2024-10-17,9.03,9.1783,8.88,8.96
DTIL,2024-10-18,8.9,9.09,8.81,8.94
DTIL,2024-10-21,9.01,9.2,8.66,8.82
DTIL,2024-10-22,8.8024,9.05,8.6329,8.78
DTIL,2024-10-23,8.65,8.81,8.48,8.55
DTIL,2024-10-24,8.52,8.9999,8.41,8.48
DTIL,2024-10-25,8.48,8.5801,8.2101,8.37
DTIL,2024-10-28,8.33,8.4724,8.29,8.33
DTIL,2024-10-29,8.25,8.349,8.16,8.16
DTIL,2024-10-30,8.19,8.2692,8.01,8.11
DTIL,2024-10-31,8.05,8.5887,7.97,8.56
DTIL,2024-11-01,8.6,9.14,8.6,9.02
DTIL,2024-11-04,8.49,8.9545,8.02,8.28
DTIL,2024-11-05,8.16,8.58,8.16,8.46
DTIL,2024-11-06,8.445,8.445,8.32,8.445
DTIL,2024-11-07,8.4,8.575,8.345,8.42
DTIL,2024-11-08,8.35,8.43,8.25,8.38
DTIL,2024-11-11,8.38,8.6227,8.282,8.39
DTIL,2024-11-12,8.35,8.39,8.2,8.39
DTIL,2024-11-13,8.5,8.5,8.06,8.08
DTIL,2024-11-14,8.05,8.17,7.67,7.7
DTIL,2024-11-15,7.7,7.722,7.48,7.62
DTIL,2024-11-18,7.62,7.77,7.2305,7.26
DTIL,2024-11-19,7.22,7.33,7.07,7.16
DTIL,2024-11-20,7.31,7.55,7.0842,7.18
DTIL,2024-11-21,7.03,7.09,6.41,6.5
DTIL,2024-11-22,6.57,7.46,6.57,7.26
DTIL,2024-11-25,7.27,7.65,7.12,7.24
DTIL,2024-11-26,7.22,7.3,6.86,6.86
DTIL,2024-11-27,6.86,7.17,6.75,7.11
DTIL,2024-11-29,7.11,7.38,7.11,7.29
DTIL,2024-12-02,7.2,7.3,6.8345,6.87
DTIL,2024-12-03,6.8335,6.8335,6.18,6.21
DTIL,2024-12-04,6.18,6.46,6.06,6.18
DTIL,2024-12-05,6.08,6.311,6.02,6.08
DTIL,2024-12-06,6.04,6.055,5.7906,5.86
DTIL,2024-12-09,5.78,6.09,5.78,5.95
DTIL,2025-01-27,5.03,5.19,4.91,5.03
DTIL,2025-01-28,5.07,5.12,4.83,5.04
DTIL,2025-01-29,5.06,5.1,4.85,4.91
DTIL,2025-01-30,4.94,5.2794,4.91,5.21
DTIL,2025-01-31,5.2,5.41,5.01,5.01
DTIL,2025-02-03,4.92,5.0,4.67,4.67
DTIL,2025-02-04,4.71,5.1386,4.71,5.01
DTIL,2025-02-05,4.98,5.225,4.86,4.94
DTIL,2025-02-06,4.88,5.0854,4.8,4.88
DTIL,2025-02-07,4.85,4.98,4.647,4.7
DTIL,2025-02-10,4.71,4.93,4.6,4.79
DTIL,2025-02-11,4.82,4.98,4.7,4.89
DTIL,2025-02-12,4.9,5.12,4.83,5.07
DTIL,2025-02-13,5.15,5.15,4.93,5.06
DTIL,2025-02-14,5.01,5.405,5.01,5.27
DTIL,2025-02-18,5.41,5.462,5.06,5.15
DTIL,2025-02-19,5.345,5.85,5.32,5.65
DTIL,2025-02-20,5.7,5.99,5.451,5.89
DTIL,2025-02-21,5.95,6.1,5.74,5.93
DTIL,2025-02-24,5.98,5.98,5.375,5.69
DTIL,2025-02-25,5.63,5.63,5.25,5.47
DTIL,2025-02-26,5.46,5.5392,5.3279,5.51
DTIL,2025-02-27,5.5346,5.5346,5.41,5.49
DTIL,2025-02-28,5.32,5.5,5.0901,5.39
DTIL,2025-03-03,5.43,5.43,5.0,5.0
DTIL,2025-03-04,5.0,5.08,4.6901,5.08
DTIL,2025-03-05,5.15,5.305,5.1179,5.24
DTIL,2025-03-06,5.13,5.33,5.07,5.27
DTIL,2025-03-07,5.21,5.2407,5.0,5.16
DTIL,2025-03-10,5.2,5.281,5.0,5.1
DTIL,2025-03-11,5.1,5.1,4.9,5.01
DTIL,2025-03-12,5.01,5.23,5.01,5.025
DTIL,2025-03-13,5.1,5.17,5.0101,5.05
DTIL,2025-03-14,5.1,5.225,4.97,5.04
DTIL,2025-03-17,5.05,5.05,4.95,5.05
DTIL,2025-03-18,4.97,5.0,4.85,4.98
DTIL,2025-03-19,4.95,5.065,4.8506,5.01
DTIL,2025-03-20,5.06,5.4,5.0207,5.36
DTIL,2025-03-21,5.46,5.46,5.1,5.45
DTIL,2025-03-24,5.5,5.7199,5.5,5.64
DTIL,2025-03-25,5.5,5.51,5.09,5.09
DTIL,2025-03-26,5.07,5.08,4.3,4.53
DTIL,2025-03-27,4.54,4.54,4.53,4.54
DTIL,2025-03-28,4.75,4.75,4.55,4.7
DTIL,2025-03-31,4.65,4.86,4.25,4.73
DTIL,2025-04-01,4.68,4.99,4.4,4.49
DTIL,2025-04-02,4.42,4.83,4.42,4.69
DTIL,2025-04-03,4.595,4.79,4.595,4.72
DTIL,2025-04-04,4.64,4.7,4.53,4.61
DTIL,2025-04-07,4.4,4.41,4.29,4.4
DTIL,2025-04-08,4.615,4.72,4.5595,4.62
DTIL,2025-04-09,4.5679,4.7383,4.425,4.54
DTIL,2025-04-10,4.5,4.635,4.1,4.23
DTIL,2025-04-11,4.23,4.4884,4.23,4.4
DTIL,2025-04-14,4.45,4.535,4.41,4.46
DTIL,2025-04-15,5.25,5.73,4.785,5.52
DTIL,2025-04-16,5.505,5.505,5.0,5.01
DTIL,2025-04-17,5.06,5.15,4.97,5.02
DTIL,2025-04-21,4.95,5.245,4.95,5.13
DTIL,2025-04-22,5.15,5.44,5.09,5.32
DTIL,2025-04-23,5.44,5.68,5.4,5.68
DTIL,2025-04-24,5.61,5.685,5.41,5.5
DTIL,2025-04-25,5.49,5.6761,5.16,5.33
DTIL,2025-04-28,5.24,5.39,5.02,5.11
DTIL,2025-04-29,5.101,5.3925,5.05,5.23
DTIL,2025-04-30,5.2719,5.63,5.0987,5.63
DTIL,2025-05-01,5.69,5.8499,5.502,5.72
DTIL,2025-05-02,5.73,5.97,5.65,5.75
DTIL,2025-05-05,5.69,5.7899,5.5,5.61
DTIL,2025-05-06,5.59,5.59,5.08,5.1
DTIL,2025-05-07,5.19,5.355,5.1,5.18
DTIL,2025-05-08,5.11,5.25,5.0,5.15
DTIL,2025-05-09,5.2,5.3999,5.0247,5.13
DTIL,2025-05-12,5.3459,5.4,5.16,5.22
DTIL,2025-05-13,5.22,5.2893,5.1001,5.145
DTIL,2025-05-14,5.14,5.2,4.95,4.95
DTIL,2025-05-15,4.78,4.8263,4.45,4.55
DTIL,2025-05-16,4.73,4.8,4.56,4.71
DTIL,2025-05-19,4.775,4.99,4.61,4.69
DTIL,2025-05-20,4.66,4.915,4.66,4.88
DTIL,2025-05-21,4.65,4.65,4.58,4.65
DTIL,2025-05-22,4.74,4.76,4.58,4.64
DTIL,2025-05-23,4.56,4.64,4.51,4.58
DTIL,2025-05-27,4.69,4.94,4.63,4.89
DTIL,2025-05-28,4.88,5.1,4.794,4.97
DTIL,2025-05-29,4.98,5.0138,4.87,4.92
DTIL,2025-05-30,4.93,4.97,4.72,4.83
DTIL,2025-06-02,4.83,5.1598,4.8,5.04
DTIL,2025-06-03,5.07,5.25,5.02,5.15
DTIL,2025-06-04,5.09,5.22,4.94,5.1
DTIL,2025-06-05,5.16,5.295,5.0613,5.165
DTIL,2025-06-06,5.17,5.8,5.09,5.49
DTIL,2025-06-09,5.57,5.57,5.23,5.3
DTIL,2025-06-10,5.26,5.52,5.15,5.2
DTIL,2025-06-11,5.26,5.28,5.0507,5.07
DTIL,2025-06-12,5.07,5.19,4.93,5.03
DTIL,2025-06-13,4.93,5.04,4.845,4.9
DTIL,2025-06-16,4.91,5.19,4.91,5.19
DTIL,2025-06-17,5.17,5.29,4.885,4.9
DTIL,2025-06-18,4.91,4.99,4.2,4.7
DTIL,2025-06-20,4.7,4.92,4.6,4.79
DTIL,2025-06-23,4.74,4.7678,4.53,4.53
DTIL,2025-06-24,4.53,4.7,4.53,4.57
DTIL,2025-06-25,4.91,4.97,4.0605,4.24
DTIL,2025-06-26,4.19,4.25,4.1,4.14
DTIL,2025-06-27,4.2,4.38,4.02,4.3
DTIL,2025-06-30,4.34,4.34,4.1309,4.2
DTIL,2025-07-01,4.21,4.255,4.08,4.13
DTIL,2025-07-02,4.17,4.3,4.13,4.26
DTIL,2025-07-03,4.24,4.38,4.19,4.34
DTIL,2025-07-07,4.34,4.3684,4.26,4.31
DTIL,2025-07-08,4.32,4.6,4.31,4.52
DTIL,2025-07-09,4.5,4.75,4.445,4.73
DTIL,2025-07-10,4.7,4.87,4.611,4.83
DTIL,2025-07-11,4.45,4.45,4.4205,4.45
DTIL,2025-07-14,4.45,4.65,4.34,4.64
DTIL,2025-07-15,4.6,4.65,4.38,4.45
DTIL,2025-07-16,4.35,4.57,4.27,4.52
DTIL,2025-07-17,4.45,4.87,4.4,4.64
DTIL,2025-07-18,4.6,4.69,4.4601,4.61
DTIL,2025-07-21,4.6,4.79,4.57,4.65
DTIL,2025-07-22,4.58,4.89,4.58,4.86
DTIL,2025-07-23,4.79,5.2499,4.51,4.94
DTIL,2025-07-24,4.9,5.1,4.85,5.0
DTIL,2025-07-25,5.05,5.21,4.9318,5.15
DTIL,2025-07-28,5.18,5.21,5.02,5.1
DTIL,2025-07-29,5.11,5.11,4.88,4.89
DTIL,2025-07-30,4.99,5.12,4.72,4.8
DTIL,2025-07-31,4.71,4.92,4.7001,4.75
DTIL,2025-08-01,4.7,4.78,4.53,4.6
DTIL,2025-08-04,4.64,4.855,4.6172,4.84
DTIL,2025-08-05,4.86,4.9,4.6546,4.86
DTIL,2025-08-06,4.77,5.13,4.58,4.81
DTIL,2025-08-07,4.57,4.8,4.5,4.57
DTIL,2025-08-08,4.53,4.66,4.3,4.38
DTIL,2025-08-11,4.38,4.545,4.27,4.35
DTIL,2025-08-12,4.33,4.47,4.33,4.38
DTIL,2025-08-13,4.41,4.7294,4.37,4.69
DTIL,2025-08-14,4.66,4.77,4.55,4.77
DTIL,2025-08-15,4.78,4.86,4.23,4.71
DTIL,2025-08-18,4.7,4.99,4.5362,4.95
DTIL,2025-08-19,4.96,4.98,4.72,4.8
DTIL,2025-08-20,4.76,4.7694,4.6,4.66
DTIL,2025-08-21,4.65,4.81,4.55,4.74
DTIL,2025-08-22,4.8,4.97,4.78,4.96
DTIL,2025-08-25,5.02,5.14,4.83,5.13
DTIL,2025-08-26,5.14,5.18,5.0,5.04
DTIL,2025-08-27,5.03,5.0982,4.943,5.01
DTIL,2025-08-28,5.04,5.07,4.955,5.02
DTIL,2025-08-29,5.08,5.08,4.8401,4.9
DTIL,2025-09-02,4.83,5.01,4.7,5.0
DTIL,2025-09-03,4.95,5.1152,4.95,5.06
DTIL,2025-09-04,5.04,5.05,4.892,5.03
DTIL,2025-09-05,4.93,5.17,4.9244,5.07
DTIL,2025-09-08,5.07,5.07,4.86,4.985
DTIL,2025-09-09,4.91,5.14,4.8625,5.09
DTIL,2025-09-10,5.14,5.14,4.9,5.01
DTIL,2025-09-11,5.02,5.1,4.91,5.04
DTIL,2025-09-12,4.85,4.9664,4.5,4.61
DTIL,2025-09-15,4.69,4.75,4.5,4.5
DTIL,2025-09-16,4.5,4.7183,4.5,4.67
DTIL,2025-09-17,4.67,4.79,4.54,4.54
DTIL,2025-09-18,4.54,4.99,4.54,4.91
DTIL,2025-09-19,4.97,4.97,4.7,4.82
DTIL,2025-09-22,4.86,4.94,4.75,4.86
DTIL,2025-09-23,4.86,4.98,4.83,4.88
DTIL,2025-09-24,4.92,5.16,4.92,5.13
DTIL,2025-09-25,5.01,5.1124,4.9,4.93
DTIL,2025-09-26,4.95,5.09,4.93,5.06
DTIL,2025-09-29,5.14,5.155,5.0,5.09
DTIL,2025-09-30,5.18,5.55,5.14,5.493
DTIL,2025-10-01,5.41,5.56,5.41,5.44
