ticker,date,open,high,low,close
MIDD,1987-08-10,0.0,0.8,0.77,0.77
MIDD,1987-08-11,0.0,0.8,0.77,0.77
MIDD,1987-08-12,0.0,0.83,0.77,0.77
MIDD,1987-08-13,0.77,0.77,0.77,0.77
MIDD,1987-08-14,0.0,0.83,0.77,0.77
MIDD,1987-08-17,0.0,0.83,0.77,0.77
MIDD,1987-08-18,0.0,0.8,0.77,0.77
MIDD,1987-08-19,0.0,0.8,0.77,0.77
MIDD,1987-08-20,0.0,0.8,0.77,0.77
MIDD,1987-08-21,0.0,0.8,0.73,0.73
MIDD,1987-08-24,0.0,0.8,0.73,0.73
MIDD,1987-08-25,0.0,0.8,0.73,0.73
MIDD,1987-08-26,0.73,0.73,0.73,0.73
MIDD,1987-08-27,0.73,0.73,0.73,0.73
MIDD,1987-08-28,0.0,0.8,0.73,0.73
MIDD,1987-08-31,0.0,0.8,0.73,0.73
MIDD,1987-09-01,0.0,0.73,0.73,0.73
MIDD,1987-09-02,0.0,0.7,0.7,0.7
MIDD,1987-09-03,0.0,0.7,0.7,0.7
MIDD,1987-09-04,0.0,0.7,0.7,0.7
MIDD,1987-09-08,0.0,0.7,0.7,0.7
MIDD,1987-09-09,0.0,0.77,0.7,0.77
MIDD,1987-09-10,0.0,0.77,0.7,0.77
MIDD,1987-09-11,0.0,0.7,0.7,0.7
MIDD,1987-09-14,0.0,0.7,0.7,0.7
MIDD,1987-09-15,0.0,0.7,0.7,0.7
MIDD,1987-09-16,0.0,0.73,0.7,0.73
MIDD,1987-09-17,0.0,0.77,0.77,0.77
MIDD,1987-09-18,0.77,0.77,0.77,0.77
MIDD,1987-09-21,0.77,0.77,0.77,0.77
MIDD,1987-09-22,0.0,0.73,0.7,0.73
MIDD,1987-09-23,0.73,0.73,0.73,0.73
MIDD,1987-09-24,0.0,0.7,0.7,0.7
MIDD,1987-09-25,0.0,0.7,0.7,0.7
MIDD,1987-09-28,0.0,0.77,0.73,0.77
MIDD,1987-09-29,0.0,0.75,0.75,0.75
MIDD,1987-09-30,0.0,0.83,0.75,0.83
MIDD,1987-10-01,0.0,0.8,0.8,0.8
MIDD,1987-10-02,0.8,0.8,0.8,0.8
MIDD,1987-10-05,0.8,0.8,0.8,0.8
MIDD,1987-10-06,0.0,0.77,0.77,0.77
MIDD,1987-10-07,0.0,0.8,0.77,0.77
MIDD,1987-10-08,0.0,0.73,0.73,0.73
MIDD,1987-10-09,0.0,0.73,0.72,0.72
MIDD,1987-10-12,0.0,0.78,0.72,0.78
MIDD,1987-10-13,0.0,0.72,0.72,0.72
MIDD,1987-10-14,0.0,0.72,0.72,0.72
MIDD,1987-10-15,0.0,0.72,0.72,0.72
MIDD,1987-10-16,0.0,0.7,0.68,0.7
MIDD,1987-10-19,0.0,0.73,0.68,0.68
MIDD,1987-10-20,0.0,0.68,0.5,0.53
MIDD,1987-10-21,0.0,0.57,0.5,0.5
MIDD,1987-10-22,0.0,0.53,0.53,0.53
MIDD,1987-10-23,0.53,0.53,0.53,0.53
MIDD,1987-10-26,0.0,0.53,0.53,0.53
MIDD,1987-10-27,0.0,0.53,0.47,0.53
MIDD,1987-10-28,0.0,0.53,0.47,0.53
MIDD,1987-10-29,0.53,0.53,0.53,0.53
MIDD,1987-10-30,0.0,0.55,0.43,0.55
MIDD,1987-11-02,0.0,0.55,0.47,0.55
MIDD,1987-11-03,0.55,0.55,0.55,0.55
MIDD,1987-11-04,0.0,0.53,0.5,0.53
MIDD,1987-11-05,0.0,0.53,0.5,0.53
MIDD,1987-11-06,0.0,0.53,0.53,0.53
MIDD,1987-11-09,0.0,0.53,0.47,0.53
MIDD,1987-11-10,0.0,0.57,0.53,0.57
MIDD,1987-11-11,0.0,0.57,0.53,0.57
MIDD,1987-11-12,0.0,0.6,0.57,0.6
MIDD,1987-11-13,0.0,0.6,0.52,0.6
MIDD,1987-11-16,0.0,0.6,0.53,0.6
MIDD,1987-11-17,0.0,0.6,0.53,0.6
MIDD,1987-11-18,0.0,0.57,0.5,0.57
MIDD,1987-11-19,0.0,0.57,0.5,0.57
MIDD,1987-11-20,0.0,0.57,0.57,0.57
MIDD,1987-11-23,0.0,0.53,0.53,0.53
MIDD,1987-11-24,0.0,0.57,0.5,0.57
MIDD,1987-11-25,0.0,0.57,0.53,0.57
MIDD,1987-11-27,0.0,0.6,0.57,0.6
MIDD,1987-11-30,0.0,0.6,0.53,0.6
MIDD,1987-12-01,0.6,0.6,0.6,0.6
MIDD,1987-12-02,0.0,0.6,0.57,0.6
MIDD,1987-12-03,0.0,0.6,0.5,0.6
MIDD,1987-12-04,0.0,0.57,0.5,0.57
MIDD,1987-12-07,0.0,0.6,0.6,0.6
MIDD,1987-12-08,0.0,0.57,0.57,0.57
MIDD,1987-12-09,0.0,0.57,0.5,0.57
MIDD,1987-12-10,0.0,0.57,0.57,0.57
MIDD,1987-12-11,0.0,0.57,0.57,0.57
MIDD,1987-12-14,0.0,0.57,0.5,0.55
MIDD,1987-12-15,0.0,0.57,0.5,0.55
MIDD,1987-12-16,0.0,0.6,0.5,0.57
MIDD,1987-12-17,0.0,0.57,0.5,0.5
MIDD,1987-12-18,0.0,0.57,0.5,0.55
MIDD,1987-12-21,0.0,0.55,0.55,0.55
MIDD,1987-12-22,0.0,0.55,0.5,0.55
MIDD,1987-12-23,0.0,0.5,0.43,0.47
MIDD,1987-12-24,0.0,0.53,0.47,0.53
MIDD,1987-12-28,0.53,0.53,0.53,0.53
MIDD,1987-12-29,0.0,0.53,0.47,0.53
MIDD,1987-12-30,0.0,0.57,0.5,0.57
MIDD,1987-12-31,0.0,0.67,0.53,0.53
MIDD,1988-01-04,0.0,0.53,0.53,0.53
MIDD,1988-01-05,0.0,0.53,0.47,0.53
MIDD,1988-01-06,0.0,0.53,0.53,0.53
MIDD,1988-01-07,0.0,0.55,0.55,0.55
MIDD,1988-01-08,0.0,0.52,0.47,0.47
MIDD,1988-01-11,0.0,0.5,0.5,0.5
MIDD,1988-01-12,0.0,0.5,0.5,0.5
MIDD,1988-01-13,0.0,0.52,0.52,0.52
MIDD,1988-01-14,0.0,0.47,0.47,0.47
MIDD,1988-01-15,0.0,0.47,0.47,0.47
MIDD,1988-01-18,0.47,0.47,0.47,0.47
MIDD,1988-01-19,0.0,0.52,0.48,0.48
MIDD,1988-01-20,0.0,0.52,0.48,0.48
MIDD,1988-01-21,0.0,0.5,0.5,0.5
MIDD,1988-01-22,0.0,0.52,0.52,0.52
MIDD,1988-01-25,0.0,0.55,0.5,0.52
MIDD,1988-01-26,0.0,0.55,0.5,0.5
MIDD,1988-01-27,0.0,0.52,0.52,0.52
MIDD,1988-01-28,0.0,0.57,0.53,0.57
MIDD,1988-01-29,0.0,0.67,0.57,0.67
MIDD,1988-02-01,0.0,0.7,0.67,0.67
MIDD,1988-02-02,0.67,0.67,0.67,0.67
MIDD,1988-02-03,0.0,0.7,0.63,0.63
MIDD,1988-02-04,0.63,0.63,0.63,0.63
MIDD,1988-02-05,0.63,0.63,0.63,0.63
MIDD,1988-02-08,0.0,0.7,0.63,0.7
MIDD,1988-02-09,0.0,0.63,0.63,0.63
MIDD,1988-02-10,0.0,0.7,0.7,0.7
MIDD,1988-02-11,0.0,0.73,0.65,0.73
MIDD,1988-02-12,0.0,0.73,0.67,0.72
MIDD,1988-02-16,0.0,0.72,0.7,0.7
MIDD,1988-02-17,0.0,0.68,0.68,0.68
MIDD,1988-02-18,0.0,0.68,0.67,0.67
MIDD,1988-02-19,0.67,0.67,0.67,0.67
MIDD,1988-02-22,0.0,0.72,0.68,0.72
MIDD,1988-02-23,0.0,0.72,0.68,0.72
MIDD,1988-02-24,0.0,0.77,0.68,0.73
MIDD,1988-02-25,0.0,0.75,0.7,0.72
MIDD,1988-02-26,0.72,0.72,0.72,0.72
MIDD,1988-02-29,0.0,0.75,0.72,0.75
MIDD,1988-03-01,0.0,0.77,0.72,0.75
MIDD,1988-03-02,0.0,0.75,0.72,0.75
MIDD,1988-03-03,0.0,0.75,0.75,0.75
MIDD,1988-03-04,0.0,0.72,0.72,0.72
MIDD,1988-03-07,0.0,0.78,0.72,0.78
MIDD,1988-03-08,0.0,0.9,0.77,0.9
MIDD,1988-03-09,0.0,0.93,0.87,0.93
MIDD,1988-03-10,0.0,1.0,0.88,0.95
MIDD,1988-03-11,0.0,1.0,0.9,0.9
MIDD,1988-03-14,0.0,0.9,0.87,0.9
MIDD,1988-03-15,0.0,0.93,0.87,0.9
MIDD,1988-03-16,0.0,0.93,0.9,0.92
MIDD,1988-03-17,0.0,0.9,0.9,0.9
MIDD,1988-03-18,0.0,0.92,0.9,0.91
MIDD,1988-03-21,0.0,0.92,0.87,0.87
MIDD,1988-03-22,0.0,0.87,0.87,0.87
MIDD,1988-03-23,0.0,0.97,0.87,0.97
MIDD,1988-03-24,0.0,0.97,0.87,0.97
MIDD,1988-03-25,0.0,0.97,0.87,0.9
MIDD,1988-03-28,0.0,0.9,0.9,0.9
MIDD,1988-03-29,0.0,0.93,0.87,0.87
MIDD,1988-03-30,0.87,0.87,0.87,0.87
MIDD,1988-03-31,0.0,0.93,0.92,0.93
MIDD,1988-04-04,0.0,0.9,0.87,0.87
MIDD,1988-04-05,0.0,0.9,0.83,0.83
MIDD,1988-04-06,0.0,0.83,0.77,0.83
MIDD,1988-04-07,0.0,0.83,0.8,0.83
MIDD,1988-04-08,0.0,0.83,0.8,0.8
MIDD,1988-04-11,0.0,0.87,0.8,0.8
MIDD,1988-04-12,0.0,0.87,0.8,0.87
MIDD,1988-04-13,0.0,0.85,0.85,0.85
MIDD,1988-04-14,0.0,0.9,0.85,0.87
MIDD,1988-04-15,0.0,0.9,0.85,0.9
MIDD,1988-04-18,0.0,0.9,0.85,0.9
MIDD,1988-04-19,0.0,0.93,0.88,0.88
MIDD,1988-04-20,0.0,0.93,0.9,0.93
MIDD,1988-04-21,0.93,0.93,0.93,0.93
MIDD,1988-04-22,0.0,0.97,0.9,0.97
MIDD,1988-04-25,0.0,0.98,0.92,0.97
MIDD,1988-04-26,0.0,1.1,0.93,1.07
MIDD,1988-04-27,0.0,1.08,1.0,1.08
MIDD,1988-04-28,0.0,1.1,1.03,1.08
MIDD,1988-04-29,0.0,1.08,1.05,1.05
MIDD,1988-05-02,0.0,1.08,1.03,1.03
MIDD,1988-05-03,0.0,1.07,1.0,1.0
MIDD,1988-05-04,0.0,1.05,0.95,1.0
MIDD,1988-05-05,0.0,1.0,0.92,1.0
MIDD,1988-05-06,0.0,1.0,0.93,1.0
MIDD,1988-05-09,0.0,0.97,0.93,0.93
MIDD,1988-05-10,0.0,0.97,0.93,0.95
MIDD,1988-05-11,0.0,0.96,0.9,0.93
MIDD,1988-05-12,0.0,1.0,0.93,1.0
MIDD,1988-05-13,0.0,1.0,0.93,0.98
MIDD,1988-05-16,0.0,0.98,0.97,0.98
MIDD,1988-05-17,0.0,0.97,0.95,0.97
MIDD,1988-05-18,0.0,1.02,0.95,1.02
MIDD,1988-05-19,0.0,1.02,0.95,1.02
MIDD,1988-05-20,0.0,1.03,1.03,1.03
MIDD,1988-05-23,0.0,1.03,0.97,0.97
MIDD,1988-05-24,0.0,1.07,0.97,1.07
MIDD,1988-05-25,0.0,1.13,1.0,1.13
MIDD,1988-05-26,0.0,1.07,1.02,1.07
MIDD,1988-05-27,0.0,1.1,1.03,1.1
MIDD,1988-05-31,0.0,1.13,1.13,1.13
MIDD,1988-06-01,0.0,1.1,1.0,1.1
MIDD,1988-06-02,0.0,1.12,0.96,1.08
MIDD,1988-06-03,0.0,1.04,1.0,1.0
MIDD,1988-06-06,0.0,1.08,1.06,1.08
MIDD,1988-06-07,0.0,1.08,1.0,1.03
MIDD,1988-06-08,0.0,1.12,1.02,1.04
MIDD,1988-06-09,0.0,1.12,1.06,1.12
MIDD,1988-06-10,0.0,1.12,1.08,1.12
MIDD,1988-06-13,0.0,1.12,1.08,1.08
MIDD,1988-06-14,0.0,1.23,1.12,1.21
MIDD,1988-06-15,0.0,1.25,1.12,1.19
MIDD,1988-06-16,0.0,1.25,1.17,1.23
MIDD,1988-06-17,0.0,1.23,1.17,1.19
MIDD,1988-06-20,0.0,1.19,1.12,1.12
MIDD,1988-06-21,0.0,1.19,1.12,1.19
MIDD,1988-06-22,0.0,1.19,1.15,1.19
MIDD,1988-06-23,0.0,1.19,1.12,1.17
MIDD,1988-06-24,0.0,1.17,1.12,1.17
MIDD,1988-06-27,0.0,1.29,1.17,1.29
MIDD,1988-06-28,0.0,1.29,1.21,1.29
MIDD,1988-06-29,0.0,1.25,1.21,1.25
MIDD,1988-06-30,0.0,1.29,1.29,1.29
MIDD,1988-07-01,0.0,1.29,1.21,1.29
MIDD,1988-07-05,0.0,1.27,1.19,1.27
MIDD,1988-07-06,0.0,1.27,1.23,1.23
MIDD,1988-07-07,0.0,1.19,1.19,1.19
MIDD,1988-07-08,0.0,1.21,1.19,1.21
MIDD,1988-07-11,0.0,1.25,1.19,1.19
MIDD,1988-07-12,0.0,1.23,1.12,1.17
MIDD,1988-07-13,0.0,1.1,1.1,1.1
MIDD,1988-07-14,1.1,1.1,1.1,1.1
MIDD,1988-07-15,0.0,1.15,1.15,1.15
MIDD,1988-07-18,0.0,1.15,1.15,1.15
MIDD,1988-07-19,0.0,1.19,1.17,1.19
MIDD,1988-07-20,0.0,1.17,1.17,1.17
MIDD,1988-07-21,0.0,1.17,1.15,1.15
MIDD,1988-07-22,1.15,1.15,1.15,1.15
MIDD,1988-07-25,0.0,1.17,1.15,1.15
MIDD,1988-07-26,0.0,1.12,1.12,1.12
MIDD,1988-07-27,0.0,1.12,1.06,1.12
MIDD,1988-07-28,0.0,1.08,1.08,1.08
MIDD,1988-07-29,0.0,1.06,1.04,1.06
MIDD,1988-08-01,0.0,1.04,1.0,1.0
MIDD,1988-08-02,0.0,1.06,1.02,1.04
MIDD,1988-08-03,0.0,1.06,1.02,1.04
MIDD,1988-08-04,0.0,1.02,1.02,1.02
MIDD,1988-08-05,0.0,0.98,0.96,0.96
MIDD,1988-08-08,0.0,1.0,0.98,1.0
MIDD,1988-08-09,0.0,1.0,0.98,1.0
MIDD,1988-08-10,0.0,1.0,0.96,1.0
MIDD,1988-08-11,1.0,1.0,1.0,1.0
MIDD,1988-08-12,1.0,1.0,1.0,1.0
MIDD,1988-08-15,0.0,0.98,0.98,0.98
MIDD,1988-08-16,0.0,1.0,0.96,1.0
MIDD,1988-08-17,0.0,1.0,0.98,1.0
MIDD,1988-08-18,0.0,0.98,0.98,0.98
MIDD,1988-08-19,0.98,0.98,0.98,0.98
MIDD,1988-08-22,0.0,0.96,0.96,0.96
MIDD,1988-08-23,0.0,1.0,0.96,1.0
MIDD,1988-08-24,1.0,1.0,1.0,1.0
MIDD,1988-08-25,0.0,1.0,0.96,1.0
MIDD,1988-08-26,0.0,1.02,1.0,1.02
MIDD,1988-08-29,0.0,1.0,0.98,1.0
MIDD,1988-08-30,0.0,0.98,0.98,0.98
MIDD,1988-08-31,0.0,1.0,0.96,0.96
MIDD,1988-09-01,0.0,0.94,0.94,0.94
MIDD,1988-09-02,0.0,1.0,0.98,1.0
MIDD,1988-09-06,0.0,1.06,1.02,1.02
MIDD,1988-09-07,0.0,1.0,0.98,1.0
MIDD,1988-09-08,1.0,1.0,1.0,1.0
MIDD,1988-09-09,0.0,0.98,0.98,0.98
MIDD,1988-09-12,0.0,0.98,0.96,0.98
MIDD,1988-09-13,0.0,0.98,0.94,0.98
MIDD,1988-09-14,0.0,1.0,0.98,0.98
MIDD,1988-09-15,0.0,1.0,0.98,1.0
MIDD,1988-09-16,1.0,1.0,1.0,1.0
MIDD,1988-09-19,0.0,0.98,0.96,0.98
MIDD,1988-09-20,0.0,0.96,0.96,0.96
MIDD,1988-09-21,0.0,0.96,0.96,0.96
MIDD,1988-09-22,0.96,0.96,0.96,0.96
MIDD,1988-09-23,0.0,1.0,0.98,1.0
MIDD,1988-09-26,0.0,0.98,0.98,0.98
MIDD,1988-09-27,0.98,0.98,0.98,0.98
MIDD,1988-09-28,0.0,1.0,0.96,0.96
MIDD,1988-09-29,0.96,0.96,0.96,0.96
MIDD,1988-09-30,0.0,1.0,0.96,1.0
MIDD,1988-10-03,0.0,0.98,0.96,0.98
MIDD,1988-10-04,0.0,0.96,0.96,0.96
MIDD,1988-10-05,0.0,0.98,0.98,0.98
MIDD,1988-10-06,0.0,0.98,0.96,0.96
MIDD,1988-10-07,0.0,0.96,0.96,0.96
MIDD,1988-10-10,0.0,0.98,0.98,0.98
MIDD,1988-10-11,0.0,0.96,0.96,0.96
MIDD,1988-10-12,0.0,0.98,0.96,0.98
MIDD,1988-10-13,0.0,0.98,0.98,0.98
MIDD,1988-10-14,0.0,0.96,0.94,0.94
MIDD,1988-10-17,0.0,0.94,0.92,0.92
MIDD,1988-10-18,0.0,0.94,0.9,0.94
MIDD,1988-10-19,0.0,0.92,0.92,0.92
MIDD,1988-10-20,0.0,0.94,0.94,0.94
MIDD,1988-10-21,0.0,0.96,0.94,0.96
MIDD,1988-10-24,0.0,0.94,0.92,0.92
MIDD,1988-10-25,0.0,0.94,0.92,0.92
MIDD,1988-10-26,0.0,0.94,0.92,0.94
MIDD,1988-10-27,0.0,0.94,0.92,0.92
MIDD,1988-10-28,0.92,0.92,0.92,0.92
MIDD,1988-10-31,0.0,0.94,0.88,0.92
MIDD,1988-11-01,0.0,0.98,0.92,0.98
MIDD,1988-11-02,0.0,0.98,0.98,0.98
MIDD,1988-11-03,0.0,0.96,0.94,0.96
MIDD,1988-11-04,0.0,0.96,0.96,0.96
MIDD,1988-11-07,0.0,0.94,0.94,0.94
MIDD,1988-11-08,0.0,0.96,0.96,0.96
MIDD,1988-11-09,0.0,0.94,0.92,0.92
MIDD,1988-11-10,0.92,0.92,0.92,0.92
MIDD,1988-11-11,0.0,0.94,0.92,0.94
MIDD,1988-11-14,0.0,0.96,0.94,0.96
MIDD,1988-11-15,0.96,0.96,0.96,0.96
MIDD,1988-11-16,0.0,0.96,0.94,0.94
MIDD,1988-11-17,0.94,0.94,0.94,0.94
MIDD,1988-11-18,0.0,0.98,0.96,0.98
MIDD,1988-11-21,0.0,1.0,0.96,0.98
MIDD,1988-11-22,0.0,0.96,0.96,0.96
MIDD,1988-11-23,0.96,0.96,0.96,0.96
MIDD,1988-11-25,0.0,0.94,0.94,0.94
MIDD,1988-11-28,0.0,0.94,0.92,0.92
MIDD,1988-11-29,0.0,0.92,0.9,0.92
MIDD,1988-11-30,0.0,0.92,0.9,0.92
MIDD,1988-12-01,0.0,0.92,0.9,0.9
MIDD,1988-12-02,0.0,0.96,0.9,0.96
MIDD,1988-12-05,0.0,0.98,0.96,0.96
MIDD,1988-12-06,0.0,0.94,0.94,0.94
MIDD,1988-12-07,0.0,0.96,0.96,0.96
MIDD,1988-12-08,0.0,0.96,0.96,0.96
MIDD,1988-12-09,0.0,0.96,0.96,0.96
MIDD,1988-12-12,0.0,0.98,0.96,0.98
MIDD,1988-12-13,0.0,0.96,0.96,0.96
MIDD,1988-12-14,0.0,0.98,0.96,0.96
MIDD,1988-12-15,0.0,0.96,0.96,0.96
MIDD,1988-12-16,0.96,0.96,0.96,0.96
MIDD,1988-12-19,0.0,0.96,0.96,0.96
MIDD,1988-12-20,0.0,0.96,0.96,0.96
MIDD,1988-12-21,0.0,0.98,0.94,0.98
MIDD,1988-12-22,0.0,0.96,0.94,0.96
MIDD,1988-12-23,0.0,0.94,0.94,0.94
MIDD,1988-12-27,0.94,0.94,0.94,0.94
MIDD,1988-12-28,0.0,0.92,0.92,0.92
MIDD,1988-12-29,0.0,0.92,0.88,0.92
MIDD,1988-12-30,0.0,0.96,0.94,0.96
MIDD,1989-01-03,0.96,0.96,0.96,0.96
MIDD,1989-01-04,0.0,0.96,0.96,0.96
MIDD,1989-01-05,0.0,0.98,0.96,0.98
MIDD,1989-01-06,0.0,1.02,1.0,1.02
MIDD,1989-01-09,0.0,1.08,1.02,1.08
MIDD,1989-01-10,0.0,1.1,1.04,1.1
MIDD,1989-01-11,0.0,1.21,1.1,1.21
MIDD,1989-01-12,0.0,1.23,1.15,1.17
MIDD,1989-01-13,0.0,1.21,1.15,1.19
MIDD,1989-01-16,0.0,1.23,1.19,1.23
MIDD,1989-01-17,0.0,1.23,1.19,1.23
MIDD,1989-01-18,0.0,1.25,1.23,1.25
MIDD,1989-01-19,0.0,1.25,1.25,1.25
MIDD,1989-01-20,0.0,1.29,1.25,1.29
MIDD,1989-01-23,0.0,1.29,1.27,1.27
MIDD,1989-01-24,0.0,1.27,1.25,1.27
MIDD,1989-01-25,0.0,1.25,1.21,1.23
MIDD,1989-01-26,0.0,1.25,1.21,1.25
MIDD,1989-01-27,0.0,1.25,1.23,1.25
MIDD,1989-01-30,0.0,1.25,1.23,1.25
MIDD,1989-01-31,0.0,1.27,1.23,1.27
MIDD,1989-02-01,0.0,1.29,1.27,1.29
MIDD,1989-02-02,0.0,1.29,1.27,1.29
MIDD,1989-02-03,0.0,1.29,1.27,1.27
MIDD,1989-02-06,0.0,1.31,1.27,1.31
MIDD,1989-02-07,0.0,1.31,1.29,1.31
MIDD,1989-02-08,0.0,1.33,1.31,1.31
MIDD,1989-02-09,0.0,1.33,1.31,1.31
MIDD,1989-02-10,0.0,1.31,1.29,1.29
MIDD,1989-02-13,0.0,1.33,1.29,1.33
MIDD,1989-02-14,0.0,1.38,1.33,1.35
MIDD,1989-02-15,0.0,1.38,1.35,1.38
MIDD,1989-02-16,0.0,1.38,1.35,1.38
MIDD,1989-02-17,0.0,1.38,1.38,1.38
MIDD,1989-02-21,0.0,1.38,1.33,1.38
MIDD,1989-02-22,0.0,1.42,1.38,1.42
MIDD,1989-02-23,0.0,1.42,1.4,1.4
MIDD,1989-02-24,0.0,1.46,1.42,1.46
MIDD,1989-02-27,0.0,1.46,1.44,1.46
MIDD,1989-02-28,0.0,1.48,1.46,1.48
MIDD,1989-03-01,0.0,1.5,1.46,1.48
MIDD,1989-03-02,0.0,1.5,1.46,1.5
MIDD,1989-03-03,0.0,1.5,1.48,1.5
MIDD,1989-03-06,0.0,1.52,1.48,1.5
MIDD,1989-03-07,0.0,1.52,1.48,1.52
MIDD,1989-03-08,0.0,1.52,1.48,1.5
MIDD,1989-03-09,0.0,1.56,1.52,1.56
MIDD,1989-03-10,0.0,1.56,1.54,1.54
MIDD,1989-03-13,0.0,1.58,1.54,1.58
MIDD,1989-03-14,0.0,1.58,1.54,1.58
MIDD,1989-03-15,0.0,1.58,1.54,1.54
MIDD,1989-03-16,0.0,1.58,1.52,1.54
MIDD,1989-03-17,0.0,1.58,1.42,1.54
MIDD,1989-03-20,0.0,1.54,1.52,1.54
MIDD,1989-03-21,0.0,1.56,1.54,1.56
MIDD,1989-03-22,0.0,1.58,1.56,1.58
MIDD,1989-03-23,0.0,1.58,1.54,1.56
MIDD,1989-03-27,0.0,1.58,1.54,1.56
MIDD,1989-03-28,0.0,1.58,1.56,1.58
MIDD,1989-03-29,0.0,1.58,1.58,1.58
MIDD,1989-03-30,0.0,1.58,1.56,1.58
MIDD,1989-03-31,0.0,1.58,1.54,1.54
MIDD,1989-04-03,0.0,1.58,1.54,1.56
MIDD,1989-04-04,0.0,1.58,1.54,1.56
MIDD,1989-04-05,0.0,1.56,1.54,1.56
MIDD,1989-04-06,0.0,1.56,1.52,1.52
MIDD,1989-04-07,0.0,1.56,1.48,1.48
MIDD,1989-04-10,0.0,1.5,1.46,1.46
MIDD,1989-04-11,0.0,1.5,1.44,1.5
MIDD,1989-04-12,0.0,1.5,1.48,1.5
MIDD,1989-04-13,0.0,1.52,1.5,1.5
MIDD,1989-04-14,0.0,1.52,1.48,1.5
MIDD,1989-04-17,0.0,1.5,1.46,1.5
MIDD,1989-04-18,0.0,1.5,1.46,1.5
MIDD,1989-04-19,0.0,1.5,1.46,1.5
MIDD,1989-04-20,0.0,1.5,1.48,1.5
MIDD,1989-04-21,0.0,1.52,1.46,1.48
MIDD,1989-04-24,0.0,1.5,1.46,1.48
MIDD,1989-04-25,0.0,1.54,1.48,1.54
MIDD,1989-04-26,0.0,1.54,1.5,1.54
MIDD,1989-04-27,0.0,1.54,1.48,1.5
MIDD,1989-04-28,0.0,1.54,1.48,1.52
MIDD,1989-05-01,0.0,1.54,1.5,1.54
MIDD,1989-05-02,0.0,1.54,1.44,1.46
MIDD,1989-05-03,0.0,1.5,1.4,1.4
MIDD,1989-05-04,0.0,1.48,1.42,1.48
MIDD,1989-05-05,0.0,1.5,1.48,1.48
MIDD,1989-05-08,0.0,1.5,1.48,1.5
MIDD,1989-05-09,0.0,1.48,1.44,1.44
MIDD,1989-05-10,0.0,1.5,1.44,1.5
MIDD,1989-05-11,0.0,1.5,1.48,1.5
MIDD,1989-05-12,0.0,1.5,1.48,1.5
MIDD,1989-05-15,0.0,1.48,1.46,1.46
MIDD,1989-05-16,0.0,1.44,1.42,1.44
MIDD,1989-05-17,0.0,1.46,1.4,1.44
MIDD,1989-05-18,0.0,1.46,1.44,1.46
MIDD,1989-05-19,0.0,1.44,1.42,1.44
MIDD,1989-05-22,0.0,1.44,1.4,1.4
MIDD,1989-05-23,0.0,1.42,1.4,1.42
MIDD,1989-05-24,0.0,1.4,1.4,1.4
MIDD,1989-05-25,0.0,1.42,1.38,1.42
MIDD,1989-05-26,0.0,1.42,1.4,1.4
MIDD,1989-05-30,1.4,1.4,1.4,1.4
MIDD,1989-05-31,0.0,1.42,1.38,1.38
MIDD,1989-06-01,0.0,1.42,1.4,1.4
MIDD,1989-06-02,0.0,1.42,1.38,1.4
MIDD,1989-06-05,0.0,1.4,1.4,1.4
MIDD,1989-06-06,0.0,1.4,1.38,1.38
MIDD,1989-06-07,0.0,1.4,1.38,1.38
MIDD,1989-06-08,0.0,1.4,1.35,1.38
MIDD,1989-06-09,0.0,1.35,1.29,1.29
MIDD,1989-06-12,0.0,1.31,1.29,1.29
MIDD,1989-06-13,0.0,1.29,1.29,1.29
MIDD,1989-06-14,0.0,1.35,1.29,1.35
MIDD,1989-06-15,0.0,1.35,1.33,1.33
MIDD,1989-06-16,0.0,1.35,1.29,1.29
MIDD,1989-06-19,0.0,1.31,1.29,1.31
MIDD,1989-06-20,0.0,1.4,1.33,1.4
MIDD,1989-06-21,0.0,1.42,1.38,1.4
MIDD,1989-06-22,0.0,1.42,1.35,1.4
MIDD,1989-06-23,0.0,1.4,1.35,1.38
MIDD,1989-06-26,0.0,1.38,1.33,1.38
MIDD,1989-06-27,0.0,1.35,1.33,1.33
MIDD,1989-06-28,0.0,1.33,1.31,1.31
MIDD,1989-06-29,0.0,1.35,1.29,1.33
MIDD,1989-06-30,0.0,1.38,1.25,1.38
MIDD,1989-07-03,0.0,1.35,1.33,1.35
MIDD,1989-07-05,0.0,1.46,1.35,1.46
MIDD,1989-07-06,0.0,1.46,1.42,1.42
MIDD,1989-07-07,0.0,1.46,1.42,1.44
MIDD,1989-07-10,0.0,1.48,1.44,1.44
MIDD,1989-07-11,0.0,1.46,1.44,1.44
MIDD,1989-07-12,0.0,1.46,1.44,1.44
MIDD,1989-07-13,0.0,1.48,1.46,1.48
MIDD,1989-07-14,0.0,1.48,1.46,1.46
MIDD,1989-07-17,0.0,1.67,1.5,1.6
MIDD,1989-07-18,0.0,1.67,1.58,1.58
MIDD,1989-07-19,0.0,1.62,1.56,1.56
MIDD,1989-07-20,0.0,1.52,1.42,1.44
MIDD,1989-07-21,0.0,1.44,1.38,1.38
MIDD,1989-07-24,0.0,1.4,1.35,1.4
MIDD,1989-07-25,0.0,1.42,1.35,1.4
MIDD,1989-07-26,0.0,1.4,1.38,1.4
MIDD,1989-07-27,0.0,1.4,1.38,1.38
MIDD,1989-07-28,0.0,1.4,1.35,1.38
MIDD,1989-07-31,0.0,1.38,1.23,1.29
MIDD,1989-08-01,0.0,1.38,1.31,1.35
MIDD,1989-08-02,0.0,1.35,1.31,1.35
MIDD,1989-08-03,0.0,1.35,1.35,1.35
MIDD,1989-08-04,0.0,1.4,1.33,1.4
MIDD,1989-08-07,0.0,1.46,1.35,1.46
MIDD,1989-08-08,0.0,1.42,1.35,1.35
MIDD,1989-08-09,0.0,1.38,1.33,1.33
MIDD,1989-08-10,0.0,1.35,1.33,1.35
MIDD,1989-08-11,0.0,1.35,1.33,1.33
MIDD,1989-08-14,0.0,1.35,1.31,1.31
MIDD,1989-08-15,0.0,1.33,1.29,1.31
MIDD,1989-08-16,0.0,1.33,1.29,1.31
MIDD,1989-08-17,0.0,1.33,1.31,1.33
MIDD,1989-08-18,0.0,1.33,1.31,1.31
MIDD,1989-08-21,0.0,1.33,1.29,1.29
MIDD,1989-08-22,0.0,1.31,1.27,1.27
MIDD,1989-08-23,0.0,1.29,1.27,1.27
MIDD,1989-08-24,0.0,1.29,1.27,1.27
MIDD,1989-08-25,0.0,1.29,1.27,1.29
MIDD,1989-08-28,0.0,1.29,1.27,1.27
MIDD,1989-08-29,0.0,1.31,1.27,1.27
MIDD,1989-08-30,0.0,1.27,1.27,1.27
MIDD,1989-08-31,0.0,1.27,1.27,1.27
MIDD,1989-09-01,0.0,1.25,1.25,1.25
MIDD,1989-09-05,0.0,1.29,1.25,1.29
MIDD,1989-09-06,0.0,1.31,1.27,1.31
MIDD,1989-09-07,0.0,1.31,1.27,1.29
MIDD,1989-09-08,0.0,1.31,1.29,1.29
MIDD,1989-09-11,0.0,1.31,1.29,1.31
MIDD,1989-09-12,0.0,1.31,1.25,1.27
MIDD,1989-09-13,0.0,1.29,1.27,1.27
MIDD,1989-09-14,0.0,1.27,1.23,1.25
MIDD,1989-09-15,0.0,1.25,1.25,1.25
MIDD,1989-09-18,0.0,1.29,1.23,1.27
MIDD,1989-09-19,0.0,1.29,1.21,1.21
MIDD,1989-09-20,0.0,1.25,1.21,1.21
MIDD,1989-09-21,0.0,1.25,1.21,1.25
MIDD,1989-09-22,0.0,1.25,1.23,1.23
MIDD,1989-09-25,0.0,1.25,1.23,1.25
MIDD,1989-09-26,0.0,1.23,1.23,1.23
MIDD,1989-09-27,0.0,1.21,1.21,1.21
MIDD,1989-09-28,0.0,1.23,1.21,1.21
MIDD,1989-09-29,0.0,1.19,1.04,1.1
MIDD,1989-10-02,0.0,1.15,1.08,1.12
MIDD,1989-10-03,0.0,1.12,1.1,1.1
MIDD,1989-10-04,0.0,1.1,1.06,1.08
MIDD,1989-10-05,0.0,1.04,1.0,1.02
MIDD,1989-10-06,0.0,1.02,0.96,0.98
MIDD,1989-10-09,0.0,1.0,0.9,0.9
MIDD,1989-10-10,0.0,1.04,0.9,1.04
MIDD,1989-10-11,0.0,1.21,1.04,1.12
MIDD,1989-10-12,0.0,1.15,1.1,1.1
MIDD,1989-10-13,0.0,1.08,1.02,1.04
MIDD,1989-10-16,0.0,1.0,0.94,1.0
MIDD,1989-10-17,0.0,1.0,0.98,1.0
MIDD,1989-10-18,0.0,1.0,0.96,0.98
MIDD,1989-10-19,0.0,1.0,0.98,0.98
MIDD,1989-10-20,0.0,0.98,0.96,0.98
MIDD,1989-10-23,0.0,1.0,0.98,0.98
MIDD,1989-10-24,0.0,1.0,1.0,1.0
MIDD,1989-10-25,0.0,1.0,0.98,0.98
MIDD,1989-10-26,0.0,0.96,0.94,0.94
MIDD,1989-10-27,0.0,0.96,0.92,0.92
MIDD,1989-10-30,0.0,1.0,0.94,1.0
MIDD,1989-10-31,0.0,1.06,1.0,1.04
MIDD,1989-11-01,0.0,1.1,1.06,1.1
MIDD,1989-11-02,0.0,1.12,1.06,1.1
MIDD,1989-11-03,0.0,1.15,1.08,1.15
MIDD,1989-11-06,0.0,1.12,1.08,1.08
MIDD,1989-11-07,0.0,1.06,1.0,1.06
MIDD,1989-11-08,0.0,1.06,1.02,1.06
MIDD,1989-11-09,0.0,1.06,1.04,1.04
MIDD,1989-11-10,0.0,1.1,1.04,1.06
MIDD,1989-11-13,0.0,1.08,1.04,1.06
MIDD,1989-11-14,0.0,1.04,1.04,1.04
MIDD,1989-11-15,0.0,1.04,1.0,1.04
MIDD,1989-11-16,0.0,1.08,1.02,1.08
MIDD,1989-11-17,0.0,1.1,1.08,1.1
MIDD,1989-11-20,0.0,1.1,1.08,1.08
MIDD,1989-11-21,0.0,1.1,1.08,1.1
MIDD,1989-11-22,0.0,1.08,1.08,1.08
MIDD,1989-11-24,0.0,1.12,1.08,1.12
MIDD,1989-11-27,0.0,1.12,1.12,1.12
MIDD,1989-11-28,0.0,1.15,1.1,1.15
MIDD,1989-11-29,0.0,1.1,1.1,1.1
MIDD,1989-11-30,0.0,1.08,1.08,1.08
MIDD,1989-12-01,0.0,1.08,1.06,1.06
MIDD,1989-12-04,0.0,1.08,1.04,1.06
MIDD,1989-12-05,0.0,1.08,1.04,1.04
MIDD,1989-12-06,0.0,1.04,1.0,1.04
MIDD,1989-12-07,0.0,1.04,1.02,1.02
MIDD,1989-12-08,0.0,1.04,1.02,1.02
MIDD,1989-12-11,0.0,1.0,1.0,1.0
MIDD,1989-12-12,0.0,1.02,0.98,0.98
MIDD,1989-12-13,0.0,1.0,0.96,0.98
MIDD,1989-12-14,0.0,0.98,0.96,0.96
MIDD,1989-12-15,0.0,0.98,0.96,0.96
MIDD,1989-12-18,0.0,0.96,0.94,0.94
MIDD,1989-12-19,0.0,0.96,0.92,0.92
MIDD,1989-12-20,0.0,0.96,0.92,0.92
MIDD,1989-12-21,0.0,0.96,0.92,0.94
MIDD,1989-12-22,0.0,0.96,0.92,0.96
MIDD,1989-12-26,0.0,0.98,0.96,0.98
MIDD,1989-12-27,0.0,0.98,0.96,0.98
MIDD,1989-12-28,0.0,0.96,0.94,0.94
MIDD,1989-12-29,0.0,0.96,0.92,0.96
MIDD,1990-01-02,0.0,1.0,0.96,1.0
MIDD,1990-01-03,0.0,1.04,1.0,1.04
MIDD,1990-01-04,0.0,1.06,1.0,1.04
MIDD,1990-01-05,0.0,1.0,1.0,1.0
MIDD,1990-01-08,0.0,1.04,1.0,1.04
MIDD,1990-01-09,0.0,1.0,0.98,0.98
MIDD,1990-01-10,0.0,0.96,0.92,0.96
MIDD,1990-01-11,0.0,0.96,0.94,0.94
MIDD,1990-01-12,0.0,0.94,0.9,0.92
MIDD,1990-01-15,0.0,0.92,0.88,0.88
MIDD,1990-01-16,0.0,0.88,0.83,0.85
MIDD,1990-01-17,0.0,0.9,0.88,0.88
MIDD,1990-01-18,0.0,0.92,0.85,0.85
MIDD,1990-01-19,0.0,0.9,0.83,0.88
MIDD,1990-01-22,0.0,0.9,0.85,0.85
MIDD,1990-01-23,0.0,0.9,0.83,0.83
MIDD,1990-01-24,0.0,0.88,0.81,0.85
MIDD,1990-01-25,0.0,0.83,0.83,0.83
MIDD,1990-01-26,0.0,0.83,0.81,0.81
MIDD,1990-01-29,0.0,0.83,0.81,0.83
MIDD,1990-01-30,0.0,0.81,0.75,0.75
MIDD,1990-01-31,0.0,0.77,0.73,0.73
MIDD,1990-02-01,0.0,0.73,0.71,0.71
MIDD,1990-02-02,0.0,0.73,0.69,0.71
MIDD,1990-02-05,0.0,0.71,0.65,0.67
MIDD,1990-02-06,0.0,0.71,0.67,0.67
MIDD,1990-02-07,0.0,0.73,0.67,0.67
MIDD,1990-02-08,0.0,0.69,0.67,0.69
MIDD,1990-02-09,0.0,0.71,0.67,0.71
MIDD,1990-02-12,0.0,0.77,0.71,0.77
MIDD,1990-02-13,0.0,0.81,0.75,0.79
MIDD,1990-02-14,0.0,0.79,0.77,0.79
MIDD,1990-02-15,0.0,0.79,0.77,0.79
MIDD,1990-02-16,0.0,0.79,0.73,0.75
MIDD,1990-02-20,0.0,0.75,0.71,0.75
MIDD,1990-02-21,0.0,0.77,0.73,0.73
MIDD,1990-02-22,0.0,0.75,0.73,0.75
MIDD,1990-02-23,0.0,0.73,0.73,0.73
MIDD,1990-02-26,0.0,0.73,0.71,0.73
MIDD,1990-02-27,0.0,0.75,0.73,0.73
MIDD,1990-02-28,0.0,0.75,0.73,0.73
MIDD,1990-03-01,0.0,0.71,0.71,0.71
MIDD,1990-03-02,0.0,0.73,0.71,0.71
MIDD,1990-03-05,0.0,0.69,0.67,0.67
MIDD,1990-03-06,0.0,0.62,0.5,0.56
MIDD,1990-03-07,0.0,0.56,0.52,0.56
MIDD,1990-03-08,0.0,0.6,0.56,0.58
MIDD,1990-03-09,0.0,0.6,0.58,0.6
MIDD,1990-03-12,0.0,0.65,0.6,0.62
MIDD,1990-03-13,0.0,0.65,0.6,0.6
MIDD,1990-03-14,0.0,0.6,0.58,0.58
MIDD,1990-03-15,0.0,0.6,0.56,0.56
MIDD,1990-03-16,0.0,0.58,0.56,0.58
MIDD,1990-03-19,0.0,0.58,0.56,0.56
MIDD,1990-03-20,0.0,0.56,0.54,0.56
MIDD,1990-03-21,0.0,0.56,0.5,0.5
MIDD,1990-03-22,0.0,0.54,0.52,0.52
MIDD,1990-03-23,0.0,0.54,0.52,0.52
MIDD,1990-03-26,0.0,0.56,0.52,0.56
MIDD,1990-03-27,0.0,0.58,0.58,0.58
MIDD,1990-03-28,0.0,0.56,0.52,0.54
MIDD,1990-03-29,0.0,0.54,0.5,0.54
MIDD,1990-03-30,0.0,0.56,0.5,0.56
MIDD,1990-04-02,0.0,0.54,0.54,0.54
MIDD,1990-04-03,0.0,0.56,0.54,0.54
MIDD,1990-04-04,0.0,0.56,0.52,0.52
MIDD,1990-04-05,0.0,0.54,0.52,0.54
MIDD,1990-04-06,0.0,0.54,0.5,0.54
MIDD,1990-04-09,0.0,0.54,0.52,0.54
MIDD,1990-04-10,0.0,0.56,0.52,0.54
MIDD,1990-04-11,0.0,0.56,0.56,0.56
MIDD,1990-04-12,0.0,0.56,0.54,0.54
MIDD,1990-04-16,0.0,0.54,0.5,0.54
MIDD,1990-04-17,0.0,0.56,0.52,0.56
MIDD,1990-04-18,0.0,0.56,0.54,0.54
MIDD,1990-04-19,0.0,0.56,0.52,0.56
MIDD,1990-04-20,0.0,0.56,0.54,0.54
MIDD,1990-04-23,0.0,0.52,0.5,0.5
MIDD,1990-04-24,0.0,0.56,0.52,0.54
MIDD,1990-04-25,0.54,0.54,0.54,0.54
MIDD,1990-04-26,0.0,0.56,0.54,0.54
MIDD,1990-04-27,0.0,0.56,0.56,0.56
MIDD,1990-04-30,0.0,0.65,0.56,0.62
MIDD,1990-05-01,0.0,0.67,0.62,0.67
MIDD,1990-05-02,0.0,0.67,0.67,0.67
MIDD,1990-05-03,0.0,0.75,0.67,0.75
MIDD,1990-05-04,0.0,0.81,0.69,0.79
MIDD,1990-05-07,0.0,0.79,0.73,0.73
MIDD,1990-05-08,0.0,0.73,0.69,0.69
MIDD,1990-05-09,0.0,0.73,0.71,0.71
MIDD,1990-05-10,0.0,0.73,0.71,0.71
MIDD,1990-05-11,0.0,0.73,0.71,0.71
MIDD,1990-05-14,0.0,0.73,0.71,0.73
MIDD,1990-05-15,0.0,0.73,0.69,0.71
MIDD,1990-05-16,0.0,0.73,0.71,0.71
MIDD,1990-05-17,0.0,0.69,0.69,0.69
MIDD,1990-05-18,0.0,0.69,0.69,0.69
MIDD,1990-05-21,0.0,0.69,0.69,0.69
MIDD,1990-05-22,0.0,0.69,0.69,0.69
MIDD,1990-05-23,0.0,0.71,0.67,0.67
MIDD,1990-05-24,0.0,0.71,0.69,0.71
MIDD,1990-05-25,0.0,0.71,0.69,0.69
MIDD,1990-05-29,0.0,0.73,0.69,0.71
MIDD,1990-05-30,0.71,0.71,0.71,0.71
MIDD,1990-05-31,0.0,0.73,0.69,0.71
MIDD,1990-06-01,0.0,0.71,0.69,0.71
MIDD,1990-06-04,0.0,0.69,0.69,0.69
MIDD,1990-06-05,0.0,0.71,0.67,0.67
MIDD,1990-06-06,0.0,0.67,0.67,0.67
MIDD,1990-06-07,0.0,0.69,0.67,0.69
MIDD,1990-06-08,0.0,0.67,0.67,0.67
MIDD,1990-06-11,0.0,0.69,0.67,0.69
MIDD,1990-06-12,0.0,0.69,0.67,0.67
MIDD,1990-06-13,0.0,0.67,0.67,0.67
MIDD,1990-06-14,0.0,0.67,0.65,0.65
MIDD,1990-06-15,0.0,0.67,0.67,0.67
MIDD,1990-06-18,0.0,0.65,0.65,0.65
MIDD,1990-06-19,0.0,0.65,0.62,0.62
MIDD,1990-06-20,0.0,0.65,0.6,0.6
MIDD,1990-06-21,0.0,0.62,0.6,0.6
MIDD,1990-06-22,0.0,0.6,0.54,0.58
MIDD,1990-06-25,0.0,0.58,0.58,0.58
MIDD,1990-06-26,0.0,0.58,0.58,0.58
MIDD,1990-06-27,0.0,0.56,0.54,0.56
MIDD,1990-06-28,0.0,0.56,0.54,0.54
MIDD,1990-06-29,0.0,0.54,0.54,0.54
MIDD,1990-07-02,0.0,0.54,0.52,0.52
MIDD,1990-07-03,0.0,0.56,0.52,0.52
MIDD,1990-07-05,0.0,0.52,0.52,0.52
MIDD,1990-07-06,0.0,0.56,0.52,0.56
MIDD,1990-07-09,0.0,0.56,0.54,0.56
MIDD,1990-07-10,0.0,0.54,0.52,0.52
MIDD,1990-07-11,0.0,0.52,0.52,0.52
MIDD,1990-07-12,0.0,0.52,0.52,0.52
MIDD,1990-07-13,0.0,0.56,0.54,0.54
MIDD,1990-07-16,0.0,0.54,0.54,0.54
MIDD,1990-07-17,0.0,0.58,0.54,0.58
MIDD,1990-07-18,0.0,0.62,0.58,0.62
MIDD,1990-07-19,0.0,0.67,0.58,0.67
MIDD,1990-07-20,0.0,0.67,0.62,0.65
MIDD,1990-07-23,0.0,0.62,0.56,0.58
MIDD,1990-07-24,0.0,0.58,0.56,0.56
MIDD,1990-07-25,0.56,0.56,0.56,0.56
MIDD,1990-07-26,0.0,0.54,0.54,0.54
MIDD,1990-07-27,0.0,0.52,0.52,0.52
MIDD,1990-07-30,0.0,0.52,0.5,0.5
MIDD,1990-07-31,0.0,0.54,0.52,0.52
MIDD,1990-08-01,0.0,0.54,0.52,0.52
MIDD,1990-08-02,0.0,0.52,0.5,0.5
MIDD,1990-08-03,0.0,0.52,0.5,0.52
MIDD,1990-08-06,0.0,0.56,0.5,0.52
MIDD,1990-08-07,0.0,0.5,0.5,0.5
MIDD,1990-08-08,0.0,0.5,0.5,0.5
MIDD,1990-08-09,0.0,0.5,0.5,0.5
MIDD,1990-08-10,0.0,0.52,0.52,0.52
MIDD,1990-08-13,0.0,0.5,0.5,0.5
MIDD,1990-08-14,0.0,0.5,0.5,0.5
MIDD,1990-08-15,0.0,0.54,0.52,0.54
MIDD,1990-08-16,0.0,0.5,0.5,0.5
MIDD,1990-08-17,0.0,0.54,0.48,0.54
MIDD,1990-08-20,0.0,0.52,0.5,0.52
MIDD,1990-08-21,0.0,0.5,0.48,0.48
MIDD,1990-08-22,0.0,0.48,0.33,0.35
MIDD,1990-08-23,0.0,0.4,0.35,0.38
MIDD,1990-08-24,0.0,0.4,0.38,0.38
MIDD,1990-08-27,0.0,0.4,0.35,0.35
MIDD,1990-08-28,0.0,0.42,0.35,0.42
MIDD,1990-08-29,0.0,0.42,0.38,0.38
MIDD,1990-08-30,0.0,0.4,0.4,0.4
MIDD,1990-08-31,0.0,0.38,0.38,0.38
MIDD,1990-09-04,0.0,0.4,0.4,0.4
MIDD,1990-09-05,0.0,0.38,0.38,0.38
MIDD,1990-09-06,0.0,0.4,0.4,0.4
MIDD,1990-09-07,0.0,0.38,0.38,0.38
MIDD,1990-09-10,0.0,0.4,0.38,0.38
MIDD,1990-09-11,0.38,0.38,0.38,0.38
MIDD,1990-09-12,0.38,0.38,0.38,0.38
MIDD,1990-09-13,0.0,0.4,0.38,0.4
MIDD,1990-09-14,0.4,0.4,0.4,0.4
MIDD,1990-09-17,0.0,0.4,0.4,0.4
MIDD,1990-09-18,0.0,0.38,0.38,0.38
MIDD,1990-09-19,0.0,0.35,0.35,0.35
MIDD,1990-09-20,0.0,0.35,0.35,0.35
MIDD,1990-09-21,0.0,0.35,0.33,0.33
MIDD,1990-09-24,0.0,0.33,0.33,0.33
MIDD,1990-09-25,0.33,0.33,0.33,0.33
MIDD,1990-09-26,0.0,0.33,0.31,0.33
MIDD,1990-09-27,0.0,0.33,0.31,0.31
MIDD,1990-09-28,0.31,0.31,0.31,0.31
MIDD,1990-10-01,0.0,0.33,0.31,0.33
MIDD,1990-10-02,0.0,0.35,0.31,0.31
MIDD,1990-10-03,0.0,0.33,0.31,0.31
MIDD,1990-10-04,0.0,0.31,0.31,0.31
MIDD,1990-10-05,0.0,0.31,0.31,0.31
MIDD,1990-10-08,0.0,0.33,0.33,0.33
MIDD,1990-10-09,0.0,0.33,0.33,0.33
MIDD,1990-10-10,0.0,0.33,0.33,0.33
MIDD,1990-10-11,0.0,0.31,0.31,0.31
MIDD,1990-10-12,0.0,0.29,0.29,0.29
MIDD,1990-10-15,0.0,0.33,0.31,0.33
MIDD,1990-10-16,0.33,0.33,0.33,0.33
MIDD,1990-10-17,0.0,0.33,0.27,0.29
MIDD,1990-10-18,0.29,0.29,0.29,0.29
MIDD,1990-10-19,0.0,0.33,0.31,0.31
MIDD,1990-10-22,0.0,0.31,0.27,0.27
MIDD,1990-10-23,0.0,0.27,0.27,0.27
MIDD,1990-10-24,0.0,0.27,0.23,0.25
MIDD,1990-10-25,0.0,0.27,0.25,0.27
MIDD,1990-10-26,0.0,0.29,0.29,0.29
MIDD,1990-10-29,0.0,0.29,0.25,0.29
MIDD,1990-10-30,0.0,0.27,0.25,0.25
MIDD,1990-10-31,0.0,0.25,0.23,0.25
MIDD,1990-11-01,0.0,0.23,0.23,0.23
MIDD,1990-11-02,0.0,0.27,0.23,0.27
MIDD,1990-11-05,0.0,0.25,0.25,0.25
MIDD,1990-11-06,0.0,0.27,0.25,0.27
MIDD,1990-11-07,0.0,0.29,0.29,0.29
MIDD,1990-11-08,0.0,0.27,0.21,0.27
MIDD,1990-11-09,0.0,0.31,0.27,0.31
MIDD,1990-11-12,0.0,0.31,0.31,0.31
MIDD,1990-11-13,0.0,0.29,0.29,0.29
MIDD,1990-11-14,0.0,0.29,0.27,0.29
MIDD,1990-11-15,0.0,0.31,0.29,0.31
MIDD,1990-11-16,0.0,0.31,0.27,0.27
MIDD,1990-11-19,0.0,0.27,0.25,0.25
MIDD,1990-11-20,0.25,0.25,0.25,0.25
MIDD,1990-11-21,0.0,0.27,0.25,0.27
MIDD,1990-11-23,0.27,0.27,0.27,0.27
MIDD,1990-11-26,0.0,0.25,0.23,0.25
MIDD,1990-11-27,0.0,0.25,0.21,0.21
MIDD,1990-11-28,0.0,0.25,0.21,0.23
MIDD,1990-11-29,0.0,0.25,0.23,0.25
MIDD,1990-11-30,0.0,0.25,0.23,0.23
MIDD,1990-12-03,0.0,0.23,0.23,0.23
MIDD,1990-12-04,0.23,0.23,0.23,0.23
MIDD,1990-12-05,0.0,0.23,0.21,0.21
MIDD,1990-12-06,0.0,0.23,0.23,0.23
MIDD,1990-12-07,0.0,0.21,0.21,0.21
MIDD,1990-12-10,0.0,0.21,0.21,0.21
MIDD,1990-12-11,0.0,0.21,0.21,0.21
MIDD,1990-12-12,0.0,0.23,0.21,0.23
MIDD,1990-12-13,0.0,0.23,0.23,0.23
MIDD,1990-12-14,0.0,0.23,0.21,0.21
MIDD,1990-12-17,0.0,0.23,0.21,0.23
MIDD,1990-12-18,0.0,0.21,0.19,0.21
MIDD,1990-12-19,0.0,0.25,0.21,0.21
MIDD,1990-12-20,0.0,0.19,0.17,0.17
MIDD,1990-12-21,0.0,0.29,0.17,0.27
MIDD,1990-12-24,0.0,0.27,0.21,0.21
MIDD,1990-12-26,0.0,0.25,0.23,0.25
MIDD,1990-12-27,0.0,0.23,0.21,0.21
MIDD,1990-12-28,0.0,0.23,0.21,0.21
MIDD,1990-12-31,0.0,0.23,0.19,0.21
MIDD,1991-01-02,0.0,0.25,0.23,0.25
MIDD,1991-01-03,0.0,0.29,0.25,0.29
MIDD,1991-01-04,0.0,0.29,0.27,0.27
MIDD,1991-01-07,0.0,0.25,0.23,0.23
MIDD,1991-01-08,0.0,0.25,0.25,0.25
MIDD,1991-01-09,0.0,0.27,0.23,0.27
MIDD,1991-01-10,0.0,0.25,0.25,0.25
MIDD,1991-01-11,0.25,0.25,0.25,0.25
MIDD,1991-01-14,0.0,0.27,0.25,0.25
MIDD,1991-01-15,0.0,0.27,0.27,0.27
MIDD,1991-01-16,0.0,0.27,0.27,0.27
MIDD,1991-01-17,0.0,0.31,0.27,0.31
MIDD,1991-01-18,0.0,0.31,0.29,0.29
MIDD,1991-01-21,0.0,0.29,0.27,0.27
MIDD,1991-01-22,0.27,0.27,0.27,0.27
MIDD,1991-01-23,0.0,0.29,0.29,0.29
MIDD,1991-01-24,0.29,0.29,0.29,0.29
MIDD,1991-01-25,0.0,0.31,0.31,0.31
MIDD,1991-01-28,0.0,0.31,0.29,0.31
MIDD,1991-01-29,0.0,0.31,0.31,0.31
MIDD,1991-01-30,0.0,0.31,0.29,0.29
MIDD,1991-01-31,0.0,0.29,0.29,0.29
MIDD,1991-02-01,0.0,0.33,0.31,0.33
MIDD,1991-02-04,0.0,0.38,0.33,0.35
MIDD,1991-02-05,0.0,0.44,0.38,0.44
MIDD,1991-02-06,0.0,0.44,0.42,0.42
MIDD,1991-02-07,0.0,0.42,0.35,0.35
MIDD,1991-02-08,0.0,0.38,0.35,0.35
MIDD,1991-02-11,0.0,0.38,0.35,0.38
MIDD,1991-02-12,0.0,0.38,0.38,0.38
MIDD,1991-02-13,0.0,0.38,0.38,0.38
MIDD,1991-02-14,0.0,0.38,0.35,0.35
MIDD,1991-02-15,0.0,0.35,0.35,0.35
MIDD,1991-02-19,0.35,0.35,0.35,0.35
MIDD,1991-02-20,0.0,0.35,0.35,0.35
MIDD,1991-02-21,0.0,0.38,0.38,0.38
MIDD,1991-02-22,0.0,0.38,0.38,0.38
MIDD,1991-02-25,0.0,0.38,0.38,0.38
MIDD,1991-02-26,0.0,0.38,0.38,0.38
MIDD,1991-02-27,0.38,0.38,0.38,0.38
MIDD,1991-02-28,0.0,0.35,0.35,0.35
MIDD,1991-03-01,0.0,0.38,0.35,0.38
MIDD,1991-03-04,0.0,0.38,0.35,0.35
MIDD,1991-03-05,0.0,0.38,0.35,0.38
MIDD,1991-03-06,0.0,0.38,0.35,0.38
MIDD,1991-03-07,0.38,0.38,0.38,0.38
MIDD,1991-03-08,0.0,0.35,0.35,0.35
MIDD,1991-03-11,0.0,0.33,0.33,0.33
MIDD,1991-03-12,0.0,0.33,0.33,0.33
MIDD,1991-03-13,0.0,0.33,0.33,0.33
MIDD,1991-03-14,0.0,0.33,0.33,0.33
MIDD,1991-03-15,0.0,0.33,0.33,0.33
MIDD,1991-03-18,0.0,0.33,0.33,0.33
MIDD,1991-03-19,0.33,0.33,0.33,0.33
MIDD,1991-03-20,0.0,0.35,0.35,0.35
MIDD,1991-03-21,0.0,0.35,0.33,0.33
MIDD,1991-03-22,0.33,0.33,0.33,0.33
MIDD,1991-03-25,0.0,0.33,0.33,0.33
MIDD,1991-03-26,0.33,0.33,0.33,0.33
MIDD,1991-03-27,0.0,0.33,0.31,0.31
MIDD,1991-03-28,0.0,0.31,0.31,0.31
MIDD,1991-04-01,0.0,0.29,0.29,0.29
MIDD,1991-04-02,0.0,0.29,0.29,0.29
MIDD,1991-04-03,0.0,0.31,0.29,0.31
MIDD,1991-04-04,0.0,0.33,0.33,0.33
MIDD,1991-04-05,0.0,0.29,0.29,0.29
MIDD,1991-04-08,0.29,0.29,0.29,0.29
MIDD,1991-04-09,0.0,0.31,0.29,0.31
MIDD,1991-04-10,0.0,0.31,0.29,0.31
MIDD,1991-04-11,0.0,0.31,0.25,0.27
MIDD,1991-04-12,0.0,0.29,0.25,0.29
MIDD,1991-04-15,0.0,0.27,0.27,0.27
MIDD,1991-04-16,0.0,0.27,0.25,0.25
MIDD,1991-04-17,0.0,0.25,0.25,0.25
MIDD,1991-04-18,0.0,0.29,0.25,0.27
MIDD,1991-04-19,0.0,0.25,0.25,0.25
MIDD,1991-04-22,0.0,0.25,0.25,0.25
MIDD,1991-04-23,0.0,0.25,0.25,0.25
MIDD,1991-04-24,0.0,0.25,0.25,0.25
MIDD,1991-04-25,0.0,0.25,0.25,0.25
MIDD,1991-04-26,0.25,0.25,0.25,0.25
MIDD,1991-04-29,0.0,0.29,0.25,0.27
MIDD,1991-04-30,0.0,0.29,0.29,0.29
MIDD,1991-05-01,0.0,0.29,0.25,0.25
MIDD,1991-05-02,0.0,0.27,0.25,0.25
MIDD,1991-05-03,0.25,0.25,0.25,0.25
MIDD,1991-05-06,0.0,0.25,0.25,0.25
MIDD,1991-05-07,0.0,0.27,0.25,0.27
MIDD,1991-05-08,0.0,0.25,0.25,0.25
MIDD,1991-05-09,0.0,0.25,0.25,0.25
MIDD,1991-05-10,0.0,0.25,0.25,0.25
MIDD,1991-05-13,0.0,0.25,0.23,0.23
MIDD,1991-05-14,0.0,0.29,0.23,0.29
MIDD,1991-05-15,0.0,0.29,0.27,0.29
MIDD,1991-05-16,0.0,0.27,0.27,0.27
MIDD,1991-05-17,0.0,0.27,0.27,0.27
MIDD,1991-05-20,0.0,0.25,0.25,0.25
MIDD,1991-05-21,0.0,0.25,0.25,0.25
MIDD,1991-05-22,0.0,0.25,0.25,0.25
MIDD,1991-05-23,0.25,0.25,0.25,0.25
MIDD,1991-05-24,0.25,0.25,0.25,0.25
MIDD,1991-05-28,0.0,0.27,0.25,0.25
MIDD,1991-05-29,0.0,0.25,0.25,0.25
MIDD,1991-05-30,0.0,0.25,0.25,0.25
MIDD,1991-05-31,0.0,0.25,0.25,0.25
MIDD,1991-06-03,0.0,0.25,0.25,0.25
MIDD,1991-06-04,0.0,0.27,0.27,0.27
MIDD,1991-06-05,0.0,0.29,0.25,0.25
MIDD,1991-06-06,0.0,0.27,0.27,0.27
MIDD,1991-06-07,0.27,0.27,0.27,0.27
MIDD,1991-06-10,0.0,0.25,0.25,0.25
MIDD,1991-06-11,0.0,0.27,0.27,0.27
MIDD,1991-06-12,0.27,0.27,0.27,0.27
MIDD,1991-06-13,0.27,0.27,0.27,0.27
MIDD,1991-06-14,0.0,0.25,0.25,0.25
MIDD,1991-06-17,0.25,0.25,0.25,0.25
MIDD,1991-06-18,0.0,0.25,0.25,0.25
MIDD,1991-06-19,0.0,0.25,0.25,0.25
MIDD,1991-06-20,0.0,0.27,0.27,0.27
MIDD,1991-06-21,0.0,0.25,0.25,0.25
MIDD,1991-06-24,0.0,0.25,0.23,0.23
MIDD,1991-06-25,0.0,0.25,0.23,0.25
MIDD,1991-06-26,0.25,0.25,0.25,0.25
MIDD,1991-06-27,0.0,0.25,0.23,0.23
MIDD,1991-06-28,0.0,0.25,0.23,0.23
MIDD,1991-07-01,0.0,0.25,0.25,0.25
MIDD,1991-07-02,0.0,0.23,0.23,0.23
MIDD,1991-07-03,0.0,0.23,0.23,0.23
MIDD,1991-07-05,0.23,0.23,0.23,0.23
MIDD,1991-07-08,0.23,0.23,0.23,0.23
MIDD,1991-07-09,0.0,0.21,0.21,0.21
MIDD,1991-07-10,0.0,0.25,0.25,0.25
MIDD,1991-07-11,0.0,0.25,0.25,0.25
MIDD,1991-07-12,0.0,0.25,0.25,0.25
MIDD,1991-07-15,0.0,0.25,0.25,0.25
MIDD,1991-07-16,0.0,0.25,0.23,0.25
MIDD,1991-07-17,0.25,0.25,0.25,0.25
MIDD,1991-07-18,0.0,0.23,0.23,0.23
MIDD,1991-07-19,0.0,0.23,0.23,0.23
MIDD,1991-07-22,0.23,0.23,0.23,0.23
MIDD,1991-07-23,0.0,0.21,0.21,0.21
MIDD,1991-07-24,0.0,0.23,0.23,0.23
MIDD,1991-07-25,0.0,0.25,0.25,0.25
MIDD,1991-07-26,0.25,0.25,0.25,0.25
MIDD,1991-07-29,0.0,0.23,0.23,0.23
MIDD,1991-07-30,0.0,0.23,0.23,0.23
MIDD,1991-07-31,0.0,0.23,0.23,0.23
MIDD,1991-08-01,0.0,0.23,0.23,0.23
MIDD,1991-08-02,0.0,0.23,0.21,0.21
MIDD,1991-08-05,0.0,0.21,0.21,0.21
MIDD,1991-08-06,0.0,0.21,0.21,0.21
MIDD,1991-08-07,0.0,0.21,0.21,0.21
MIDD,1991-08-08,0.0,0.21,0.21,0.21
MIDD,1991-08-09,0.0,0.23,0.21,0.21
MIDD,1991-08-12,0.0,0.23,0.21,0.23
MIDD,1991-08-13,0.23,0.23,0.23,0.23
MIDD,1991-08-14,0.0,0.21,0.21,0.21
MIDD,1991-08-15,0.0,0.23,0.21,0.21
MIDD,1991-08-16,0.0,0.21,0.21,0.21
MIDD,1991-08-19,0.21,0.21,0.21,0.21
MIDD,1991-08-20,0.0,0.19,0.19,0.19
MIDD,1991-08-21,0.0,0.21,0.19,0.21
MIDD,1991-08-22,0.21,0.21,0.21,0.21
MIDD,1991-08-23,0.21,0.21,0.21,0.21
MIDD,1991-08-26,0.0,0.21,0.19,0.19
MIDD,1991-08-27,0.19,0.19,0.19,0.19
MIDD,1991-08-28,0.0,0.21,0.19,0.19
MIDD,1991-08-29,0.0,0.19,0.19,0.19
MIDD,1991-08-30,0.0,0.17,0.17,0.17
MIDD,1991-09-03,0.0,0.19,0.17,0.19
MIDD,1991-09-04,0.0,0.17,0.17,0.17
MIDD,1991-09-05,0.0,0.17,0.17,0.17
MIDD,1991-09-06,0.0,0.19,0.17,0.19
MIDD,1991-09-09,0.0,0.21,0.17,0.21
MIDD,1991-09-10,0.0,0.21,0.17,0.21
MIDD,1991-09-11,0.0,0.19,0.19,0.19
MIDD,1991-09-12,0.0,0.19,0.19,0.19
MIDD,1991-09-13,0.0,0.17,0.17,0.17
MIDD,1991-09-16,0.0,0.19,0.19,0.19
MIDD,1991-09-17,0.0,0.17,0.17,0.17
MIDD,1991-09-18,0.0,0.17,0.17,0.17
MIDD,1991-09-19,0.17,0.17,0.17,0.17
MIDD,1991-09-20,0.17,0.17,0.17,0.17
MIDD,1991-09-23,0.0,0.21,0.19,0.21
MIDD,1991-09-24,0.0,0.19,0.19,0.19
MIDD,1991-09-25,0.0,0.21,0.21,0.21
MIDD,1991-09-26,0.21,0.21,0.21,0.21
MIDD,1991-09-27,0.21,0.21,0.21,0.21
MIDD,1991-09-30,0.0,0.19,0.19,0.19
MIDD,1991-10-01,0.19,0.19,0.19,0.19
MIDD,1991-10-02,0.0,0.19,0.19,0.19
MIDD,1991-10-03,0.19,0.19,0.19,0.19
MIDD,1991-10-04,0.0,0.19,0.19,0.19
MIDD,1991-10-07,0.0,0.17,0.17,0.17
MIDD,1991-10-08,0.0,0.21,0.19,0.21
MIDD,1991-10-09,0.21,0.21,0.21,0.21
MIDD,1991-10-10,0.21,0.21,0.21,0.21
MIDD,1991-10-11,0.0,0.19,0.19,0.19
MIDD,1991-10-14,0.19,0.19,0.19,0.19
MIDD,1991-10-15,0.0,0.19,0.19,0.19
MIDD,1991-10-16,0.0,0.23,0.19,0.19
MIDD,1991-10-17,0.0,0.19,0.19,0.19
MIDD,1991-10-18,0.19,0.19,0.19,0.19
MIDD,1991-10-21,0.0,0.21,0.19,0.19
MIDD,1991-10-22,0.0,0.19,0.19,0.19
MIDD,1991-10-23,0.0,0.19,0.19,0.19
MIDD,1991-10-24,0.0,0.17,0.17,0.17
MIDD,1991-10-25,0.0,0.17,0.17,0.17
MIDD,1991-10-28,0.0,0.19,0.17,0.19
MIDD,1991-10-29,0.0,0.21,0.19,0.21
MIDD,1991-10-30,0.0,0.21,0.19,0.21
MIDD,1991-10-31,0.0,0.21,0.21,0.21
MIDD,1991-11-01,0.0,0.19,0.19,0.19
MIDD,1991-11-04,0.0,0.19,0.19,0.19
MIDD,1991-11-05,0.0,0.19,0.19,0.19
MIDD,1991-11-06,0.0,0.19,0.17,0.19
MIDD,1991-11-07,0.0,0.19,0.17,0.19
MIDD,1991-11-08,0.0,0.21,0.19,0.19
MIDD,1991-11-11,0.21,0.21,0.19,0.19
MIDD,1991-11-12,0.19,0.19,0.19,0.19
MIDD,1991-11-13,0.19,0.19,0.19,0.19
MIDD,1991-11-14,0.19,0.19,0.19,0.19
MIDD,1991-11-15,0.19,0.19,0.19,0.19
MIDD,1991-11-18,0.19,0.19,0.17,0.17
MIDD,1991-11-19,0.17,0.19,0.17,0.17
MIDD,1991-11-20,0.17,0.17,0.17,0.17
MIDD,1991-11-21,0.17,0.17,0.17,0.17
MIDD,1991-11-22,0.17,0.17,0.17,0.17
MIDD,1991-11-25,0.17,0.17,0.17,0.17
MIDD,1991-11-26,0.17,0.17,0.17,0.17
MIDD,1991-11-27,0.17,0.19,0.17,0.19
MIDD,1991-11-29,0.19,0.19,0.19,0.19
MIDD,1991-12-02,0.19,0.19,0.19,0.19
MIDD,1991-12-03,0.19,0.19,0.19,0.19
MIDD,1991-12-04,0.19,0.19,0.17,0.17
MIDD,1991-12-05,0.17,0.19,0.17,0.17
MIDD,1991-12-06,0.19,0.19,0.17,0.17
MIDD,1991-12-09,0.17,0.17,0.17,0.17
MIDD,1991-12-10,0.17,0.17,0.17,0.17
MIDD,1991-12-11,0.17,0.17,0.17,0.17
MIDD,1991-12-12,0.17,0.19,0.17,0.17
MIDD,1991-12-13,0.17,0.19,0.17,0.19
MIDD,1991-12-16,0.17,0.17,0.17,0.17
MIDD,1991-12-17,0.17,0.17,0.17,0.17
MIDD,1991-12-18,0.17,0.17,0.17,0.17
MIDD,1991-12-19,0.17,0.17,0.12,0.15
MIDD,1991-12-20,0.15,0.15,0.12,0.15
MIDD,1991-12-23,0.15,0.16,0.14,0.14
MIDD,1991-12-24,0.12,0.16,0.12,0.14
MIDD,1991-12-26,0.14,0.15,0.14,0.14
MIDD,1991-12-27,0.14,0.15,0.14,0.15
MIDD,1991-12-30,0.14,0.15,0.14,0.15
MIDD,1991-12-31,0.15,0.15,0.14,0.15
MIDD,1992-01-02,0.14,0.15,0.14,0.15
MIDD,1992-01-03,0.14,0.14,0.14,0.14
MIDD,1992-01-06,0.14,0.14,0.14,0.14
MIDD,1992-01-07,0.15,0.15,0.15,0.15
MIDD,1992-01-08,0.15,0.15,0.15,0.15
MIDD,1992-01-09,0.15,0.17,0.15,0.15
MIDD,1992-01-10,0.17,0.17,0.16,0.16
MIDD,1992-01-13,0.16,0.16,0.16,0.16
MIDD,1992-01-14,0.17,0.17,0.17,0.17
MIDD,1992-01-15,0.17,0.17,0.17,0.17
MIDD,1992-01-16,0.17,0.17,0.17,0.17
MIDD,1992-01-17,0.17,0.17,0.17,0.17
MIDD,1992-01-20,0.17,0.17,0.17,0.17
MIDD,1992-01-21,0.17,0.17,0.17,0.17
MIDD,1992-01-22,0.17,0.17,0.17,0.17
MIDD,1992-01-23,0.19,0.19,0.19,0.19
MIDD,1992-01-24,0.21,0.25,0.21,0.25
MIDD,1992-01-27,0.25,0.29,0.25,0.27
MIDD,1992-01-28,0.25,0.27,0.25,0.27
MIDD,1992-01-29,0.27,0.27,0.25,0.25
MIDD,1992-01-30,0.25,0.25,0.25,0.25
MIDD,1992-01-31,0.23,0.23,0.23,0.23
MIDD,1992-02-03,0.23,0.23,0.23,0.23
MIDD,1992-02-04,0.25,0.25,0.23,0.23
MIDD,1992-02-05,0.23,0.23,0.23,0.23
MIDD,1992-02-06,0.23,0.23,0.23,0.23
MIDD,1992-02-07,0.23,0.23,0.23,0.23
MIDD,1992-02-10,0.21,0.21,0.21,0.21
MIDD,1992-02-11,0.21,0.21,0.19,0.19
MIDD,1992-02-12,0.21,0.23,0.21,0.23
MIDD,1992-02-13,0.23,0.23,0.23,0.23
MIDD,1992-02-14,0.21,0.23,0.21,0.23
MIDD,1992-02-18,0.19,0.21,0.19,0.21
MIDD,1992-02-19,0.21,0.21,0.21,0.21
MIDD,1992-02-20,0.21,0.21,0.21,0.21
MIDD,1992-02-21,0.23,0.23,0.21,0.21
MIDD,1992-02-24,0.21,0.21,0.21,0.21
MIDD,1992-02-25,0.21,0.23,0.21,0.23
MIDD,1992-02-26,0.23,0.23,0.23,0.23
MIDD,1992-02-27,0.25,0.25,0.23,0.23
MIDD,1992-02-28,0.23,0.23,0.23,0.23
MIDD,1992-03-02,0.23,0.23,0.23,0.23
MIDD,1992-03-03,0.23,0.25,0.23,0.25
MIDD,1992-03-04,0.25,0.25,0.21,0.21
MIDD,1992-03-05,0.23,0.23,0.21,0.21
MIDD,1992-03-06,0.19,0.21,0.19,0.19
MIDD,1992-03-09,0.19,0.19,0.19,0.19
MIDD,1992-03-10,0.19,0.19,0.19,0.19
MIDD,1992-03-11,0.21,0.21,0.21,0.21
MIDD,1992-03-12,0.23,0.23,0.23,0.23
MIDD,1992-03-13,0.25,0.25,0.23,0.23
MIDD,1992-03-16,0.25,0.25,0.25,0.25
MIDD,1992-03-17,0.23,0.23,0.23,0.23
MIDD,1992-03-18,0.21,0.21,0.21,0.21
MIDD,1992-03-19,0.21,0.21,0.21,0.21
MIDD,1992-03-20,0.21,0.21,0.21,0.21
MIDD,1992-03-23,0.23,0.23,0.23,0.23
MIDD,1992-03-24,0.23,0.23,0.17,0.17
MIDD,1992-03-25,0.23,0.23,0.23,0.23
MIDD,1992-03-26,0.23,0.23,0.23,0.23
MIDD,1992-03-27,0.23,0.23,0.23,0.23
MIDD,1992-03-30,0.23,0.23,0.23,0.23
MIDD,1992-03-31,0.23,0.23,0.23,0.23
MIDD,1992-04-01,0.25,0.25,0.25,0.25
MIDD,1992-04-02,0.23,0.23,0.23,0.23
MIDD,1992-04-03,0.23,0.23,0.23,0.23
MIDD,1992-04-06,0.21,0.25,0.21,0.25
MIDD,1992-04-07,0.27,0.27,0.25,0.25
MIDD,1992-04-08,0.23,0.23,0.23,0.23
MIDD,1992-04-09,0.23,0.23,0.23,0.23
MIDD,1992-04-10,0.23,0.23,0.23,0.23
MIDD,1992-04-13,0.21,0.21,0.21,0.21
MIDD,1992-04-14,0.21,0.21,0.21,0.21
MIDD,1992-04-15,0.23,0.23,0.21,0.21
MIDD,1992-04-16,0.19,0.25,0.19,0.25
MIDD,1992-04-20,0.21,0.21,0.21,0.21
MIDD,1992-04-21,0.23,0.23,0.21,0.21
MIDD,1992-04-22,0.21,0.21,0.21,0.21
MIDD,1992-04-23,0.21,0.21,0.21,0.21
MIDD,1992-04-24,0.25,0.25,0.25,0.25
MIDD,1992-04-27,0.21,0.21,0.21,0.21
MIDD,1992-04-28,0.21,0.21,0.21,0.21
MIDD,1992-04-29,0.25,0.27,0.25,0.25
MIDD,1992-04-30,0.23,0.25,0.23,0.25
MIDD,1992-05-01,0.23,0.23,0.23,0.23
MIDD,1992-05-04,0.25,0.25,0.23,0.23
MIDD,1992-05-05,0.25,0.25,0.25,0.25
MIDD,1992-05-06,0.25,0.31,0.25,0.31
MIDD,1992-05-07,0.31,0.42,0.31,0.35
MIDD,1992-05-08,0.4,0.4,0.35,0.35
MIDD,1992-05-11,0.35,0.35,0.33,0.33
MIDD,1992-05-12,0.31,0.33,0.31,0.31
MIDD,1992-05-13,0.31,0.31,0.31,0.31
MIDD,1992-05-14,0.29,0.29,0.29,0.29
MIDD,1992-05-15,0.31,0.31,0.31,0.31
MIDD,1992-05-18,0.33,0.35,0.33,0.33
MIDD,1992-05-19,0.33,0.35,0.33,0.33
MIDD,1992-05-20,0.35,0.35,0.33,0.35
MIDD,1992-05-21,0.33,0.33,0.33,0.33
MIDD,1992-05-22,0.33,0.33,0.33,0.33
MIDD,1992-05-26,0.33,0.33,0.33,0.33
MIDD,1992-05-27,0.33,0.33,0.33,0.33
MIDD,1992-05-28,0.33,0.33,0.33,0.33
MIDD,1992-05-29,0.33,0.33,0.33,0.33
MIDD,1992-06-01,0.33,0.33,0.33,0.33
MIDD,1992-06-02,0.35,0.35,0.35,0.35
MIDD,1992-06-03,0.38,0.4,0.38,0.4
MIDD,1992-06-04,0.42,0.42,0.42,0.42
MIDD,1992-06-05,0.42,0.44,0.42,0.44
MIDD,1992-06-08,0.48,0.48,0.46,0.48
MIDD,1992-06-09,0.5,0.56,0.5,0.54
MIDD,1992-06-10,0.54,0.54,0.5,0.5
MIDD,1992-06-11,0.5,0.52,0.48,0.48
MIDD,1992-06-12,0.46,0.48,0.46,0.48
MIDD,1992-06-15,0.46,0.48,0.46,0.48
MIDD,1992-06-16,0.46,0.48,0.46,0.48
MIDD,1992-06-17,0.46,0.46,0.46,0.46
MIDD,1992-06-18,0.48,0.48,0.44,0.44
MIDD,1992-06-19,0.44,0.44,0.44,0.44
MIDD,1992-06-22,0.44,0.44,0.44,0.44
MIDD,1992-06-23,0.44,0.44,0.44,0.44
MIDD,1992-06-24,0.46,0.46,0.46,0.46
MIDD,1992-06-25,0.44,0.44,0.42,0.44
MIDD,1992-06-26,0.42,0.42,0.4,0.4
MIDD,1992-06-29,0.4,0.4,0.4,0.4
MIDD,1992-06-30,0.4,0.4,0.4,0.4
MIDD,1992-07-01,0.4,0.4,0.4,0.4
MIDD,1992-07-02,0.4,0.4,0.4,0.4
MIDD,1992-07-06,0.4,0.4,0.4,0.4
MIDD,1992-07-07,0.38,0.38,0.38,0.38
MIDD,1992-07-08,0.38,0.38,0.38,0.38
MIDD,1992-07-09,0.38,0.38,0.38,0.38
MIDD,1992-07-10,0.38,0.38,0.38,0.38
MIDD,1992-07-13,0.38,0.38,0.38,0.38
MIDD,1992-07-14,0.4,0.4,0.38,0.38
MIDD,1992-07-15,0.38,0.38,0.38,0.38
MIDD,1992-07-16,0.36,0.36,0.33,0.33
MIDD,1992-07-17,0.35,0.35,0.35,0.35
MIDD,1992-07-20,0.35,0.35,0.33,0.33
MIDD,1992-07-21,0.35,0.35,0.35,0.35
MIDD,1992-07-22,0.35,0.35,0.33,0.35
MIDD,1992-07-23,0.33,0.35,0.33,0.33
MIDD,1992-07-24,0.33,0.33,0.33,0.33
MIDD,1992-07-27,0.33,0.35,0.33,0.35
MIDD,1992-07-28,0.35,0.35,0.35,0.35
MIDD,1992-07-29,0.35,0.35,0.35,0.35
MIDD,1992-07-30,0.35,0.35,0.35,0.35
MIDD,1992-07-31,0.33,0.33,0.33,0.33
MIDD,1992-08-03,0.35,0.35,0.35,0.35
MIDD,1992-08-04,0.33,0.33,0.33,0.33
MIDD,1992-08-05,0.33,0.33,0.33,0.33
MIDD,1992-08-06,0.33,0.33,0.33,0.33
MIDD,1992-08-07,0.33,0.33,0.33,0.33
MIDD,1992-08-10,0.31,0.31,0.31,0.31
MIDD,1992-08-11,0.33,0.33,0.33,0.33
MIDD,1992-08-12,0.33,0.33,0.33,0.33
MIDD,1992-08-13,0.33,0.33,0.33,0.33
MIDD,1992-08-14,0.31,0.35,0.31,0.35
MIDD,1992-08-17,0.33,0.35,0.31,0.31
MIDD,1992-08-18,0.33,0.33,0.33,0.33
MIDD,1992-08-19,0.31,0.31,0.31,0.31
MIDD,1992-08-20,0.31,0.31,0.31,0.31
MIDD,1992-08-21,0.33,0.33,0.33,0.33
MIDD,1992-08-24,0.33,0.33,0.33,0.33
MIDD,1992-08-25,0.33,0.33,0.33,0.33
MIDD,1992-08-26,0.33,0.33,0.33,0.33
MIDD,1992-08-27,0.33,0.33,0.33,0.33
MIDD,1992-08-28,0.33,0.33,0.33,0.33
MIDD,1992-08-31,0.33,0.33,0.33,0.33
MIDD,1992-09-01,0.33,0.33,0.33,0.33
MIDD,1992-09-02,0.34,0.34,0.34,0.34
MIDD,1992-09-03,0.33,0.33,0.33,0.33
MIDD,1992-09-04,0.33,0.33,0.33,0.33
MIDD,1992-09-08,0.33,0.33,0.33,0.33
MIDD,1992-09-09,0.33,0.33,0.33,0.33
MIDD,1992-09-10,0.33,0.33,0.33,0.33
MIDD,1992-09-11,0.33,0.33,0.33,0.33
MIDD,1992-09-14,0.33,0.33,0.31,0.31
MIDD,1992-09-15,0.31,0.31,0.31,0.31
MIDD,1992-09-16,0.33,0.33,0.31,0.31
MIDD,1992-09-17,0.33,0.33,0.33,0.33
MIDD,1992-09-18,0.33,0.33,0.33,0.33
MIDD,1992-09-21,0.33,0.33,0.33,0.33
MIDD,1992-09-22,0.33,0.33,0.33,0.33
MIDD,1992-09-23,0.33,0.33,0.31,0.33
MIDD,1992-09-24,0.33,0.35,0.33,0.35
MIDD,1992-09-25,0.33,0.33,0.33,0.33
MIDD,1992-09-28,0.35,0.35,0.35,0.35
MIDD,1992-09-29,0.42,0.48,0.42,0.46
MIDD,1992-09-30,0.46,0.46,0.4,0.4
MIDD,1992-10-01,0.4,0.42,0.4,0.42
MIDD,1992-10-02,0.44,0.44,0.4,0.4
MIDD,1992-10-05,0.38,0.43,0.38,0.38
MIDD,1992-10-06,0.4,0.4,0.4,0.4
MIDD,1992-10-07,0.4,0.4,0.4,0.4
MIDD,1992-10-08,0.38,0.38,0.35,0.35
MIDD,1992-10-09,0.38,0.4,0.38,0.4
MIDD,1992-10-12,0.38,0.4,0.38,0.4
MIDD,1992-10-13,0.4,0.4,0.4,0.4
MIDD,1992-10-14,0.38,0.38,0.38,0.38
MIDD,1992-10-15,0.4,0.42,0.4,0.42
MIDD,1992-10-16,0.42,0.46,0.42,0.46
MIDD,1992-10-19,0.46,0.5,0.46,0.48
MIDD,1992-10-20,0.48,0.48,0.46,0.46
MIDD,1992-10-21,0.46,0.46,0.46,0.46
MIDD,1992-10-22,0.48,0.48,0.46,0.46
MIDD,1992-10-23,0.46,0.46,0.46,0.46
MIDD,1992-10-26,0.46,0.46,0.46,0.46
MIDD,1992-10-27,0.45,0.45,0.44,0.44
MIDD,1992-10-28,0.43,0.44,0.43,0.44
MIDD,1992-10-29,0.43,0.43,0.43,0.43
MIDD,1992-10-30,0.42,0.42,0.42,0.42
MIDD,1992-11-02,0.42,0.42,0.42,0.42
MIDD,1992-11-03,0.42,0.42,0.42,0.42
MIDD,1992-11-04,0.42,0.42,0.42,0.42
MIDD,1992-11-05,0.44,0.44,0.44,0.44
MIDD,1992-11-06,0.44,0.46,0.44,0.46
MIDD,1992-11-09,0.44,0.44,0.44,0.44
MIDD,1992-11-10,0.44,0.44,0.44,0.44
MIDD,1992-11-11,0.46,0.46,0.46,0.46
MIDD,1992-11-12,0.44,0.46,0.44,0.46
MIDD,1992-11-13,0.46,0.46,0.46,0.46
MIDD,1992-11-16,0.44,0.44,0.44,0.44
MIDD,1992-11-17,0.42,0.46,0.42,0.46
MIDD,1992-11-18,0.42,0.42,0.42,0.42
MIDD,1992-11-19,0.42,0.42,0.42,0.42
MIDD,1992-11-20,0.44,0.44,0.44,0.44
MIDD,1992-11-23,0.44,0.44,0.44,0.44
MIDD,1992-11-24,0.44,0.44,0.44,0.44
MIDD,1992-11-25,0.44,0.44,0.44,0.44
MIDD,1992-11-27,0.44,0.44,0.44,0.44
MIDD,1992-11-30,0.46,0.46,0.42,0.42
MIDD,1992-12-01,0.42,0.42,0.4,0.4
MIDD,1992-12-02,0.42,0.42,0.42,0.42
MIDD,1992-12-03,0.4,0.4,0.4,0.4
MIDD,1992-12-04,0.36,0.36,0.35,0.35
MIDD,1992-12-07,0.35,0.35,0.35,0.35
MIDD,1992-12-08,0.35,0.38,0.35,0.38
MIDD,1992-12-09,0.35,0.35,0.35,0.35
MIDD,1992-12-10,0.35,0.35,0.35,0.35
MIDD,1992-12-11,0.33,0.33,0.31,0.31
MIDD,1992-12-14,0.33,0.33,0.33,0.33
MIDD,1992-12-15,0.33,0.33,0.33,0.33
MIDD,1992-12-16,0.33,0.33,0.33,0.33
MIDD,1992-12-17,0.34,0.34,0.34,0.34
MIDD,1992-12-18,0.35,0.38,0.35,0.38
MIDD,1992-12-21,0.38,0.38,0.35,0.35
MIDD,1992-12-22,0.35,0.35,0.35,0.35
MIDD,1992-12-23,0.35,0.35,0.35,0.35
MIDD,1992-12-24,0.35,0.35,0.35,0.35
MIDD,1992-12-28,0.35,0.38,0.35,0.38
MIDD,1992-12-29,0.38,0.38,0.38,0.38
MIDD,1992-12-30,0.42,0.42,0.38,0.38
MIDD,1992-12-31,0.38,0.4,0.38,0.4
MIDD,1993-01-04,0.38,0.38,0.38,0.38
MIDD,1993-01-05,0.38,0.38,0.38,0.38
MIDD,1993-01-06,0.42,0.42,0.4,0.4
MIDD,1993-01-07,0.4,0.4,0.4,0.4
MIDD,1993-01-08,0.4,0.4,0.38,0.38
MIDD,1993-01-11,0.38,0.38,0.38,0.38
MIDD,1993-01-12,0.38,0.38,0.38,0.38
MIDD,1993-01-13,0.38,0.38,0.38,0.38
MIDD,1993-01-14,0.38,0.38,0.38,0.38
MIDD,1993-01-15,0.38,0.38,0.38,0.38
MIDD,1993-01-18,0.38,0.38,0.38,0.38
MIDD,1993-01-19,0.38,0.38,0.38,0.38
MIDD,1993-01-20,0.38,0.38,0.38,0.38
MIDD,1993-01-21,0.38,0.38,0.38,0.38
MIDD,1993-01-22,0.35,0.35,0.35,0.35
MIDD,1993-01-25,0.35,0.35,0.35,0.35
MIDD,1993-01-26,0.35,0.35,0.35,0.35
MIDD,1993-01-27,0.35,0.35,0.35,0.35
MIDD,1993-01-28,0.35,0.35,0.35,0.35
MIDD,1993-01-29,0.35,0.35,0.35,0.35
MIDD,1993-02-01,0.35,0.35,0.35,0.35
MIDD,1993-02-02,0.35,0.35,0.35,0.35
MIDD,1993-02-03,0.35,0.35,0.35,0.35
MIDD,1993-02-04,0.35,0.35,0.35,0.35
MIDD,1993-02-05,0.33,0.33,0.33,0.33
MIDD,1993-02-08,0.33,0.35,0.33,0.35
MIDD,1993-02-09,0.35,0.35,0.35,0.35
MIDD,1993-02-10,0.35,0.35,0.35,0.35
MIDD,1993-02-11,0.33,0.33,0.33,0.33
MIDD,1993-02-12,0.35,0.35,0.33,0.33
MIDD,1993-02-16,0.33,0.33,0.33,0.33
MIDD,1993-02-17,0.33,0.33,0.33,0.33
MIDD,1993-02-18,0.33,0.33,0.33,0.33
MIDD,1993-02-19,0.31,0.31,0.31,0.31
MIDD,1993-02-22,0.35,0.35,0.33,0.33
MIDD,1993-02-23,0.33,0.33,0.33,0.33
MIDD,1993-02-24,0.33,0.33,0.33,0.33
MIDD,1993-02-25,0.33,0.33,0.33,0.33
MIDD,1993-02-26,0.33,0.33,0.31,0.33
MIDD,1993-03-01,0.33,0.33,0.33,0.33
MIDD,1993-03-02,0.33,0.33,0.33,0.33
MIDD,1993-03-03,0.31,0.33,0.31,0.33
MIDD,1993-03-04,0.33,0.33,0.33,0.33
MIDD,1993-03-05,0.33,0.33,0.33,0.33
MIDD,1993-03-08,0.31,0.33,0.31,0.33
MIDD,1993-03-09,0.32,0.33,0.32,0.33
MIDD,1993-03-10,0.33,0.33,0.31,0.31
MIDD,1993-03-11,0.33,0.33,0.33,0.33
MIDD,1993-03-12,0.33,0.33,0.33,0.33
MIDD,1993-03-15,0.33,0.33,0.33,0.33
MIDD,1993-03-16,0.31,0.33,0.31,0.33
MIDD,1993-03-17,0.31,0.33,0.31,0.33
MIDD,1993-03-18,0.33,0.33,0.33,0.33
MIDD,1993-03-19,0.32,0.33,0.32,0.33
MIDD,1993-03-22,0.33,0.33,0.33,0.33
MIDD,1993-03-23,0.38,0.38,0.35,0.35
MIDD,1993-03-24,0.35,0.38,0.35,0.38
MIDD,1993-03-25,0.38,0.38,0.38,0.38
MIDD,1993-03-26,0.4,0.42,0.4,0.42
MIDD,1993-03-29,0.44,0.48,0.44,0.48
MIDD,1993-03-30,0.48,0.48,0.46,0.46
MIDD,1993-03-31,0.46,0.46,0.46,0.46
MIDD,1993-04-01,0.44,0.44,0.44,0.44
MIDD,1993-04-02,0.43,0.43,0.43,0.43
MIDD,1993-04-05,0.44,0.44,0.44,0.44
MIDD,1993-04-06,0.44,0.44,0.44,0.44
MIDD,1993-04-07,0.42,0.42,0.4,0.4
MIDD,1993-04-08,0.42,0.42,0.42,0.42
MIDD,1993-04-12,0.4,0.4,0.4,0.4
MIDD,1993-04-13,0.38,0.38,0.38,0.38
MIDD,1993-04-14,0.38,0.38,0.38,0.38
MIDD,1993-04-15,0.38,0.4,0.38,0.4
MIDD,1993-04-16,0.38,0.38,0.38,0.38
MIDD,1993-04-19,0.38,0.38,0.38,0.38
MIDD,1993-04-20,0.38,0.38,0.35,0.35
MIDD,1993-04-21,0.35,0.35,0.35,0.35
MIDD,1993-04-22,0.33,0.33,0.33,0.33
MIDD,1993-04-23,0.33,0.33,0.33,0.33
MIDD,1993-04-26,0.35,0.35,0.35,0.35
MIDD,1993-04-27,0.35,0.35,0.35,0.35
MIDD,1993-04-28,0.35,0.35,0.35,0.35
MIDD,1993-04-29,0.34,0.34,0.34,0.34
MIDD,1993-04-30,0.35,0.35,0.33,0.34
MIDD,1993-05-03,0.34,0.38,0.34,0.38
MIDD,1993-05-04,0.35,0.35,0.35,0.35
MIDD,1993-05-05,0.35,0.35,0.35,0.35
MIDD,1993-05-06,0.35,0.35,0.35,0.35
MIDD,1993-05-07,0.35,0.35,0.35,0.35
MIDD,1993-05-10,0.38,0.38,0.35,0.35
MIDD,1993-05-11,0.35,0.35,0.35,0.35
MIDD,1993-05-12,0.35,0.35,0.35,0.35
MIDD,1993-05-13,0.35,0.35,0.35,0.35
MIDD,1993-05-14,0.35,0.35,0.35,0.35
MIDD,1993-05-17,0.35,0.35,0.35,0.35
MIDD,1993-05-18,0.35,0.35,0.35,0.35
MIDD,1993-05-19,0.35,0.35,0.35,0.35
MIDD,1993-05-20,0.35,0.35,0.35,0.35
MIDD,1993-05-21,0.35,0.35,0.35,0.35
MIDD,1993-05-24,0.35,0.35,0.35,0.35
MIDD,1993-05-25,0.35,0.35,0.35,0.35
MIDD,1993-05-26,0.35,0.35,0.35,0.35
MIDD,1993-05-27,0.35,0.35,0.35,0.35
MIDD,1993-05-28,0.35,0.35,0.35,0.35
MIDD,1993-06-01,0.35,0.35,0.35,0.35
MIDD,1993-06-02,0.35,0.35,0.35,0.35
MIDD,1993-06-03,0.35,0.35,0.35,0.35
MIDD,1993-06-04,0.35,0.35,0.35,0.35
MIDD,1993-06-07,0.35,0.35,0.35,0.35
MIDD,1993-06-08,0.35,0.35,0.35,0.35
MIDD,1993-06-09,0.35,0.35,0.35,0.35
MIDD,1993-06-10,0.35,0.35,0.35,0.35
MIDD,1993-06-11,0.35,0.35,0.35,0.35
MIDD,1993-06-14,0.35,0.35,0.35,0.35
MIDD,1993-06-15,0.35,0.38,0.33,0.33
MIDD,1993-06-16,0.33,0.33,0.29,0.33
MIDD,1993-06-17,0.33,0.35,0.33,0.35
MIDD,1993-06-18,0.35,0.35,0.35,0.35
MIDD,1993-06-21,0.35,0.35,0.35,0.35
MIDD,1993-06-22,0.35,0.35,0.35,0.35
MIDD,1993-06-23,0.35,0.35,0.35,0.35
MIDD,1993-06-24,0.35,0.35,0.35,0.35
MIDD,1993-06-25,0.35,0.35,0.35,0.35
MIDD,1993-06-28,0.33,0.33,0.33,0.33
MIDD,1993-06-29,0.35,0.38,0.35,0.38
MIDD,1993-06-30,0.38,0.38,0.38,0.38
MIDD,1993-07-01,0.38,0.38,0.38,0.38
MIDD,1993-07-02,0.35,0.35,0.35,0.35
MIDD,1993-07-06,0.35,0.35,0.35,0.35
MIDD,1993-07-07,0.35,0.35,0.35,0.35
MIDD,1993-07-08,0.35,0.35,0.35,0.35
MIDD,1993-07-09,0.35,0.35,0.35,0.35
MIDD,1993-07-12,0.36,0.36,0.35,0.35
MIDD,1993-07-13,0.35,0.35,0.35,0.35
MIDD,1993-07-14,0.35,0.35,0.35,0.35
MIDD,1993-07-15,0.35,0.35,0.35,0.35
MIDD,1993-07-16,0.35,0.35,0.35,0.35
MIDD,1993-07-19,0.35,0.35,0.35,0.35
MIDD,1993-07-20,0.35,0.35,0.35,0.35
MIDD,1993-07-21,0.35,0.35,0.35,0.35
MIDD,1993-07-22,0.35,0.35,0.35,0.35
MIDD,1993-07-23,0.38,0.4,0.38,0.4
MIDD,1993-07-26,0.4,0.4,0.4,0.4
MIDD,1993-07-27,0.4,0.4,0.4,0.4
MIDD,1993-07-28,0.36,0.36,0.36,0.36
MIDD,1993-07-29,0.36,0.36,0.36,0.36
MIDD,1993-07-30,0.35,0.35,0.35,0.35
MIDD,1993-08-02,0.35,0.35,0.35,0.35
MIDD,1993-08-03,0.35,0.35,0.35,0.35
MIDD,1993-08-04,0.35,0.35,0.35,0.35
MIDD,1993-08-05,0.35,0.35,0.35,0.35
MIDD,1993-08-06,0.35,0.35,0.35,0.35
MIDD,1993-08-09,0.35,0.35,0.35,0.35
MIDD,1993-08-10,0.35,0.35,0.35,0.35
MIDD,1993-08-11,0.34,0.34,0.34,0.34
MIDD,1993-08-12,0.34,0.35,0.34,0.34
MIDD,1993-08-13,0.34,0.34,0.34,0.34
MIDD,1993-08-16,0.35,0.35,0.35,0.35
MIDD,1993-08-17,0.35,0.35,0.35,0.35
MIDD,1993-08-18,0.35,0.35,0.35,0.35
MIDD,1993-08-19,0.35,0.35,0.35,0.35
MIDD,1993-08-20,0.35,0.35,0.35,0.35
MIDD,1993-08-23,0.35,0.35,0.35,0.35
MIDD,1993-08-24,0.35,0.4,0.35,0.4
MIDD,1993-08-25,0.4,0.4,0.4,0.4
MIDD,1993-08-26,0.39,0.39,0.39,0.39
MIDD,1993-08-27,0.38,0.38,0.38,0.38
MIDD,1993-08-30,0.38,0.38,0.38,0.38
MIDD,1993-08-31,0.38,0.38,0.38,0.38
MIDD,1993-09-01,0.38,0.38,0.38,0.38
MIDD,1993-09-02,0.38,0.38,0.38,0.38
MIDD,1993-09-03,0.36,0.36,0.36,0.36
MIDD,1993-09-07,0.36,0.36,0.36,0.36
MIDD,1993-09-08,0.35,0.35,0.34,0.34
MIDD,1993-09-09,0.34,0.34,0.34,0.34
MIDD,1993-09-10,0.33,0.33,0.33,0.33
MIDD,1993-09-13,0.38,0.5,0.38,0.46
MIDD,1993-09-14,0.46,0.46,0.44,0.45
MIDD,1993-09-15,0.44,0.44,0.43,0.43
MIDD,1993-09-16,0.43,0.44,0.43,0.44
MIDD,1993-09-17,0.44,0.45,0.44,0.45
MIDD,1993-09-20,0.45,0.45,0.45,0.45
MIDD,1993-09-21,0.45,0.45,0.45,0.45
MIDD,1993-09-22,0.46,0.46,0.44,0.44
MIDD,1993-09-23,0.44,0.46,0.44,0.46
MIDD,1993-09-24,0.48,0.48,0.46,0.46
MIDD,1993-09-27,0.46,0.46,0.46,0.46
MIDD,1993-09-28,0.47,0.47,0.47,0.47
MIDD,1993-09-29,0.46,0.46,0.46,0.46
MIDD,1993-09-30,0.46,0.48,0.46,0.48
MIDD,1993-10-01,0.49,0.56,0.49,0.56
MIDD,1993-10-04,0.56,0.56,0.55,0.55
MIDD,1993-10-05,0.55,0.6,0.55,0.58
MIDD,1993-10-06,0.58,0.69,0.58,0.69
MIDD,1993-10-07,0.67,0.67,0.65,0.67
MIDD,1993-10-08,0.65,0.67,0.65,0.67
MIDD,1993-10-11,0.67,0.67,0.65,0.67
MIDD,1993-10-12,0.65,0.67,0.65,0.67
MIDD,1993-10-13,0.66,0.66,0.66,0.66
MIDD,1993-10-14,0.65,0.65,0.64,0.65
MIDD,1993-10-15,0.64,0.64,0.62,0.62
MIDD,1993-10-18,0.62,0.62,0.54,0.54
MIDD,1993-10-19,0.56,0.58,0.56,0.56
MIDD,1993-10-20,0.56,0.56,0.56,0.56
MIDD,1993-10-21,0.54,0.54,0.54,0.54
MIDD,1993-10-22,0.55,0.59,0.55,0.58
MIDD,1993-10-25,0.58,0.58,0.58,0.58
MIDD,1993-10-26,0.58,0.58,0.58,0.58
MIDD,1993-10-27,0.58,0.58,0.58,0.58
MIDD,1993-10-28,0.59,0.6,0.54,0.54
MIDD,1993-10-29,0.56,0.57,0.56,0.57
MIDD,1993-11-01,0.58,0.58,0.56,0.58
MIDD,1993-11-02,0.58,0.58,0.58,0.58
MIDD,1993-11-03,0.56,0.56,0.54,0.54
MIDD,1993-11-04,0.56,0.56,0.56,0.56
MIDD,1993-11-05,0.54,0.54,0.54,0.54
MIDD,1993-11-08,0.56,0.56,0.53,0.53
MIDD,1993-11-09,0.52,0.52,0.52,0.52
MIDD,1993-11-10,0.53,0.53,0.52,0.53
MIDD,1993-11-11,0.53,0.53,0.53,0.53
MIDD,1993-11-12,0.51,0.51,0.51,0.51
MIDD,1993-11-15,0.53,0.53,0.51,0.51
MIDD,1993-11-16,0.51,0.52,0.5,0.5
MIDD,1993-11-17,0.52,0.52,0.51,0.51
MIDD,1993-11-18,0.51,0.51,0.51,0.51
MIDD,1993-11-19,0.51,0.51,0.48,0.5
MIDD,1993-11-22,0.52,0.52,0.49,0.49
MIDD,1993-11-23,0.47,0.49,0.47,0.49
MIDD,1993-11-24,0.46,0.46,0.46,0.46
MIDD,1993-11-26,0.48,0.48,0.48,0.48
MIDD,1993-11-29,0.46,0.5,0.46,0.5
MIDD,1993-11-30,0.48,0.52,0.48,0.52
MIDD,1993-12-01,0.52,0.52,0.52,0.52
MIDD,1993-12-02,0.52,0.52,0.52,0.52
MIDD,1993-12-03,0.5,0.5,0.5,0.5
MIDD,1993-12-06,0.51,0.51,0.48,0.48
MIDD,1993-12-07,0.46,0.5,0.46,0.5
MIDD,1993-12-08,0.48,0.48,0.48,0.48
MIDD,1993-12-09,0.47,0.47,0.47,0.47
MIDD,1993-12-10,0.47,0.47,0.47,0.47
MIDD,1993-12-13,0.46,0.46,0.4,0.42
MIDD,1993-12-14,0.42,0.42,0.4,0.41
MIDD,1993-12-15,0.42,0.42,0.4,0.4
MIDD,1993-12-16,0.42,0.45,0.42,0.45
MIDD,1993-12-17,0.42,0.45,0.42,0.45
MIDD,1993-12-20,0.46,0.48,0.46,0.48
MIDD,1993-12-21,0.46,0.48,0.46,0.46
MIDD,1993-12-22,0.46,0.46,0.46,0.46
MIDD,1993-12-23,0.46,0.46,0.46,0.46
MIDD,1993-12-27,0.44,0.44,0.44,0.44
MIDD,1993-12-28,0.44,0.44,0.44,0.44
MIDD,1993-12-29,0.47,0.47,0.45,0.45
MIDD,1993-12-30,0.46,0.47,0.46,0.47
MIDD,1993-12-31,0.44,0.45,0.44,0.44
MIDD,1994-01-03,0.47,0.47,0.47,0.47
MIDD,1994-01-04,0.48,0.48,0.48,0.48
MIDD,1994-01-05,0.48,0.48,0.48,0.48
MIDD,1994-01-06,0.47,0.47,0.47,0.47
MIDD,1994-01-07,0.47,0.47,0.47,0.47
MIDD,1994-01-10,0.46,0.47,0.46,0.46
MIDD,1994-01-11,0.46,0.46,0.46,0.46
MIDD,1994-01-12,0.46,0.46,0.46,0.46
MIDD,1994-01-13,0.47,0.47,0.47,0.47
MIDD,1994-01-14,0.48,0.54,0.48,0.54
MIDD,1994-01-17,0.54,0.54,0.54,0.54
MIDD,1994-01-18,0.54,0.56,0.54,0.56
MIDD,1994-01-19,0.57,0.57,0.57,0.57
MIDD,1994-01-20,0.57,0.57,0.57,0.57
MIDD,1994-01-21,0.58,0.58,0.56,0.56
MIDD,1994-01-24,0.57,0.57,0.57,0.57
MIDD,1994-01-25,0.57,0.57,0.57,0.57
MIDD,1994-01-26,0.57,0.57,0.57,0.57
MIDD,1994-01-27,0.57,0.57,0.56,0.56
MIDD,1994-01-28,0.58,0.58,0.56,0.56
MIDD,1994-01-31,0.58,0.58,0.57,0.57
MIDD,1994-02-01,0.56,0.56,0.56,0.56
MIDD,1994-02-02,0.54,0.54,0.54,0.54
MIDD,1994-02-03,0.52,0.52,0.5,0.5
MIDD,1994-02-04,0.5,0.5,0.5,0.5
MIDD,1994-02-07,0.5,0.5,0.46,0.46
MIDD,1994-02-08,0.46,0.46,0.45,0.45
MIDD,1994-02-09,0.45,0.45,0.44,0.44
MIDD,1994-02-10,0.44,0.44,0.44,0.44
MIDD,1994-02-11,0.44,0.44,0.44,0.44
MIDD,1994-02-14,0.44,0.44,0.44,0.44
MIDD,1994-02-15,0.44,0.44,0.44,0.44
MIDD,1994-02-16,0.44,0.48,0.44,0.48
MIDD,1994-02-17,0.48,0.48,0.48,0.48
MIDD,1994-02-18,0.48,0.48,0.48,0.48
MIDD,1994-02-22,0.48,0.48,0.48,0.48
MIDD,1994-02-23,0.48,0.48,0.48,0.48
MIDD,1994-02-24,0.48,0.48,0.48,0.48
MIDD,1994-02-25,0.46,0.46,0.44,0.44
MIDD,1994-02-28,0.44,0.5,0.44,0.49
MIDD,1994-03-01,0.5,0.5,0.5,0.5
MIDD,1994-03-02,0.46,0.5,0.46,0.5
MIDD,1994-03-03,0.51,0.52,0.5,0.52
MIDD,1994-03-04,0.54,0.6,0.54,0.56
MIDD,1994-03-07,0.58,0.58,0.52,0.54
MIDD,1994-03-08,0.54,0.54,0.54,0.54
MIDD,1994-03-09,0.54,0.54,0.54,0.54
MIDD,1994-03-10,0.52,0.52,0.52,0.52
MIDD,1994-03-11,0.52,0.52,0.52,0.52
MIDD,1994-03-14,0.52,0.56,0.52,0.56
MIDD,1994-03-15,0.56,0.56,0.53,0.56
MIDD,1994-03-16,0.54,0.56,0.54,0.54
MIDD,1994-03-17,0.54,0.56,0.54,0.56
MIDD,1994-03-18,0.52,0.52,0.52,0.52
MIDD,1994-03-21,0.54,0.54,0.53,0.53
MIDD,1994-03-22,0.56,0.56,0.54,0.54
MIDD,1994-03-23,0.52,0.52,0.52,0.52
MIDD,1994-03-24,0.52,0.54,0.52,0.52
MIDD,1994-03-25,0.52,0.52,0.52,0.52
MIDD,1994-03-28,0.52,0.52,0.52,0.52
MIDD,1994-03-29,0.52,0.52,0.52,0.52
MIDD,1994-03-30,0.54,0.54,0.52,0.52
MIDD,1994-03-31,0.52,0.52,0.52,0.52
MIDD,1994-04-04,0.5,0.5,0.5,0.5
MIDD,1994-04-05,0.54,0.54,0.52,0.54
MIDD,1994-04-06,0.54,0.54,0.54,0.54
MIDD,1994-04-07,0.56,0.58,0.56,0.58
MIDD,1994-04-08,0.56,0.6,0.56,0.58
MIDD,1994-04-11,0.58,0.62,0.58,0.58
MIDD,1994-04-12,0.6,0.6,0.6,0.6
MIDD,1994-04-13,0.58,0.6,0.58,0.58
MIDD,1994-04-14,0.58,0.58,0.56,0.58
MIDD,1994-04-15,0.58,0.6,0.58,0.6
MIDD,1994-04-18,0.6,0.62,0.6,0.62
MIDD,1994-04-19,0.62,0.62,0.6,0.61
MIDD,1994-04-20,0.61,0.61,0.59,0.59
MIDD,1994-04-21,0.6,0.6,0.59,0.6
MIDD,1994-04-22,0.6,0.6,0.6,0.6
MIDD,1994-04-25,0.58,0.58,0.58,0.58
MIDD,1994-04-26,0.58,0.58,0.58,0.58
MIDD,1994-04-28,0.58,0.58,0.58,0.58
MIDD,1994-04-29,0.58,0.58,0.58,0.58
MIDD,1994-05-02,0.58,0.58,0.58,0.58
MIDD,1994-05-03,0.56,0.56,0.56,0.56
MIDD,1994-05-04,0.56,0.56,0.56,0.56
MIDD,1994-05-05,0.56,0.56,0.56,0.56
MIDD,1994-05-06,0.56,0.56,0.56,0.56
MIDD,1994-05-09,0.58,0.58,0.57,0.57
MIDD,1994-05-10,0.57,0.57,0.57,0.57
MIDD,1994-05-11,0.57,0.57,0.57,0.57
MIDD,1994-05-12,0.57,0.57,0.57,0.57
MIDD,1994-05-13,0.56,0.56,0.54,0.54
MIDD,1994-05-16,0.52,0.52,0.52,0.52
MIDD,1994-05-17,0.54,0.54,0.54,0.54
MIDD,1994-05-18,0.54,0.54,0.54,0.54
MIDD,1994-05-19,0.58,0.58,0.58,0.58
MIDD,1994-05-20,0.58,0.58,0.57,0.58
MIDD,1994-05-23,0.56,0.56,0.56,0.56
MIDD,1994-05-24,0.56,0.56,0.56,0.56
MIDD,1994-05-25,0.56,0.56,0.56,0.56
MIDD,1994-05-26,0.56,0.56,0.56,0.56
MIDD,1994-05-27,0.56,0.56,0.56,0.56
MIDD,1994-05-31,0.56,0.56,0.56,0.56
MIDD,1994-06-01,0.56,0.56,0.54,0.54
MIDD,1994-06-02,0.54,0.54,0.54,0.54
MIDD,1994-06-03,0.54,0.54,0.54,0.54
MIDD,1994-06-06,0.56,0.58,0.54,0.54
MIDD,1994-06-07,0.56,0.56,0.56,0.56
MIDD,1994-06-08,0.56,0.56,0.56,0.56
MIDD,1994-06-09,0.56,0.56,0.56,0.56
MIDD,1994-06-10,0.54,0.54,0.54,0.54
MIDD,1994-06-13,0.54,0.54,0.54,0.54
MIDD,1994-06-14,0.54,0.54,0.52,0.54
MIDD,1994-06-15,0.54,0.54,0.54,0.54
MIDD,1994-06-16,0.54,0.56,0.54,0.56
MIDD,1994-06-17,0.56,0.56,0.56,0.56
MIDD,1994-06-20,0.56,0.56,0.56,0.56
MIDD,1994-06-21,0.56,0.56,0.56,0.56
MIDD,1994-06-22,0.55,0.55,0.55,0.55
MIDD,1994-06-23,0.55,0.55,0.55,0.55
MIDD,1994-06-24,0.55,0.55,0.54,0.54
MIDD,1994-06-27,0.54,0.54,0.54,0.54
MIDD,1994-06-28,0.54,0.58,0.54,0.56
MIDD,1994-06-29,0.56,0.56,0.56,0.56
MIDD,1994-06-30,0.52,0.52,0.52,0.52
MIDD,1994-07-01,0.52,0.54,0.52,0.54
MIDD,1994-07-05,0.54,0.54,0.54,0.54
MIDD,1994-07-06,0.54,0.54,0.54,0.54
MIDD,1994-07-07,0.52,0.54,0.5,0.54
MIDD,1994-07-08,0.52,0.52,0.52,0.52
MIDD,1994-07-11,0.52,0.52,0.52,0.52
MIDD,1994-07-12,0.52,0.52,0.52,0.52
MIDD,1994-07-13,0.52,0.54,0.52,0.54
MIDD,1994-07-14,0.56,0.56,0.56,0.56
MIDD,1994-07-15,0.54,0.54,0.54,0.54
MIDD,1994-07-18,0.54,0.54,0.54,0.54
MIDD,1994-07-19,0.54,0.62,0.52,0.6
MIDD,1994-07-20,0.6,0.64,0.6,0.61
MIDD,1994-07-21,0.62,0.62,0.62,0.62
MIDD,1994-07-22,0.62,0.62,0.62,0.62
MIDD,1994-07-25,0.6,0.6,0.6,0.6
MIDD,1994-07-26,0.6,0.6,0.6,0.6
MIDD,1994-07-27,0.6,0.6,0.6,0.6
MIDD,1994-07-28,0.58,0.58,0.58,0.58
MIDD,1994-07-29,0.58,0.58,0.58,0.58
MIDD,1994-08-01,0.58,0.58,0.58,0.58
MIDD,1994-08-02,0.58,0.6,0.58,0.6
MIDD,1994-08-03,0.6,0.62,0.6,0.62
MIDD,1994-08-04,0.62,0.62,0.62,0.62
MIDD,1994-08-05,0.62,0.62,0.6,0.6
MIDD,1994-08-08,0.62,0.62,0.62,0.62
MIDD,1994-08-09,0.62,0.62,0.62,0.62
MIDD,1994-08-10,0.61,0.62,0.61,0.62
MIDD,1994-08-11,0.62,0.62,0.62,0.62
MIDD,1994-08-12,0.6,0.61,0.6,0.61
MIDD,1994-08-15,0.61,0.61,0.6,0.6
MIDD,1994-08-16,0.62,0.68,0.62,0.68
MIDD,1994-08-17,0.69,0.75,0.67,0.75
MIDD,1994-08-18,0.75,0.77,0.73,0.77
MIDD,1994-08-19,0.75,0.79,0.75,0.79
MIDD,1994-08-22,0.81,0.81,0.77,0.79
MIDD,1994-08-23,0.81,0.81,0.79,0.79
MIDD,1994-08-24,0.79,0.79,0.75,0.77
MIDD,1994-08-25,0.77,0.77,0.77,0.77
MIDD,1994-08-26,0.75,0.77,0.75,0.75
MIDD,1994-08-29,0.79,0.79,0.77,0.77
MIDD,1994-08-30,0.77,0.77,0.77,0.77
MIDD,1994-08-31,0.75,0.75,0.75,0.75
MIDD,1994-09-01,0.75,0.75,0.75,0.75
MIDD,1994-09-02,0.73,0.75,0.73,0.75
MIDD,1994-09-06,0.75,0.75,0.75,0.75
MIDD,1994-09-07,0.73,0.73,0.73,0.73
MIDD,1994-09-08,0.73,0.75,0.73,0.73
MIDD,1994-09-09,0.73,0.73,0.72,0.72
MIDD,1994-09-12,0.71,0.71,0.71,0.71
MIDD,1994-09-13,0.73,0.73,0.73,0.73
MIDD,1994-09-14,0.69,0.69,0.69,0.69
MIDD,1994-09-15,0.69,0.69,0.69,0.69
MIDD,1994-09-16,0.69,0.69,0.69,0.69
MIDD,1994-09-19,0.71,0.73,0.71,0.73
MIDD,1994-09-20,0.73,0.73,0.69,0.69
MIDD,1994-09-21,0.69,0.69,0.67,0.67
MIDD,1994-09-22,0.67,0.67,0.62,0.67
MIDD,1994-09-23,0.67,0.67,0.67,0.67
MIDD,1994-09-26,0.69,0.69,0.69,0.69
MIDD,1994-09-27,0.71,0.73,0.71,0.73
MIDD,1994-09-28,0.73,0.75,0.73,0.75
MIDD,1994-09-29,0.73,0.73,0.71,0.71
MIDD,1994-09-30,0.71,0.71,0.71,0.71
MIDD,1994-10-03,0.71,0.71,0.71,0.71
MIDD,1994-10-04,0.71,0.71,0.71,0.71
MIDD,1994-10-05,0.71,0.71,0.71,0.71
MIDD,1994-10-06,0.69,0.69,0.67,0.69
MIDD,1994-10-07,0.69,0.71,0.69,0.7
MIDD,1994-10-10,0.69,0.69,0.69,0.69
MIDD,1994-10-11,0.7,0.71,0.7,0.71
MIDD,1994-10-12,0.71,0.75,0.71,0.74
MIDD,1994-10-13,0.76,0.77,0.76,0.77
MIDD,1994-10-14,0.75,0.75,0.75,0.75
MIDD,1994-10-17,0.75,0.75,0.73,0.75
MIDD,1994-10-18,0.69,0.75,0.69,0.75
MIDD,1994-10-19,0.76,0.76,0.76,0.76
MIDD,1994-10-20,0.75,0.77,0.75,0.76
MIDD,1994-10-21,0.78,0.78,0.73,0.75
MIDD,1994-10-24,0.75,0.75,0.73,0.73
MIDD,1994-10-25,0.71,0.75,0.71,0.75
MIDD,1994-10-26,0.73,0.75,0.73,0.75
MIDD,1994-10-27,0.75,0.75,0.75,0.75
MIDD,1994-10-28,0.75,0.75,0.75,0.75
MIDD,1994-10-31,0.73,0.77,0.73,0.77
MIDD,1994-11-01,0.77,0.79,0.77,0.77
MIDD,1994-11-02,0.75,0.77,0.75,0.77
MIDD,1994-11-03,0.75,0.77,0.75,0.77
MIDD,1994-11-04,0.77,0.77,0.77,0.77
MIDD,1994-11-07,0.77,0.77,0.77,0.77
MIDD,1994-11-08,0.77,0.77,0.77,0.77
MIDD,1994-11-09,0.75,0.75,0.73,0.75
MIDD,1994-11-10,0.75,0.75,0.75,0.75
MIDD,1994-11-11,0.77,0.77,0.77,0.77
MIDD,1994-11-14,0.79,0.79,0.79,0.79
MIDD,1994-11-15,0.81,0.81,0.81,0.81
MIDD,1994-11-16,0.79,0.79,0.77,0.78
MIDD,1994-11-17,0.78,0.78,0.77,0.77
MIDD,1994-11-18,0.81,0.81,0.77,0.79
MIDD,1994-11-21,0.81,0.81,0.81,0.81
MIDD,1994-11-22,0.8,0.8,0.76,0.76
MIDD,1994-11-23,0.76,0.76,0.76,0.76
MIDD,1994-11-25,0.76,0.76,0.76,0.76
MIDD,1994-11-28,0.76,0.76,0.76,0.76
MIDD,1994-11-29,0.76,0.76,0.76,0.76
MIDD,1994-11-30,0.76,0.76,0.76,0.76
MIDD,1994-12-01,0.75,0.75,0.75,0.75
MIDD,1994-12-02,0.75,0.75,0.75,0.75
MIDD,1994-12-05,0.74,0.74,0.74,0.74
MIDD,1994-12-06,0.73,0.73,0.73,0.73
MIDD,1994-12-07,0.73,0.73,0.73,0.73
MIDD,1994-12-08,0.71,0.71,0.67,0.67
MIDD,1994-12-09,0.67,0.7,0.67,0.7
MIDD,1994-12-12,0.69,0.69,0.69,0.69
MIDD,1994-12-13,0.67,0.67,0.65,0.67
MIDD,1994-12-14,0.67,0.67,0.67,0.67
MIDD,1994-12-15,0.69,0.71,0.69,0.71
MIDD,1994-12-16,0.71,0.71,0.71,0.71
MIDD,1994-12-19,0.7,0.73,0.7,0.73
MIDD,1994-12-20,0.73,0.73,0.73,0.73
MIDD,1994-12-21,0.71,0.71,0.69,0.69
MIDD,1994-12-22,0.72,0.72,0.69,0.69
MIDD,1994-12-23,0.71,0.71,0.71,0.71
MIDD,1994-12-27,0.71,0.71,0.69,0.69
MIDD,1994-12-28,0.69,0.69,0.69,0.69
MIDD,1994-12-29,0.67,0.67,0.67,0.67
MIDD,1994-12-30,0.67,0.71,0.67,0.71
MIDD,1995-01-03,0.7,0.7,0.7,0.7
MIDD,1995-01-04,0.69,0.69,0.67,0.67
MIDD,1995-01-05,0.67,0.67,0.65,0.67
MIDD,1995-01-06,0.7,0.7,0.69,0.69
MIDD,1995-01-09,0.71,0.71,0.71,0.71
MIDD,1995-01-10,0.71,0.73,0.71,0.73
MIDD,1995-01-11,0.73,0.73,0.73,0.73
MIDD,1995-01-12,0.73,0.73,0.73,0.73
MIDD,1995-01-13,0.72,0.72,0.72,0.72
MIDD,1995-01-16,0.73,0.75,0.73,0.75
MIDD,1995-01-17,0.73,0.73,0.73,0.73
MIDD,1995-01-18,0.71,0.73,0.71,0.71
MIDD,1995-01-19,0.71,0.71,0.71,0.71
MIDD,1995-01-20,0.69,0.73,0.69,0.72
MIDD,1995-01-23,0.71,0.71,0.71,0.71
MIDD,1995-01-24,0.72,0.72,0.72,0.72
MIDD,1995-01-25,0.73,0.73,0.73,0.73
MIDD,1995-01-26,0.73,0.73,0.73,0.73
MIDD,1995-01-27,0.72,0.73,0.71,0.73
MIDD,1995-01-30,0.71,0.73,0.71,0.73
MIDD,1995-01-31,0.73,0.77,0.73,0.77
MIDD,1995-02-01,0.75,0.77,0.75,0.77
MIDD,1995-02-02,0.75,0.75,0.75,0.75
MIDD,1995-02-03,0.73,0.75,0.73,0.75
MIDD,1995-02-06,0.74,0.74,0.73,0.73
MIDD,1995-02-07,0.75,0.75,0.73,0.75
MIDD,1995-02-08,0.75,0.83,0.75,0.83
MIDD,1995-02-09,0.81,0.81,0.79,0.79
MIDD,1995-02-10,0.8,0.83,0.8,0.83
MIDD,1995-02-13,0.83,0.83,0.81,0.81
MIDD,1995-02-14,0.83,0.83,0.83,0.83
MIDD,1995-02-15,0.83,0.83,0.82,0.82
MIDD,1995-02-16,0.82,0.82,0.82,0.82
MIDD,1995-02-17,0.83,0.83,0.81,0.81
MIDD,1995-02-21,0.81,0.81,0.78,0.78
MIDD,1995-02-22,0.79,0.79,0.77,0.77
MIDD,1995-02-23,0.77,0.79,0.75,0.75
MIDD,1995-02-24,0.75,0.75,0.75,0.75
MIDD,1995-02-27,0.8,0.81,0.77,0.77
MIDD,1995-02-28,0.79,0.83,0.79,0.83
MIDD,1995-03-01,0.83,0.92,0.83,0.88
MIDD,1995-03-02,0.9,0.92,0.88,0.92
MIDD,1995-03-03,0.88,0.92,0.88,0.92
MIDD,1995-03-06,0.9,0.9,0.9,0.9
MIDD,1995-03-07,0.9,0.9,0.9,0.9
MIDD,1995-03-08,0.9,1.02,0.9,1.0
MIDD,1995-03-09,0.98,1.12,0.98,1.04
MIDD,1995-03-10,1.06,1.06,1.06,1.06
MIDD,1995-03-13,1.04,1.06,1.04,1.06
MIDD,1995-03-14,1.08,1.08,1.06,1.06
MIDD,1995-03-15,1.04,1.08,1.04,1.08
MIDD,1995-03-16,1.06,1.06,1.06,1.06
MIDD,1995-03-17,1.06,1.06,1.06,1.06
MIDD,1995-03-20,1.04,1.04,1.02,1.04
MIDD,1995-03-21,1.04,1.04,1.02,1.02
MIDD,1995-03-22,1.04,1.06,1.04,1.06
MIDD,1995-03-23,1.02,1.04,1.02,1.04
MIDD,1995-03-24,1.02,1.04,1.02,1.04
MIDD,1995-03-27,1.02,1.02,1.02,1.02
MIDD,1995-03-28,1.0,1.02,1.0,1.0
MIDD,1995-03-29,1.0,1.02,0.98,0.98
MIDD,1995-03-30,0.96,0.96,0.96,0.96
MIDD,1995-03-31,0.92,0.98,0.9,0.98
MIDD,1995-04-03,0.98,0.98,0.98,0.98
MIDD,1995-04-04,0.98,0.98,0.94,0.94
MIDD,1995-04-05,0.96,0.96,0.92,0.96
MIDD,1995-04-06,0.98,0.98,0.98,0.98
MIDD,1995-04-07,0.98,0.98,0.98,0.98
MIDD,1995-04-10,0.96,0.98,0.96,0.98
MIDD,1995-04-11,0.96,0.98,0.96,0.96
MIDD,1995-04-12,0.96,0.96,0.92,0.92
MIDD,1995-04-13,0.9,0.9,0.9,0.9
MIDD,1995-04-17,0.9,0.92,0.9,0.9
MIDD,1995-04-18,0.9,0.94,0.9,0.92
MIDD,1995-04-19,0.92,0.96,0.92,0.94
MIDD,1995-04-20,0.94,0.96,0.94,0.96
MIDD,1995-04-21,0.96,0.98,0.96,0.98
MIDD,1995-04-24,0.96,0.96,0.94,0.94
MIDD,1995-04-25,0.96,0.96,0.85,0.85
MIDD,1995-04-26,0.94,0.94,0.9,0.9
MIDD,1995-04-27,0.9,0.96,0.9,0.96
MIDD,1995-04-28,0.96,0.96,0.94,0.96
MIDD,1995-05-01,0.96,0.96,0.94,0.94
MIDD,1995-05-02,0.96,0.96,0.92,0.94
MIDD,1995-05-03,0.98,0.98,0.95,0.95
MIDD,1995-05-04,0.94,0.94,0.9,0.9
MIDD,1995-05-05,0.88,0.94,0.88,0.94
MIDD,1995-05-08,0.92,0.92,0.9,0.9
MIDD,1995-05-09,0.9,0.92,0.9,0.92
MIDD,1995-05-10,0.92,0.92,0.92,0.92
MIDD,1995-05-11,0.92,0.96,0.92,0.94
MIDD,1995-05-12,0.96,1.0,0.96,1.0
MIDD,1995-05-15,1.0,1.0,0.99,1.0
MIDD,1995-05-16,1.0,1.0,0.98,1.0
MIDD,1995-05-17,1.0,1.1,1.0,1.08
MIDD,1995-05-18,1.12,1.15,1.06,1.08
MIDD,1995-05-19,1.07,1.08,1.06,1.08
MIDD,1995-05-22,1.1,1.11,1.1,1.11
MIDD,1995-05-23,1.12,1.12,1.06,1.06
MIDD,1995-05-24,1.06,1.08,1.06,1.06
MIDD,1995-05-25,1.08,1.08,1.05,1.06
MIDD,1995-05-26,1.06,1.15,1.06,1.15
MIDD,1995-05-30,1.12,1.29,1.12,1.29
MIDD,1995-05-31,1.33,1.35,1.29,1.35
MIDD,1995-06-01,1.35,1.38,1.33,1.33
MIDD,1995-06-02,1.33,1.33,1.27,1.27
MIDD,1995-06-05,1.29,1.29,1.25,1.25
MIDD,1995-06-06,1.27,1.27,1.25,1.27
MIDD,1995-06-07,1.31,1.42,1.31,1.42
MIDD,1995-06-08,1.45,1.46,1.4,1.42
MIDD,1995-06-09,1.42,1.42,1.38,1.38
MIDD,1995-06-12,1.35,1.38,1.31,1.31
MIDD,1995-06-13,1.33,1.33,1.31,1.32
MIDD,1995-06-14,1.31,1.32,1.3,1.32
MIDD,1995-06-15,1.33,1.38,1.33,1.35
MIDD,1995-06-16,1.36,1.36,1.31,1.31
MIDD,1995-06-19,1.29,1.35,1.29,1.31
MIDD,1995-06-20,1.29,1.33,1.29,1.33
MIDD,1995-06-21,1.29,1.29,1.29,1.29
MIDD,1995-06-22,1.29,1.29,1.25,1.27
MIDD,1995-06-23,1.23,1.25,1.17,1.21
MIDD,1995-06-26,1.23,1.23,1.21,1.21
MIDD,1995-06-27,1.21,1.21,1.17,1.21
MIDD,1995-06-28,1.19,1.19,1.17,1.19
MIDD,1995-06-29,1.19,1.31,1.19,1.31
MIDD,1995-06-30,1.29,1.33,1.29,1.31
MIDD,1995-07-03,1.33,1.35,1.31,1.35
MIDD,1995-07-05,1.33,1.35,1.31,1.31
MIDD,1995-07-06,1.29,1.31,1.27,1.31
MIDD,1995-07-07,1.27,1.31,1.27,1.29
MIDD,1995-07-10,1.29,1.29,1.21,1.25
MIDD,1995-07-11,1.23,1.23,1.23,1.23
MIDD,1995-07-12,1.25,1.29,1.25,1.29
MIDD,1995-07-13,1.31,1.31,1.25,1.25
MIDD,1995-07-14,1.23,1.25,1.23,1.23
MIDD,1995-07-17,1.25,1.25,1.23,1.25
MIDD,1995-07-18,1.25,1.25,1.21,1.21
MIDD,1995-07-19,1.17,1.21,1.17,1.19
MIDD,1995-07-20,1.21,1.21,1.17,1.17
MIDD,1995-07-21,1.17,1.17,1.17,1.17
MIDD,1995-07-24,1.15,1.15,1.12,1.12
MIDD,1995-07-25,1.12,1.17,1.06,1.17
MIDD,1995-07-26,1.12,1.12,1.12,1.12
MIDD,1995-07-27,1.1,1.1,1.04,1.1
MIDD,1995-07-28,1.08,1.08,1.04,1.06
MIDD,1995-07-31,1.06,1.06,1.04,1.04
MIDD,1995-08-01,1.04,1.04,1.04,1.04
MIDD,1995-08-02,1.04,1.08,1.04,1.08
MIDD,1995-08-03,1.06,1.08,1.04,1.08
MIDD,1995-08-04,1.1,1.11,1.08,1.1
MIDD,1995-08-07,1.11,1.15,1.11,1.15
MIDD,1995-08-08,1.17,1.19,1.15,1.19
MIDD,1995-08-09,1.21,1.21,1.21,1.21
MIDD,1995-08-10,1.19,1.19,1.17,1.17
MIDD,1995-08-11,1.17,1.17,1.17,1.17
MIDD,1995-08-14,1.15,1.19,1.15,1.15
MIDD,1995-08-15,1.12,1.12,1.06,1.1
MIDD,1995-08-16,1.08,1.08,1.06,1.08
MIDD,1995-08-17,1.08,1.08,1.08,1.08
MIDD,1995-08-18,1.08,1.1,1.08,1.1
MIDD,1995-08-21,1.08,1.08,1.08,1.08
MIDD,1995-08-22,1.08,1.08,1.08,1.08
MIDD,1995-08-23,1.08,1.1,1.08,1.1
MIDD,1995-08-24,1.1,1.1,1.1,1.1
MIDD,1995-08-25,1.1,1.1,1.1,1.1
MIDD,1995-08-28,1.11,1.11,1.08,1.1
MIDD,1995-08-29,1.1,1.11,1.1,1.11
MIDD,1995-08-30,1.1,1.17,1.1,1.17
MIDD,1995-08-31,1.15,1.15,1.12,1.12
MIDD,1995-09-01,1.12,1.12,1.12,1.12
MIDD,1995-09-05,1.12,1.15,1.12,1.12
MIDD,1995-09-06,1.1,1.1,1.1,1.1
MIDD,1995-09-07,1.1,1.11,1.1,1.11
MIDD,1995-09-08,1.1,1.11,1.1,1.11
MIDD,1995-09-11,1.1,1.1,1.08,1.08
MIDD,1995-09-12,1.1,1.1,1.04,1.04
MIDD,1995-09-13,1.06,1.1,1.06,1.1
MIDD,1995-09-14,1.1,1.1,1.1,1.1
MIDD,1995-09-15,1.08,1.1,1.06,1.07
MIDD,1995-09-18,1.06,1.06,1.04,1.06
MIDD,1995-09-19,1.04,1.04,1.02,1.02
MIDD,1995-09-20,1.0,1.0,0.92,0.92
MIDD,1995-09-21,0.92,1.04,0.9,1.0
MIDD,1995-09-22,1.0,1.0,1.0,1.0
MIDD,1995-09-25,1.02,1.06,1.02,1.04
MIDD,1995-09-26,1.0,1.02,0.96,1.02
MIDD,1995-09-27,1.0,1.04,1.0,1.04
MIDD,1995-09-28,1.04,1.04,1.0,1.0
MIDD,1995-09-29,0.98,1.0,0.96,1.0
MIDD,1995-10-02,1.02,1.02,1.02,1.02
MIDD,1995-10-03,1.02,1.02,1.0,1.0
MIDD,1995-10-04,1.0,1.0,1.0,1.0
MIDD,1995-10-05,0.98,0.98,0.96,0.96
MIDD,1995-10-06,0.96,0.96,0.9,0.92
MIDD,1995-10-09,0.92,0.96,0.92,0.96
MIDD,1995-10-10,0.96,0.96,0.92,0.96
MIDD,1995-10-11,0.94,0.96,0.94,0.96
MIDD,1995-10-12,0.96,0.96,0.92,0.92
MIDD,1995-10-13,0.9,0.92,0.9,0.92
MIDD,1995-10-16,0.92,0.92,0.92,0.92
MIDD,1995-10-17,0.92,0.92,0.92,0.92
MIDD,1995-10-18,0.94,0.96,0.94,0.96
MIDD,1995-10-19,0.98,0.98,0.96,0.98
MIDD,1995-10-20,0.96,0.98,0.96,0.98
MIDD,1995-10-23,0.96,0.96,0.96,0.96
MIDD,1995-10-24,0.94,0.96,0.92,0.96
MIDD,1995-10-25,0.92,0.98,0.92,0.98
MIDD,1995-10-26,1.02,1.1,1.02,1.06
MIDD,1995-10-27,1.06,1.08,1.06,1.08
MIDD,1995-10-30,1.08,1.08,1.04,1.04
MIDD,1995-10-31,1.06,1.06,1.04,1.04
MIDD,1995-11-01,1.04,1.04,1.04,1.04
MIDD,1995-11-02,1.06,1.06,1.06,1.06
MIDD,1995-11-03,1.04,1.06,1.04,1.06
MIDD,1995-11-06,1.04,1.04,1.0,1.0
MIDD,1995-11-07,1.02,1.02,0.98,1.0
MIDD,1995-11-08,1.02,1.02,1.0,1.0
MIDD,1995-11-09,0.98,1.02,0.98,1.02
MIDD,1995-11-10,1.0,1.02,1.0,1.02
MIDD,1995-11-13,1.0,1.04,1.0,1.04
MIDD,1995-11-14,1.06,1.08,1.06,1.08
MIDD,1995-11-15,1.08,1.19,1.08,1.19
MIDD,1995-11-16,1.21,1.21,1.19,1.21
MIDD,1995-11-17,1.21,1.21,1.18,1.19
MIDD,1995-11-20,1.21,1.21,1.19,1.19
MIDD,1995-11-21,1.19,1.21,1.17,1.21
MIDD,1995-11-22,1.23,1.29,1.23,1.29
MIDD,1995-11-24,1.29,1.31,1.29,1.31
MIDD,1995-11-27,1.29,1.33,1.27,1.33
MIDD,1995-11-28,1.38,1.38,1.29,1.33
MIDD,1995-11-29,1.29,1.31,1.29,1.29
MIDD,1995-11-30,1.27,1.31,1.27,1.31
MIDD,1995-12-01,1.25,1.31,1.25,1.31
MIDD,1995-12-04,1.31,1.31,1.25,1.31
MIDD,1995-12-05,1.25,1.31,1.25,1.31
MIDD,1995-12-06,1.31,1.33,1.25,1.33
MIDD,1995-12-07,1.33,1.42,1.33,1.33
MIDD,1995-12-08,1.29,1.38,1.29,1.35
MIDD,1995-12-11,1.38,1.4,1.33,1.38
MIDD,1995-12-12,1.4,1.4,1.29,1.38
MIDD,1995-12-13,1.38,1.38,1.31,1.35
MIDD,1995-12-14,1.42,1.42,1.33,1.42
MIDD,1995-12-15,1.31,1.42,1.31,1.42
MIDD,1995-12-18,1.33,1.38,1.29,1.33
MIDD,1995-12-19,1.31,1.38,1.31,1.33
MIDD,1995-12-20,1.31,1.38,1.31,1.31
MIDD,1995-12-21,1.38,1.38,1.33,1.38
MIDD,1995-12-22,1.33,1.4,1.33,1.4
MIDD,1995-12-26,1.42,1.42,1.42,1.42
MIDD,1995-12-27,1.35,1.42,1.35,1.42
MIDD,1995-12-28,1.42,1.5,1.35,1.5
MIDD,1995-12-29,1.46,1.62,1.46,1.58
MIDD,1996-01-02,1.5,1.5,1.33,1.38
MIDD,1996-01-03,1.33,1.38,1.29,1.38
MIDD,1996-01-04,1.29,1.38,1.29,1.38
MIDD,1996-01-05,1.38,1.38,1.38,1.38
MIDD,1996-01-08,1.35,1.38,1.35,1.38
MIDD,1996-01-09,1.38,1.38,1.29,1.38
MIDD,1996-01-10,1.38,1.42,1.35,1.42
MIDD,1996-01-11,1.38,1.42,1.31,1.42
MIDD,1996-01-12,1.31,1.42,1.31,1.42
MIDD,1996-01-15,1.38,1.38,1.33,1.38
MIDD,1996-01-16,1.38,1.38,1.38,1.38
MIDD,1996-01-17,1.38,1.38,1.33,1.38
MIDD,1996-01-18,1.38,1.38,1.36,1.38
MIDD,1996-01-19,1.38,1.4,1.38,1.4
MIDD,1996-01-22,1.38,1.38,1.33,1.35
MIDD,1996-01-23,1.31,1.33,1.31,1.33
MIDD,1996-01-24,1.33,1.35,1.31,1.31
MIDD,1996-01-25,1.35,1.35,1.33,1.33
MIDD,1996-01-26,1.31,1.33,1.29,1.33
MIDD,1996-01-29,1.31,1.35,1.31,1.35
MIDD,1996-01-30,1.35,1.35,1.35,1.35
MIDD,1996-01-31,1.31,1.35,1.31,1.35
MIDD,1996-02-01,1.33,1.35,1.31,1.35
MIDD,1996-02-02,1.31,1.35,1.31,1.35
MIDD,1996-02-05,1.33,1.35,1.29,1.29
MIDD,1996-02-06,1.29,1.33,1.27,1.33
MIDD,1996-02-07,1.27,1.33,1.27,1.33
MIDD,1996-02-08,1.27,1.29,1.27,1.28
MIDD,1996-02-09,1.25,1.29,1.25,1.29
MIDD,1996-02-12,1.25,1.29,1.23,1.29
MIDD,1996-02-13,1.21,1.29,1.21,1.29
MIDD,1996-02-14,1.21,1.25,1.21,1.25
MIDD,1996-02-15,1.21,1.25,1.19,1.25
MIDD,1996-02-16,1.21,1.25,1.21,1.21
MIDD,1996-02-20,1.21,1.25,1.17,1.17
MIDD,1996-02-21,1.21,1.23,1.19,1.2
MIDD,1996-02-22,1.17,1.25,1.17,1.25
MIDD,1996-02-23,1.25,1.29,1.23,1.29
MIDD,1996-02-26,1.23,1.29,1.21,1.29
MIDD,1996-02-27,1.23,1.27,1.23,1.27
MIDD,1996-02-28,1.27,1.29,1.25,1.29
MIDD,1996-02-29,1.25,1.4,1.25,1.38
MIDD,1996-03-01,1.42,1.42,1.31,1.42
MIDD,1996-03-04,1.31,1.42,1.31,1.42
MIDD,1996-03-05,1.33,1.44,1.33,1.44
MIDD,1996-03-06,1.35,1.44,1.35,1.44
MIDD,1996-03-07,1.38,1.48,1.38,1.44
MIDD,1996-03-08,1.42,1.42,1.29,1.38
MIDD,1996-03-11,1.38,1.38,1.38,1.38
MIDD,1996-03-12,1.29,1.33,1.29,1.33
MIDD,1996-03-13,1.29,1.29,1.25,1.29
MIDD,1996-03-14,1.29,1.29,1.29,1.29
MIDD,1996-03-15,1.29,1.29,1.23,1.29
MIDD,1996-03-18,1.29,1.4,1.29,1.35
MIDD,1996-03-19,1.35,1.35,1.35,1.35
MIDD,1996-03-20,1.33,1.33,1.33,1.33
MIDD,1996-03-21,1.4,1.4,1.4,1.4
MIDD,1996-03-22,1.4,1.4,1.33,1.4
MIDD,1996-03-25,1.4,1.4,1.33,1.4
MIDD,1996-03-26,1.33,1.35,1.31,1.35
MIDD,1996-03-27,1.35,1.35,1.33,1.35
MIDD,1996-03-28,1.31,1.33,1.31,1.33
MIDD,1996-03-29,1.33,1.33,1.32,1.33
MIDD,1996-04-01,1.31,1.35,1.31,1.33
MIDD,1996-04-02,1.31,1.31,1.31,1.31
MIDD,1996-04-03,1.31,1.33,1.31,1.33
MIDD,1996-04-04,1.31,1.33,1.31,1.33
MIDD,1996-04-08,1.31,1.33,1.31,1.33
MIDD,1996-04-09,1.31,1.31,1.31,1.31
MIDD,1996-04-10,1.31,1.31,1.31,1.31
MIDD,1996-04-11,1.29,1.31,1.29,1.31
MIDD,1996-04-12,1.29,1.29,1.29,1.29
MIDD,1996-04-15,1.29,1.33,1.29,1.31
MIDD,1996-04-16,1.4,1.75,1.33,1.65
MIDD,1996-04-17,1.75,1.75,1.52,1.6
MIDD,1996-04-18,1.62,1.62,1.56,1.62
MIDD,1996-04-19,1.62,1.77,1.6,1.77
MIDD,1996-04-22,1.77,1.85,1.75,1.83
MIDD,1996-04-23,1.83,1.96,1.83,1.96
MIDD,1996-04-24,1.96,1.96,1.79,1.85
MIDD,1996-04-25,1.85,1.9,1.85,1.9
MIDD,1996-04-26,1.9,2.08,1.79,2.06
MIDD,1996-04-29,2.02,2.12,2.0,2.0
MIDD,1996-04-30,2.0,2.08,2.0,2.04
MIDD,1996-05-01,2.08,2.08,1.98,2.06
MIDD,1996-05-02,2.06,2.06,1.98,2.04
MIDD,1996-05-03,1.98,2.04,1.96,2.0
MIDD,1996-05-06,1.94,2.0,1.94,2.0
MIDD,1996-05-07,1.94,2.0,1.94,2.0
MIDD,1996-05-08,2.0,2.0,1.94,2.0
MIDD,1996-05-09,1.94,2.0,1.94,2.0
MIDD,1996-05-10,1.96,2.02,1.96,2.02
MIDD,1996-05-13,2.02,2.15,2.0,2.15
MIDD,1996-05-14,2.17,2.19,2.15,2.17
MIDD,1996-05-15,2.15,2.17,2.12,2.12
MIDD,1996-05-16,2.12,2.19,2.12,2.19
MIDD,1996-05-17,2.19,2.35,2.17,2.32
MIDD,1996-05-20,2.38,2.38,2.1,2.29
MIDD,1996-05-21,2.27,2.29,2.02,2.04
MIDD,1996-05-22,2.06,2.1,2.04,2.1
MIDD,1996-05-23,2.04,2.1,2.04,2.1
MIDD,1996-05-24,2.08,2.1,2.04,2.1
MIDD,1996-05-28,2.1,2.12,1.96,2.0
MIDD,1996-05-29,2.02,2.02,1.73,1.83
MIDD,1996-05-30,1.79,1.85,1.79,1.81
MIDD,1996-05-31,1.81,1.83,1.77,1.77
MIDD,1996-06-03,1.75,1.81,1.75,1.81
MIDD,1996-06-04,1.81,1.81,1.75,1.81
MIDD,1996-06-05,1.81,1.81,1.75,1.81
MIDD,1996-06-06,1.81,1.81,1.75,1.81
MIDD,1996-06-07,1.75,1.75,1.65,1.75
MIDD,1996-06-10,1.75,1.75,1.75,1.75
MIDD,1996-06-11,1.65,1.71,1.65,1.71
MIDD,1996-06-12,1.75,1.75,1.75,1.75
MIDD,1996-06-13,1.65,1.73,1.65,1.65
MIDD,1996-06-14,1.73,1.73,1.65,1.73
MIDD,1996-06-17,1.73,1.73,1.73,1.73
MIDD,1996-06-18,1.73,1.73,1.56,1.56
MIDD,1996-06-19,1.54,1.58,1.46,1.48
MIDD,1996-06-20,1.5,1.5,1.29,1.38
MIDD,1996-06-21,1.38,1.38,1.23,1.23
MIDD,1996-06-24,1.33,1.33,1.23,1.33
MIDD,1996-06-25,1.33,1.33,1.25,1.33
MIDD,1996-06-26,1.33,1.33,1.25,1.33
MIDD,1996-06-27,1.25,1.33,1.25,1.33
MIDD,1996-06-28,1.33,1.33,1.28,1.33
MIDD,1996-07-01,1.33,1.33,1.25,1.25
MIDD,1996-07-02,1.33,1.33,1.25,1.33
MIDD,1996-07-03,1.33,1.33,1.25,1.33
MIDD,1996-07-05,1.33,1.33,1.25,1.33
MIDD,1996-07-08,1.33,1.33,1.23,1.33
MIDD,1996-07-09,1.23,1.33,1.23,1.33
MIDD,1996-07-10,1.23,1.33,1.23,1.33
MIDD,1996-07-11,1.33,1.33,1.33,1.33
MIDD,1996-07-12,1.25,1.33,1.23,1.33
MIDD,1996-07-15,1.23,1.33,0.98,1.12
MIDD,1996-07-16,1.12,1.12,1.04,1.1
MIDD,1996-07-17,1.1,1.17,1.07,1.17
MIDD,1996-07-18,1.17,1.17,1.12,1.17
MIDD,1996-07-19,1.17,1.17,1.06,1.17
MIDD,1996-07-22,1.06,1.15,1.0,1.15
MIDD,1996-07-23,1.1,1.17,1.08,1.17
MIDD,1996-07-24,1.17,1.17,1.02,1.17
MIDD,1996-07-25,1.12,1.23,1.12,1.23
MIDD,1996-07-26,1.23,1.23,1.12,1.23
MIDD,1996-07-29,1.12,1.23,1.12,1.23
MIDD,1996-07-30,1.17,1.19,1.15,1.19
MIDD,1996-07-31,1.12,1.19,1.12,1.19
MIDD,1996-08-01,1.12,1.17,1.12,1.17
MIDD,1996-08-02,1.17,1.17,1.17,1.17
MIDD,1996-08-05,1.19,1.19,1.08,1.19
MIDD,1996-08-06,1.08,1.19,1.08,1.19
MIDD,1996-08-07,1.09,1.19,1.08,1.19
MIDD,1996-08-08,1.15,1.19,1.08,1.19
MIDD,1996-08-09,1.19,1.19,1.08,1.19
MIDD,1996-08-12,1.08,1.19,1.08,1.19
MIDD,1996-08-13,1.19,1.19,1.19,1.19
MIDD,1996-08-14,1.08,1.17,1.06,1.17
MIDD,1996-08-15,1.08,1.17,1.08,1.17
MIDD,1996-08-16,1.07,1.17,1.07,1.17
MIDD,1996-08-19,1.17,1.17,1.17,1.17
MIDD,1996-08-20,1.06,1.17,1.06,1.17
MIDD,1996-08-21,1.06,1.17,1.06,1.1
MIDD,1996-08-22,1.1,1.1,1.02,1.1
MIDD,1996-08-23,1.02,1.1,0.96,1.1
MIDD,1996-08-26,1.0,1.08,1.0,1.08
MIDD,1996-08-27,1.08,1.1,1.0,1.09
MIDD,1996-08-28,1.1,1.1,1.0,1.04
MIDD,1996-08-29,1.06,1.06,1.02,1.02
MIDD,1996-08-30,1.02,1.04,1.02,1.04
MIDD,1996-09-03,0.96,1.0,0.92,1.0
MIDD,1996-09-04,0.92,1.0,0.92,1.0
MIDD,1996-09-05,1.0,1.02,0.96,1.0
MIDD,1996-09-06,1.0,1.0,1.0,1.0
MIDD,1996-09-09,1.0,1.0,1.0,1.0
MIDD,1996-09-10,0.94,1.0,0.94,1.0
MIDD,1996-09-11,0.96,1.0,0.96,0.96
MIDD,1996-09-12,0.96,1.02,0.96,1.0
MIDD,1996-09-13,0.98,1.04,0.98,1.04
MIDD,1996-09-16,1.0,1.04,1.0,1.04
MIDD,1996-09-17,1.01,1.02,1.0,1.0
MIDD,1996-09-18,1.04,1.04,0.96,1.02
MIDD,1996-09-19,1.02,1.02,1.02,1.02
MIDD,1996-09-20,1.02,1.02,1.02,1.02
MIDD,1996-09-23,0.96,1.02,0.96,1.02
MIDD,1996-09-24,0.98,1.02,0.98,1.02
MIDD,1996-09-25,1.02,1.02,0.96,1.02
MIDD,1996-09-26,0.96,1.02,0.96,1.0
MIDD,1996-09-27,1.02,1.02,0.98,1.0
MIDD,1996-09-30,1.0,1.0,1.0,1.0
MIDD,1996-10-01,1.0,1.04,1.0,1.02
MIDD,1996-10-02,1.02,1.02,0.94,1.0
MIDD,1996-10-03,0.94,1.02,0.94,1.0
MIDD,1996-10-04,0.94,1.02,0.94,0.98
MIDD,1996-10-07,0.98,0.98,0.98,0.98
MIDD,1996-10-08,0.98,0.98,0.98,0.98
MIDD,1996-10-09,0.96,0.96,0.92,0.92
MIDD,1996-10-10,0.95,0.95,0.92,0.92
MIDD,1996-10-11,0.9,0.94,0.88,0.88
MIDD,1996-10-14,0.92,0.92,0.88,0.9
MIDD,1996-10-15,0.88,0.92,0.88,0.92
MIDD,1996-10-16,0.88,0.9,0.88,0.88
MIDD,1996-10-17,0.92,0.94,0.85,0.85
MIDD,1996-10-18,0.85,0.85,0.85,0.85
MIDD,1996-10-21,0.94,0.94,0.79,0.85
MIDD,1996-10-22,0.81,0.81,0.79,0.79
MIDD,1996-10-23,0.75,0.88,0.75,0.88
MIDD,1996-10-24,0.88,0.9,0.83,0.88
MIDD,1996-10-25,0.85,0.96,0.85,0.96
MIDD,1996-10-28,0.98,1.0,0.92,0.92
MIDD,1996-10-29,0.98,0.98,0.96,0.98
MIDD,1996-10-30,0.94,0.94,0.92,0.92
MIDD,1996-10-31,0.88,0.92,0.88,0.88
MIDD,1996-11-01,0.88,0.94,0.88,0.94
MIDD,1996-11-04,0.88,1.12,0.88,1.01
MIDD,1996-11-05,1.04,1.08,1.0,1.04
MIDD,1996-11-06,1.08,1.08,1.0,1.0
MIDD,1996-11-07,1.0,1.08,1.0,1.04
MIDD,1996-11-08,1.08,1.08,1.02,1.08
MIDD,1996-11-11,1.02,1.08,1.02,1.08
MIDD,1996-11-12,1.02,1.08,0.94,0.98
MIDD,1996-11-13,1.02,1.02,0.94,1.0
MIDD,1996-11-14,0.98,1.02,0.94,0.94
MIDD,1996-11-15,0.94,0.98,0.94,0.98
MIDD,1996-11-18,0.94,1.02,0.94,1.0
MIDD,1996-11-19,1.02,1.02,0.9,0.96
MIDD,1996-11-20,0.98,0.98,0.94,0.94
MIDD,1996-11-21,0.98,0.98,0.94,0.96
MIDD,1996-11-22,0.98,0.98,0.94,0.94
MIDD,1996-11-25,0.96,0.98,0.94,0.98
MIDD,1996-11-26,0.94,1.0,0.94,1.0
MIDD,1996-11-27,0.94,1.0,0.94,0.96
MIDD,1996-11-29,0.94,1.0,0.94,1.0
MIDD,1996-12-02,0.95,1.0,0.94,1.0
MIDD,1996-12-03,0.94,1.0,0.94,0.94
MIDD,1996-12-04,1.0,1.0,0.91,1.0
MIDD,1996-12-05,1.0,1.0,0.96,0.98
MIDD,1996-12-06,0.94,1.0,0.91,1.0
MIDD,1996-12-09,1.02,1.02,0.96,0.98
MIDD,1996-12-10,1.04,1.04,0.98,0.98
MIDD,1996-12-11,1.04,1.04,0.96,1.0
MIDD,1996-12-12,0.96,1.02,0.94,0.98
MIDD,1996-12-13,1.0,1.1,0.96,1.1
MIDD,1996-12-16,1.1,1.1,1.02,1.02
MIDD,1996-12-17,1.1,1.1,1.02,1.02
MIDD,1996-12-18,1.04,1.08,1.02,1.04
MIDD,1996-12-19,1.04,1.1,1.02,1.1
MIDD,1996-12-20,1.1,1.12,1.04,1.04
MIDD,1996-12-23,1.06,1.15,1.06,1.08
MIDD,1996-12-24,1.1,1.12,1.06,1.12
MIDD,1996-12-26,1.06,1.12,1.06,1.1
MIDD,1996-12-27,1.06,1.1,1.04,1.04
MIDD,1996-12-30,1.04,1.1,1.04,1.04
MIDD,1996-12-31,1.04,1.1,1.04,1.06
MIDD,1997-01-02,1.08,1.08,1.04,1.04
MIDD,1997-01-03,1.08,1.12,1.08,1.12
MIDD,1997-01-06,1.1,1.19,1.1,1.19
MIDD,1997-01-07,1.19,1.23,1.15,1.15
MIDD,1997-01-08,1.23,1.23,1.12,1.19
MIDD,1997-01-09,1.19,1.19,1.1,1.1
MIDD,1997-01-10,1.1,1.17,1.1,1.12
MIDD,1997-01-13,1.15,1.15,1.02,1.04
MIDD,1997-01-14,1.1,1.12,1.04,1.08
MIDD,1997-01-15,1.06,1.06,1.06,1.06
MIDD,1997-01-16,1.09,1.12,1.06,1.1
MIDD,1997-01-17,1.12,1.15,1.06,1.12
MIDD,1997-01-20,1.15,1.15,1.11,1.15
MIDD,1997-01-21,1.15,1.15,1.12,1.12
MIDD,1997-01-22,1.15,1.17,1.1,1.17
MIDD,1997-01-23,1.1,1.17,1.08,1.17
MIDD,1997-01-24,1.08,1.15,1.08,1.15
MIDD,1997-01-27,1.15,1.15,1.06,1.15
MIDD,1997-01-28,1.12,1.12,1.04,1.12
MIDD,1997-01-29,1.1,1.1,1.06,1.1
MIDD,1997-01-30,1.1,1.1,1.08,1.08
MIDD,1997-01-31,1.04,1.04,1.04,1.04
MIDD,1997-02-03,1.1,1.1,1.02,1.1
MIDD,1997-02-04,1.02,1.1,1.02,1.04
MIDD,1997-02-05,1.06,1.06,1.06,1.06
MIDD,1997-02-06,1.08,1.12,1.06,1.12
MIDD,1997-02-07,1.06,1.12,1.06,1.12
MIDD,1997-02-10,1.06,1.15,1.06,1.15
MIDD,1997-02-11,1.15,1.15,1.08,1.15
MIDD,1997-02-12,1.06,1.17,1.06,1.12
MIDD,1997-02-13,1.17,1.17,1.15,1.17
MIDD,1997-02-14,1.12,1.21,1.12,1.15
MIDD,1997-02-18,1.21,1.21,1.04,1.04
MIDD,1997-02-19,1.12,1.25,1.12,1.25
MIDD,1997-02-20,1.27,1.31,1.21,1.25
MIDD,1997-02-21,1.27,1.27,1.17,1.25
MIDD,1997-02-24,1.27,1.27,1.23,1.25
MIDD,1997-02-25,1.23,1.25,1.23,1.23
MIDD,1997-02-26,1.25,1.25,1.19,1.19
MIDD,1997-02-27,1.19,1.25,1.19,1.25
MIDD,1997-02-28,1.21,1.27,1.21,1.25
MIDD,1997-03-03,1.23,1.27,1.23,1.25
MIDD,1997-03-04,1.27,1.29,1.23,1.27
MIDD,1997-03-05,1.27,1.27,1.27,1.27
MIDD,1997-03-06,1.23,1.29,1.23,1.23
MIDD,1997-03-07,1.23,1.23,1.23,1.23
MIDD,1997-03-10,1.29,1.29,1.23,1.25
MIDD,1997-03-11,1.25,1.29,1.25,1.29
MIDD,1997-03-12,1.33,1.33,1.27,1.33
MIDD,1997-03-13,1.33,1.38,1.29,1.38
MIDD,1997-03-14,1.38,1.38,1.29,1.33
MIDD,1997-03-17,1.38,1.38,1.29,1.33
MIDD,1997-03-18,1.31,1.35,1.31,1.35
MIDD,1997-03-19,1.31,1.38,1.31,1.33
MIDD,1997-03-20,1.38,1.38,1.31,1.31
MIDD,1997-03-21,1.31,1.4,1.31,1.4
MIDD,1997-03-24,1.42,1.44,1.31,1.42
MIDD,1997-03-25,1.42,1.42,1.35,1.38
MIDD,1997-03-26,1.42,1.42,1.38,1.42
MIDD,1997-03-27,1.42,1.42,1.35,1.42
MIDD,1997-03-31,1.33,1.42,1.33,1.42
MIDD,1997-04-01,1.31,1.42,1.31,1.33
MIDD,1997-04-02,1.31,1.35,1.27,1.33
MIDD,1997-04-03,1.35,1.35,1.25,1.31
MIDD,1997-04-04,1.25,1.25,1.21,1.25
MIDD,1997-04-07,1.19,1.29,1.19,1.29
MIDD,1997-04-08,1.27,1.29,1.25,1.29
MIDD,1997-04-09,1.26,1.31,1.23,1.25
MIDD,1997-04-10,1.31,1.31,1.23,1.3
MIDD,1997-04-11,1.31,1.31,1.31,1.31
MIDD,1997-04-14,1.31,1.31,1.23,1.23
MIDD,1997-04-15,1.23,1.3,1.23,1.23
MIDD,1997-04-16,1.23,1.28,1.23,1.28
MIDD,1997-04-17,1.29,1.31,1.27,1.31
MIDD,1997-04-18,1.27,1.33,1.27,1.33
MIDD,1997-04-21,1.35,1.35,1.35,1.35
MIDD,1997-04-22,1.35,1.35,1.35,1.35
MIDD,1997-04-23,1.35,1.44,1.33,1.44
MIDD,1997-04-24,1.42,1.44,1.42,1.44
MIDD,1997-04-25,1.44,1.46,1.38,1.46
MIDD,1997-04-28,1.35,1.42,1.35,1.42
MIDD,1997-04-29,1.29,1.46,1.29,1.45
MIDD,1997-04-30,1.35,1.58,1.35,1.5
MIDD,1997-05-01,1.56,1.62,1.5,1.6
MIDD,1997-05-02,1.6,1.6,1.5,1.6
MIDD,1997-05-05,1.56,1.6,1.5,1.58
MIDD,1997-05-06,1.5,1.65,1.5,1.65
MIDD,1997-05-07,1.65,1.65,1.56,1.65
MIDD,1997-05-08,1.65,1.65,1.56,1.65
MIDD,1997-05-09,1.58,1.65,1.58,1.62
MIDD,1997-05-12,1.62,1.62,1.58,1.62
MIDD,1997-05-13,1.62,1.62,1.54,1.62
MIDD,1997-05-14,1.52,1.62,1.52,1.62
MIDD,1997-05-15,1.62,1.62,1.56,1.6
MIDD,1997-05-16,1.56,1.6,1.5,1.6
MIDD,1997-05-19,1.6,1.6,1.5,1.58
MIDD,1997-05-20,1.58,1.58,1.5,1.58
MIDD,1997-05-21,1.58,1.58,1.48,1.58
MIDD,1997-05-22,1.52,1.58,1.52,1.58
MIDD,1997-05-23,1.58,1.58,1.56,1.56
MIDD,1997-05-27,1.56,1.6,1.48,1.6
MIDD,1997-05-28,1.6,1.69,1.58,1.69
MIDD,1997-05-29,1.6,1.67,1.6,1.67
MIDD,1997-05-30,1.67,1.67,1.58,1.67
MIDD,1997-06-02,1.54,1.67,1.52,1.67
MIDD,1997-06-03,1.66,1.66,1.62,1.62
MIDD,1997-06-04,1.52,1.65,1.52,1.6
MIDD,1997-06-05,1.52,1.6,1.52,1.52
MIDD,1997-06-06,1.52,1.6,1.52,1.6
MIDD,1997-06-09,1.52,1.6,1.46,1.6
MIDD,1997-06-10,1.46,1.58,1.46,1.58
MIDD,1997-06-11,1.52,1.56,1.46,1.56
MIDD,1997-06-12,1.56,1.56,1.54,1.54
MIDD,1997-06-13,1.46,1.5,1.33,1.5
MIDD,1997-06-16,1.35,1.58,1.35,1.58
MIDD,1997-06-17,1.52,1.54,1.52,1.54
MIDD,1997-06-18,1.46,1.58,1.46,1.54
MIDD,1997-06-19,1.42,1.58,1.42,1.54
MIDD,1997-06-20,1.46,1.5,1.46,1.5
MIDD,1997-06-23,1.58,1.58,1.42,1.42
MIDD,1997-06-24,1.42,1.54,1.42,1.46
MIDD,1997-06-25,1.42,1.54,1.42,1.46
MIDD,1997-06-26,1.5,1.5,1.42,1.42
MIDD,1997-06-27,1.58,1.58,1.48,1.54
MIDD,1997-06-30,1.48,1.58,1.48,1.54
MIDD,1997-07-01,1.48,1.56,1.48,1.56
MIDD,1997-07-02,1.56,1.56,1.56,1.56
MIDD,1997-07-03,1.46,1.56,1.46,1.54
MIDD,1997-07-07,1.56,1.58,1.46,1.58
MIDD,1997-07-08,1.5,1.56,1.5,1.54
MIDD,1997-07-09,1.56,1.58,1.52,1.58
MIDD,1997-07-10,1.58,1.58,1.58,1.58
MIDD,1997-07-11,1.54,1.65,1.54,1.58
MIDD,1997-07-14,1.56,1.69,1.56,1.67
MIDD,1997-07-15,1.56,1.69,1.56,1.67
MIDD,1997-07-16,1.65,1.71,1.65,1.67
MIDD,1997-07-17,1.71,1.71,1.54,1.62
MIDD,1997-07-18,1.58,1.67,1.54,1.67
MIDD,1997-07-21,1.54,1.6,1.5,1.6
MIDD,1997-07-22,1.48,1.6,1.48,1.6
MIDD,1997-07-23,1.69,1.79,1.58,1.62
MIDD,1997-07-24,1.67,1.67,1.58,1.65
MIDD,1997-07-25,1.58,1.67,1.58,1.65
MIDD,1997-07-28,1.58,1.62,1.52,1.6
MIDD,1997-07-29,1.48,1.56,1.48,1.56
MIDD,1997-07-30,1.56,1.56,1.46,1.54
MIDD,1997-07-31,1.58,1.58,1.46,1.54
MIDD,1997-08-01,1.46,1.56,1.44,1.56
MIDD,1997-08-04,1.5,1.54,1.44,1.5
MIDD,1997-08-05,1.5,1.54,1.44,1.54
MIDD,1997-08-06,1.5,1.6,1.46,1.58
MIDD,1997-08-07,1.44,1.58,1.44,1.58
MIDD,1997-08-08,1.58,1.58,1.58,1.58
MIDD,1997-08-11,1.58,1.58,1.44,1.58
MIDD,1997-08-12,1.44,1.57,1.44,1.57
MIDD,1997-08-13,1.57,1.57,1.44,1.52
MIDD,1997-08-14,1.46,1.58,1.44,1.58
MIDD,1997-08-15,1.58,1.58,1.52,1.56
MIDD,1997-08-18,1.44,1.58,1.44,1.58
MIDD,1997-08-19,1.54,1.58,1.44,1.58
MIDD,1997-08-20,1.58,1.58,1.54,1.58
MIDD,1997-08-21,1.5,1.6,1.5,1.6
MIDD,1997-08-22,1.5,1.6,1.5,1.6
MIDD,1997-08-25,1.5,1.6,1.5,1.54
MIDD,1997-08-26,1.56,1.56,1.5,1.56
MIDD,1997-08-27,1.46,1.56,1.42,1.56
MIDD,1997-08-28,1.44,1.56,1.44,1.56
MIDD,1997-08-29,1.44,1.56,1.44,1.44
MIDD,1997-09-02,1.5,1.56,1.44,1.54
MIDD,1997-09-03,1.44,1.58,1.44,1.58
MIDD,1997-09-04,1.46,1.58,1.44,1.54
MIDD,1997-09-05,1.44,1.58,1.44,1.58
MIDD,1997-09-08,1.58,1.58,1.44,1.56
MIDD,1997-09-09,1.58,1.58,1.58,1.58
MIDD,1997-09-10,1.44,1.54,1.29,1.54
MIDD,1997-09-11,1.46,1.56,1.46,1.56
MIDD,1997-09-12,1.56,1.56,1.21,1.56
MIDD,1997-09-15,1.56,1.56,1.48,1.48
MIDD,1997-09-16,1.58,1.58,1.48,1.58
MIDD,1997-09-17,1.48,1.58,1.48,1.56
MIDD,1997-09-18,1.54,1.56,1.54,1.56
MIDD,1997-09-19,1.6,1.6,1.52,1.58
MIDD,1997-09-22,1.52,1.58,1.52,1.58
MIDD,1997-09-23,1.58,1.62,1.54,1.62
MIDD,1997-09-24,1.62,1.62,1.58,1.61
MIDD,1997-09-25,1.58,1.65,1.58,1.65
MIDD,1997-09-26,1.65,1.67,1.58,1.65
MIDD,1997-09-29,1.69,1.69,1.62,1.65
MIDD,1997-09-30,1.66,1.66,1.6,1.65
MIDD,1997-10-01,1.62,1.65,1.62,1.65
MIDD,1997-10-02,1.64,1.65,1.64,1.64
MIDD,1997-10-03,1.62,1.64,1.61,1.62
MIDD,1997-10-06,1.6,1.66,1.6,1.66
MIDD,1997-10-07,1.69,1.69,1.62,1.67
MIDD,1997-10-08,1.67,1.68,1.66,1.67
MIDD,1997-10-09,1.67,1.69,1.62,1.67
MIDD,1997-10-10,1.67,1.7,1.65,1.68
MIDD,1997-10-13,1.67,1.81,1.67,1.78
MIDD,1997-10-14,1.85,1.96,1.79,1.96
MIDD,1997-10-15,1.96,2.0,1.88,1.88
MIDD,1997-10-16,1.96,1.96,1.88,1.94
MIDD,1997-10-17,1.94,1.94,1.81,1.9
MIDD,1997-10-20,2.0,2.02,1.83,1.98
MIDD,1997-10-21,1.98,2.0,1.92,1.92
MIDD,1997-10-22,1.92,2.0,1.9,1.96
MIDD,1997-10-23,1.83,1.98,1.83,1.98
MIDD,1997-10-24,1.98,1.98,1.88,1.96
MIDD,1997-10-27,1.92,1.94,1.46,1.77
MIDD,1997-10-28,1.5,1.92,1.5,1.9
MIDD,1997-10-29,1.83,1.88,1.71,1.75
MIDD,1997-10-30,1.65,1.71,1.62,1.69
MIDD,1997-10-31,1.68,1.69,1.68,1.69
MIDD,1997-11-03,1.68,1.75,1.68,1.69
MIDD,1997-11-04,1.69,1.73,1.68,1.68
MIDD,1997-11-05,1.68,1.71,1.68,1.68
MIDD,1997-11-06,1.71,1.71,1.68,1.69
MIDD,1997-11-07,1.68,1.68,1.67,1.67
MIDD,1997-11-10,1.67,1.71,1.67,1.68
MIDD,1997-11-11,1.67,1.71,1.67,1.68
MIDD,1997-11-12,1.69,1.69,1.67,1.67
MIDD,1997-11-13,1.67,1.69,1.67,1.67
MIDD,1997-11-14,1.67,1.68,1.67,1.68
MIDD,1997-11-17,1.67,1.69,1.67,1.67
MIDD,1997-11-18,1.67,1.69,1.67,1.68
MIDD,1997-11-19,1.67,1.7,1.67,1.68
MIDD,1997-11-20,1.68,1.7,1.68,1.68
MIDD,1997-11-21,1.69,1.7,1.68,1.7
MIDD,1997-11-24,1.69,1.73,1.69,1.73
MIDD,1997-11-25,1.69,1.75,1.69,1.7
MIDD,1997-11-26,1.7,1.75,1.69,1.69
MIDD,1997-11-28,1.7,1.73,1.69,1.73
MIDD,1997-12-01,1.69,1.71,1.69,1.69
MIDD,1997-12-02,1.71,1.74,1.69,1.69
MIDD,1997-12-03,1.71,1.72,1.69,1.71
MIDD,1997-12-04,1.73,1.73,1.71,1.72
MIDD,1997-12-05,1.69,1.73,1.69,1.69
MIDD,1997-12-08,1.69,1.77,1.69,1.75
MIDD,1997-12-09,1.83,1.92,1.79,1.83
MIDD,1997-12-10,1.88,1.88,1.81,1.85
MIDD,1997-12-11,1.83,1.83,1.75,1.79
MIDD,1997-12-12,1.83,1.83,1.75,1.81
MIDD,1997-12-15,1.75,1.77,1.71,1.71
MIDD,1997-12-16,1.71,1.73,1.65,1.67
MIDD,1997-12-17,1.65,1.69,1.62,1.69
MIDD,1997-12-18,1.65,1.67,1.5,1.54
MIDD,1997-12-19,1.48,1.54,1.42,1.46
MIDD,1997-12-22,1.47,1.48,1.42,1.42
MIDD,1997-12-23,1.42,1.46,1.33,1.33
MIDD,1997-12-24,1.33,1.39,1.33,1.36
MIDD,1997-12-26,1.36,1.38,1.33,1.33
MIDD,1997-12-29,1.38,1.38,1.27,1.35
MIDD,1997-12-30,1.33,1.34,1.31,1.33
MIDD,1997-12-31,1.4,1.4,1.29,1.3
MIDD,1998-01-02,1.33,1.33,1.29,1.31
MIDD,1998-01-05,1.33,1.33,1.29,1.33
MIDD,1998-01-06,1.35,1.35,1.31,1.31
MIDD,1998-01-07,1.35,1.35,1.33,1.33
MIDD,1998-01-08,1.33,1.38,1.33,1.38
MIDD,1998-01-09,1.4,1.4,1.33,1.33
MIDD,1998-01-12,1.38,1.38,1.31,1.33
MIDD,1998-01-13,1.31,1.33,1.31,1.32
MIDD,1998-01-14,1.33,1.38,1.33,1.34
MIDD,1998-01-15,1.38,1.38,1.31,1.31
MIDD,1998-01-16,1.31,1.31,1.27,1.31
MIDD,1998-01-20,1.33,1.35,1.31,1.34
MIDD,1998-01-21,1.33,1.33,1.31,1.33
MIDD,1998-01-22,1.31,1.35,1.31,1.34
MIDD,1998-01-23,1.31,1.31,1.31,1.31
MIDD,1998-01-26,1.29,1.29,1.29,1.29
MIDD,1998-01-27,1.29,1.31,1.21,1.23
MIDD,1998-01-28,1.21,1.23,1.18,1.22
MIDD,1998-01-29,1.19,1.24,1.17,1.2
MIDD,1998-01-30,1.19,1.21,1.16,1.18
MIDD,1998-02-02,1.17,1.18,1.17,1.18
MIDD,1998-02-03,1.19,1.19,1.17,1.17
MIDD,1998-02-04,1.19,1.19,1.17,1.17
MIDD,1998-02-05,1.19,1.2,1.17,1.17
MIDD,1998-02-06,1.21,1.31,1.21,1.31
MIDD,1998-02-09,1.33,1.35,1.27,1.27
MIDD,1998-02-10,1.27,1.31,1.23,1.23
MIDD,1998-02-11,1.23,1.25,1.19,1.25
MIDD,1998-02-12,1.27,1.27,1.21,1.25
MIDD,1998-02-13,1.25,1.27,1.22,1.25
MIDD,1998-02-17,1.24,1.24,1.22,1.22
MIDD,1998-02-18,1.22,1.25,1.22,1.23
MIDD,1998-02-19,1.25,1.33,1.24,1.29
MIDD,1998-02-20,1.33,1.33,1.3,1.31
MIDD,1998-02-23,1.38,1.38,1.17,1.23
MIDD,1998-02-24,1.18,1.18,1.12,1.15
MIDD,1998-02-25,1.17,1.17,1.15,1.17
MIDD,1998-02-26,1.19,1.21,1.18,1.19
MIDD,1998-02-27,1.19,1.21,1.18,1.18
MIDD,1998-03-02,1.21,1.21,1.17,1.17
MIDD,1998-03-03,1.19,1.22,1.18,1.21
MIDD,1998-03-04,1.23,1.23,1.18,1.18
MIDD,1998-03-05,1.17,1.21,1.17,1.21
MIDD,1998-03-06,1.17,1.21,1.17,1.17
MIDD,1998-03-09,1.17,1.19,1.17,1.18
MIDD,1998-03-10,1.18,1.18,1.17,1.18
MIDD,1998-03-11,1.19,1.19,1.17,1.18
MIDD,1998-03-12,1.17,1.19,1.16,1.16
MIDD,1998-03-13,1.16,1.17,1.1,1.16
MIDD,1998-03-16,1.11,1.18,1.11,1.17
MIDD,1998-03-17,1.17,1.21,1.17,1.21
MIDD,1998-03-18,1.2,1.21,1.19,1.21
MIDD,1998-03-19,1.22,1.22,1.19,1.2
MIDD,1998-03-20,1.21,1.21,1.2,1.21
MIDD,1998-03-23,1.2,1.21,1.19,1.19
MIDD,1998-03-24,1.17,1.19,1.17,1.17
MIDD,1998-03-25,1.17,1.18,1.06,1.12
MIDD,1998-03-26,1.12,1.17,1.11,1.15
MIDD,1998-03-27,1.1,1.17,1.1,1.1
MIDD,1998-03-30,1.15,1.19,1.1,1.15
MIDD,1998-03-31,1.18,1.19,1.11,1.19
MIDD,1998-04-01,1.19,1.2,1.17,1.19
MIDD,1998-04-02,1.17,1.19,1.16,1.17
MIDD,1998-04-03,1.17,1.21,1.17,1.17
MIDD,1998-04-06,1.17,1.2,1.17,1.17
MIDD,1998-04-07,1.17,1.2,1.17,1.2
MIDD,1998-04-08,1.17,1.2,1.17,1.2
MIDD,1998-04-09,1.19,1.23,1.19,1.21
MIDD,1998-04-13,1.19,1.31,1.19,1.31
MIDD,1998-04-14,1.38,1.42,1.33,1.38
MIDD,1998-04-15,1.38,1.4,1.35,1.4
MIDD,1998-04-16,1.42,1.42,1.35,1.35
MIDD,1998-04-17,1.39,1.39,1.35,1.36
MIDD,1998-04-20,1.38,1.38,1.33,1.35
MIDD,1998-04-21,1.36,1.38,1.32,1.34
MIDD,1998-04-22,1.31,1.33,1.23,1.28
MIDD,1998-04-23,1.28,1.28,1.22,1.22
MIDD,1998-04-24,1.27,1.28,1.21,1.25
MIDD,1998-04-27,1.21,1.23,1.15,1.23
MIDD,1998-04-28,1.23,1.29,1.23,1.25
MIDD,1998-04-29,1.27,1.33,1.27,1.33
MIDD,1998-04-30,1.33,1.33,1.31,1.33
MIDD,1998-05-01,1.33,1.33,1.32,1.33
MIDD,1998-05-04,1.32,1.33,1.29,1.31
MIDD,1998-05-05,1.31,1.31,1.25,1.27
MIDD,1998-05-06,1.28,1.31,1.28,1.28
MIDD,1998-05-07,1.19,1.19,1.1,1.12
MIDD,1998-05-08,1.12,1.12,1.02,1.08
MIDD,1998-05-11,1.07,1.15,1.07,1.14
MIDD,1998-05-12,1.16,1.19,1.12,1.19
MIDD,1998-05-13,1.15,1.23,1.15,1.23
MIDD,1998-05-14,1.23,1.23,1.17,1.17
MIDD,1998-05-15,1.17,1.17,1.17,1.17
MIDD,1998-05-18,1.17,1.21,1.17,1.17
MIDD,1998-05-19,1.17,1.23,1.17,1.23
MIDD,1998-05-20,1.21,1.27,1.21,1.23
MIDD,1998-05-21,1.23,1.25,1.23,1.23
MIDD,1998-05-22,1.23,1.23,1.2,1.2
MIDD,1998-05-26,1.19,1.19,1.19,1.19
MIDD,1998-05-27,1.19,1.2,1.09,1.15
MIDD,1998-05-28,1.17,1.19,1.12,1.19
MIDD,1998-05-29,1.19,1.21,1.19,1.21
MIDD,1998-06-01,1.22,1.27,1.22,1.23
MIDD,1998-06-02,1.27,1.27,1.21,1.24
MIDD,1998-06-03,1.25,1.27,1.22,1.26
MIDD,1998-06-04,1.26,1.26,1.21,1.22
MIDD,1998-06-05,1.25,1.25,1.21,1.22
MIDD,1998-06-08,1.25,1.25,1.21,1.24
MIDD,1998-06-09,1.24,1.25,1.21,1.25
MIDD,1998-06-10,1.23,1.25,1.22,1.24
MIDD,1998-06-11,1.24,1.24,1.21,1.23
MIDD,1998-06-12,1.23,1.24,1.18,1.19
MIDD,1998-06-15,1.23,1.25,1.21,1.21
MIDD,1998-06-16,1.21,1.21,1.17,1.17
MIDD,1998-06-17,1.21,1.22,1.2,1.2
MIDD,1998-06-18,1.21,1.23,1.19,1.19
MIDD,1998-06-19,1.21,1.21,1.17,1.17
MIDD,1998-06-22,1.21,1.21,1.15,1.15
MIDD,1998-06-23,1.12,1.17,1.12,1.17
MIDD,1998-06-24,1.15,1.17,1.1,1.15
MIDD,1998-06-25,1.14,1.14,1.02,1.02
MIDD,1998-06-26,1.06,1.06,1.0,1.02
MIDD,1998-06-29,1.02,1.06,0.98,1.06
MIDD,1998-06-30,1.06,1.06,1.0,1.02
MIDD,1998-07-01,1.03,1.05,1.0,1.0
MIDD,1998-07-02,1.02,1.06,1.0,1.04
MIDD,1998-07-06,1.0,1.04,1.0,1.04
MIDD,1998-07-07,1.0,1.08,1.0,1.06
MIDD,1998-07-08,1.06,1.06,1.01,1.04
MIDD,1998-07-09,1.04,1.07,1.04,1.07
MIDD,1998-07-10,1.07,1.07,1.03,1.04
MIDD,1998-07-13,1.04,1.06,1.03,1.04
MIDD,1998-07-14,1.02,1.02,1.01,1.01
MIDD,1998-07-15,1.01,1.04,1.01,1.04
MIDD,1998-07-16,1.02,1.05,1.02,1.03
MIDD,1998-07-17,1.04,1.04,1.04,1.04
MIDD,1998-07-20,1.02,1.02,1.02,1.02
MIDD,1998-07-21,1.01,1.05,1.01,1.04
MIDD,1998-07-22,1.0,1.04,1.0,1.02
MIDD,1998-07-23,1.01,1.05,1.01,1.01
MIDD,1998-07-24,1.0,1.02,1.0,1.02
MIDD,1998-07-27,1.0,1.0,0.96,0.98
MIDD,1998-07-28,0.98,0.98,0.97,0.97
MIDD,1998-07-29,0.98,0.98,0.98,0.98
MIDD,1998-07-30,0.98,1.01,0.98,1.01
MIDD,1998-07-31,1.0,1.04,1.0,1.0
MIDD,1998-08-03,1.0,1.0,0.97,1.0
MIDD,1998-08-04,1.0,1.01,0.96,0.98
MIDD,1998-08-05,0.96,1.0,0.94,0.94
MIDD,1998-08-06,0.94,0.94,0.94,0.94
MIDD,1998-08-07,0.98,0.98,0.94,0.94
MIDD,1998-08-10,0.92,0.92,0.9,0.92
MIDD,1998-08-11,0.88,0.9,0.77,0.83
MIDD,1998-08-12,0.83,0.88,0.83,0.88
MIDD,1998-08-13,0.85,0.86,0.84,0.85
MIDD,1998-08-14,0.88,0.88,0.77,0.79
MIDD,1998-08-17,0.83,0.85,0.79,0.79
MIDD,1998-08-18,0.83,0.83,0.75,0.79
MIDD,1998-08-19,0.81,0.81,0.65,0.69
MIDD,1998-08-20,0.67,0.7,0.67,0.7
MIDD,1998-08-21,0.7,0.7,0.68,0.7
MIDD,1998-08-24,0.68,0.7,0.68,0.69
MIDD,1998-08-25,0.7,0.7,0.68,0.7
MIDD,1998-08-26,0.69,0.69,0.68,0.68
MIDD,1998-08-27,0.68,0.68,0.67,0.67
MIDD,1998-08-28,0.68,0.7,0.67,0.67
MIDD,1998-08-31,0.67,0.67,0.66,0.67
MIDD,1998-09-01,0.67,0.68,0.67,0.67
MIDD,1998-09-02,0.69,0.69,0.67,0.67
MIDD,1998-09-03,0.67,0.69,0.65,0.69
MIDD,1998-09-04,0.67,0.69,0.66,0.67
MIDD,1998-09-08,0.69,0.73,0.67,0.73
MIDD,1998-09-09,0.71,0.77,0.71,0.73
MIDD,1998-09-10,0.71,0.71,0.65,0.69
MIDD,1998-09-11,0.68,0.68,0.65,0.67
MIDD,1998-09-14,0.67,0.69,0.67,0.67
MIDD,1998-09-15,0.69,0.69,0.65,0.67
MIDD,1998-09-16,0.66,0.66,0.65,0.65
MIDD,1998-09-17,0.67,0.67,0.65,0.65
MIDD,1998-09-18,0.67,0.67,0.65,0.65
MIDD,1998-09-21,0.66,0.66,0.66,0.66
MIDD,1998-09-22,0.65,0.67,0.65,0.66
MIDD,1998-09-23,0.65,0.69,0.65,0.69
MIDD,1998-09-24,0.69,0.69,0.69,0.69
MIDD,1998-09-25,0.66,0.66,0.66,0.66
MIDD,1998-09-28,0.66,0.67,0.66,0.66
MIDD,1998-09-29,0.67,0.67,0.65,0.66
MIDD,1998-09-30,0.66,0.69,0.66,0.66
MIDD,1998-10-01,0.65,0.65,0.65,0.65
MIDD,1998-10-02,0.65,0.67,0.65,0.67
MIDD,1998-10-05,0.66,0.69,0.66,0.67
MIDD,1998-10-06,0.67,0.67,0.65,0.67
MIDD,1998-10-07,0.65,0.67,0.65,0.67
MIDD,1998-10-08,0.65,0.65,0.5,0.52
MIDD,1998-10-09,0.58,0.61,0.54,0.57
MIDD,1998-10-12,0.54,0.54,0.54,0.54
MIDD,1998-10-13,0.56,0.56,0.56,0.56
MIDD,1998-10-14,0.54,0.57,0.54,0.57
MIDD,1998-10-15,0.57,0.57,0.56,0.57
MIDD,1998-10-16,0.55,0.57,0.55,0.55
MIDD,1998-10-19,0.56,0.56,0.56,0.56
MIDD,1998-10-20,0.57,0.57,0.57,0.57
MIDD,1998-10-21,0.57,0.58,0.56,0.58
MIDD,1998-10-22,0.6,0.6,0.56,0.56
MIDD,1998-10-23,0.62,0.62,0.62,0.62
MIDD,1998-10-26,0.62,0.62,0.56,0.56
MIDD,1998-10-27,0.61,0.61,0.61,0.61
MIDD,1998-10-28,0.58,0.59,0.58,0.59
MIDD,1998-10-29,0.58,0.65,0.58,0.64
MIDD,1998-10-30,0.58,0.58,0.58,0.58
MIDD,1998-11-02,0.58,0.67,0.58,0.62
MIDD,1998-11-03,0.58,0.62,0.58,0.6
MIDD,1998-11-04,0.62,0.62,0.58,0.58
MIDD,1998-11-05,0.58,0.65,0.58,0.65
MIDD,1998-11-06,0.65,0.65,0.65,0.65
MIDD,1998-11-09,0.58,0.65,0.58,0.65
MIDD,1998-11-10,0.6,0.65,0.6,0.61
MIDD,1998-11-11,0.62,0.66,0.6,0.6
MIDD,1998-11-12,0.62,0.62,0.58,0.62
MIDD,1998-11-13,0.57,0.62,0.57,0.58
MIDD,1998-11-16,0.66,0.66,0.58,0.58
MIDD,1998-11-17,0.59,0.6,0.59,0.6
MIDD,1998-11-18,0.6,0.66,0.6,0.65
MIDD,1998-11-19,0.67,0.7,0.66,0.7
MIDD,1998-11-20,0.65,0.7,0.62,0.65
MIDD,1998-11-23,0.65,0.67,0.65,0.67
MIDD,1998-11-24,0.66,0.68,0.65,0.65
MIDD,1998-11-25,0.64,0.67,0.64,0.67
MIDD,1998-11-27,0.65,0.67,0.65,0.65
MIDD,1998-11-30,0.64,0.67,0.64,0.67
MIDD,1998-12-01,0.67,0.67,0.65,0.66
MIDD,1998-12-02,0.67,0.67,0.62,0.62
MIDD,1998-12-03,0.62,0.62,0.62,0.62
MIDD,1998-12-04,0.66,0.67,0.65,0.66
MIDD,1998-12-07,0.65,0.66,0.62,0.62
MIDD,1998-12-08,0.67,0.67,0.62,0.62
MIDD,1998-12-09,0.62,0.64,0.62,0.62
MIDD,1998-12-10,0.64,0.67,0.59,0.59
MIDD,1998-12-11,0.59,0.67,0.58,0.65
MIDD,1998-12-14,0.66,0.68,0.65,0.66
MIDD,1998-12-15,0.65,0.65,0.6,0.6
MIDD,1998-12-16,0.6,0.65,0.6,0.61
MIDD,1998-12-17,0.61,0.66,0.59,0.59
MIDD,1998-12-18,0.64,0.65,0.58,0.65
MIDD,1998-12-21,0.59,0.68,0.59,0.67
MIDD,1998-12-22,0.69,0.71,0.68,0.69
MIDD,1998-12-23,0.68,0.72,0.66,0.67
MIDD,1998-12-24,0.65,0.67,0.65,0.65
MIDD,1998-12-28,0.65,0.67,0.59,0.59
MIDD,1998-12-29,0.6,0.65,0.58,0.6
MIDD,1998-12-30,0.6,0.62,0.6,0.6
MIDD,1998-12-31,0.65,0.65,0.6,0.6
MIDD,1999-01-04,0.67,0.67,0.6,0.6
MIDD,1999-01-05,0.6,0.68,0.6,0.68
MIDD,1999-01-06,0.62,0.68,0.62,0.62
MIDD,1999-01-07,0.65,0.65,0.6,0.65
MIDD,1999-01-08,0.65,0.65,0.6,0.65
MIDD,1999-01-11,0.67,0.67,0.64,0.64
MIDD,1999-01-12,0.66,0.67,0.66,0.67
MIDD,1999-01-13,0.67,0.69,0.61,0.62
MIDD,1999-01-14,0.65,0.66,0.6,0.66
MIDD,1999-01-15,0.58,0.66,0.58,0.66
MIDD,1999-01-19,0.68,0.69,0.67,0.69
MIDD,1999-01-20,0.7,0.75,0.7,0.75
MIDD,1999-01-21,0.77,0.83,0.74,0.76
MIDD,1999-01-22,0.75,0.75,0.71,0.75
MIDD,1999-01-25,0.76,0.76,0.76,0.76
MIDD,1999-01-26,0.77,0.81,0.75,0.77
MIDD,1999-01-27,0.77,0.84,0.77,0.84
MIDD,1999-01-28,0.85,0.88,0.84,0.85
MIDD,1999-01-29,0.91,0.95,0.91,0.95
MIDD,1999-02-01,0.95,0.95,0.89,0.93
MIDD,1999-02-02,0.88,0.88,0.75,0.86
MIDD,1999-02-03,0.84,0.85,0.83,0.85
MIDD,1999-02-04,0.85,0.88,0.82,0.82
MIDD,1999-02-05,0.82,0.85,0.82,0.83
MIDD,1999-02-08,0.88,0.88,0.83,0.83
MIDD,1999-02-09,0.83,0.83,0.81,0.82
MIDD,1999-02-10,0.79,0.83,0.75,0.79
MIDD,1999-02-11,0.76,0.8,0.76,0.78
MIDD,1999-02-12,0.79,0.84,0.79,0.83
MIDD,1999-02-16,0.84,0.84,0.78,0.79
MIDD,1999-02-17,0.81,0.81,0.79,0.79
MIDD,1999-02-18,0.78,0.78,0.76,0.76
MIDD,1999-02-19,0.76,0.78,0.75,0.78
MIDD,1999-02-22,0.77,0.77,0.77,0.77
MIDD,1999-02-23,0.71,0.73,0.58,0.6
MIDD,1999-02-24,0.61,0.62,0.6,0.62
MIDD,1999-02-25,0.61,0.62,0.6,0.6
MIDD,1999-02-26,0.62,0.62,0.59,0.6
MIDD,1999-03-01,0.65,0.65,0.6,0.62
MIDD,1999-03-02,0.62,0.65,0.62,0.65
MIDD,1999-03-03,0.65,0.66,0.64,0.66
MIDD,1999-03-04,0.66,0.68,0.66,0.67
MIDD,1999-03-05,0.71,0.83,0.69,0.75
MIDD,1999-03-08,0.81,0.83,0.71,0.71
MIDD,1999-03-09,0.71,0.75,0.71,0.75
MIDD,1999-03-10,0.75,0.76,0.69,0.74
MIDD,1999-03-11,0.71,0.73,0.71,0.73
MIDD,1999-03-12,0.71,0.71,0.67,0.68
MIDD,1999-03-15,0.71,0.73,0.69,0.7
MIDD,1999-03-16,0.75,0.75,0.75,0.75
MIDD,1999-03-17,0.71,0.71,0.7,0.7
MIDD,1999-03-18,0.69,0.72,0.69,0.72
MIDD,1999-03-19,0.75,0.81,0.75,0.75
MIDD,1999-03-22,0.79,0.79,0.73,0.73
MIDD,1999-03-23,0.75,0.77,0.71,0.73
MIDD,1999-03-24,0.72,0.72,0.71,0.71
MIDD,1999-03-25,0.71,0.71,0.69,0.69
MIDD,1999-03-26,0.68,0.71,0.67,0.67
MIDD,1999-03-29,0.69,0.69,0.66,0.67
MIDD,1999-03-30,0.66,0.7,0.66,0.67
MIDD,1999-03-31,0.67,0.67,0.66,0.66
MIDD,1999-04-01,0.67,0.67,0.66,0.67
MIDD,1999-04-05,0.7,0.71,0.66,0.67
MIDD,1999-04-06,0.67,0.67,0.66,0.66
MIDD,1999-04-07,0.65,0.67,0.65,0.66
MIDD,1999-04-08,0.66,0.66,0.66,0.66
MIDD,1999-04-09,0.66,0.69,0.66,0.67
MIDD,1999-04-12,0.66,0.66,0.66,0.66
MIDD,1999-04-13,0.67,0.67,0.66,0.67
MIDD,1999-04-14,0.66,0.66,0.62,0.62
MIDD,1999-04-15,0.62,0.71,0.62,0.65
MIDD,1999-04-16,0.64,0.68,0.64,0.66
MIDD,1999-04-19,0.65,0.75,0.62,0.72
MIDD,1999-04-20,0.75,0.75,0.74,0.74
MIDD,1999-04-21,0.75,0.83,0.75,0.76
MIDD,1999-04-22,0.74,0.8,0.74,0.8
MIDD,1999-04-23,0.8,0.84,0.8,0.83
MIDD,1999-04-26,0.83,0.84,0.82,0.82
MIDD,1999-04-27,0.84,0.84,0.8,0.8
MIDD,1999-04-28,0.8,0.83,0.8,0.83
MIDD,1999-04-29,0.8,0.83,0.8,0.82
MIDD,1999-04-30,0.83,0.83,0.72,0.8
MIDD,1999-05-03,0.83,0.83,0.78,0.78
MIDD,1999-05-04,0.77,0.77,0.76,0.77
MIDD,1999-05-05,0.76,0.84,0.76,0.84
MIDD,1999-05-06,0.84,0.84,0.78,0.78
MIDD,1999-05-07,0.78,0.82,0.78,0.82
MIDD,1999-05-10,0.77,0.77,0.77,0.77
MIDD,1999-05-11,0.79,0.82,0.78,0.78
MIDD,1999-05-12,0.79,0.83,0.73,0.77
MIDD,1999-05-13,0.78,0.79,0.77,0.78
MIDD,1999-05-14,0.75,0.75,0.75,0.75
MIDD,1999-05-17,0.76,0.77,0.76,0.77
MIDD,1999-05-18,0.77,0.77,0.77,0.77
MIDD,1999-05-19,0.81,0.81,0.79,0.81
MIDD,1999-05-20,0.77,0.81,0.77,0.81
MIDD,1999-05-21,0.79,0.81,0.79,0.81
MIDD,1999-05-24,0.8,0.81,0.75,0.81
MIDD,1999-05-25,0.79,0.81,0.79,0.8
MIDD,1999-05-26,0.81,0.81,0.8,0.81
MIDD,1999-05-27,0.79,0.83,0.79,0.81
MIDD,1999-05-28,0.79,0.82,0.79,0.79
MIDD,1999-06-01,0.79,0.81,0.79,0.79
MIDD,1999-06-02,0.79,0.79,0.77,0.79
MIDD,1999-06-03,0.79,0.81,0.77,0.79
MIDD,1999-06-04,0.79,0.81,0.79,0.79
MIDD,1999-06-07,0.81,0.81,0.77,0.77
MIDD,1999-06-08,0.77,0.78,0.76,0.77
MIDD,1999-06-09,0.77,0.81,0.77,0.81
MIDD,1999-06-10,0.81,0.81,0.77,0.79
MIDD,1999-06-11,0.81,0.81,0.79,0.81
MIDD,1999-06-14,0.78,0.81,0.77,0.81
MIDD,1999-06-15,0.75,0.78,0.75,0.78
MIDD,1999-06-16,0.76,0.78,0.74,0.77
MIDD,1999-06-17,0.79,0.79,0.78,0.79
MIDD,1999-06-18,0.8,0.8,0.8,0.8
MIDD,1999-06-21,0.8,0.81,0.8,0.81
MIDD,1999-06-22,0.79,0.88,0.79,0.88
MIDD,1999-06-23,0.84,0.97,0.83,0.9
MIDD,1999-06-24,0.92,1.05,0.92,1.0
MIDD,1999-06-25,1.02,1.12,1.02,1.02
MIDD,1999-06-28,1.02,1.04,1.0,1.02
MIDD,1999-06-29,1.0,1.12,1.0,1.11
MIDD,1999-06-30,1.1,1.1,1.04,1.06
MIDD,1999-07-01,1.06,1.1,1.04,1.08
MIDD,1999-07-02,1.08,1.12,1.02,1.06
MIDD,1999-07-06,1.05,1.1,1.04,1.1
MIDD,1999-07-07,1.06,1.06,1.05,1.06
MIDD,1999-07-08,1.04,1.1,1.0,1.01
MIDD,1999-07-09,1.02,1.1,1.02,1.04
MIDD,1999-07-12,1.04,1.19,1.04,1.19
MIDD,1999-07-13,1.17,1.18,1.15,1.15
MIDD,1999-07-14,1.17,1.18,1.14,1.17
MIDD,1999-07-15,1.18,1.19,1.15,1.17
MIDD,1999-07-16,1.19,1.38,1.18,1.25
MIDD,1999-07-19,1.29,1.42,1.25,1.31
MIDD,1999-07-20,1.31,1.42,1.29,1.31
MIDD,1999-07-21,1.36,1.38,1.25,1.29
MIDD,1999-07-22,1.33,1.33,1.17,1.24
MIDD,1999-07-23,1.2,1.25,1.2,1.23
MIDD,1999-07-26,1.25,1.25,1.22,1.25
MIDD,1999-07-27,1.29,1.31,1.26,1.29
MIDD,1999-07-28,1.28,1.28,1.21,1.23
MIDD,1999-07-29,1.23,1.25,1.18,1.21
MIDD,1999-07-30,1.17,1.26,1.17,1.26
MIDD,1999-08-02,1.21,1.21,1.15,1.19
MIDD,1999-08-03,1.14,1.16,1.12,1.16
MIDD,1999-08-04,1.21,1.21,1.08,1.15
MIDD,1999-08-05,1.12,1.15,1.09,1.09
MIDD,1999-08-06,1.08,1.12,0.9,0.9
MIDD,1999-08-09,1.02,1.12,1.01,1.03
MIDD,1999-08-10,1.1,1.1,0.9,0.96
MIDD,1999-08-11,1.0,1.02,0.99,1.02
MIDD,1999-08-12,1.02,1.02,0.99,1.0
MIDD,1999-08-13,0.96,1.01,0.96,1.0
MIDD,1999-08-16,1.01,1.01,0.98,0.98
MIDD,1999-08-17,0.99,1.02,0.99,1.0
MIDD,1999-08-18,0.98,1.0,0.91,0.96
MIDD,1999-08-19,0.96,0.96,0.92,0.92
MIDD,1999-08-20,0.91,0.96,0.91,0.93
MIDD,1999-08-23,0.98,0.98,0.93,0.94
MIDD,1999-08-24,0.94,0.94,0.92,0.94
MIDD,1999-08-25,0.96,0.98,0.96,0.98
MIDD,1999-08-26,0.94,0.94,0.83,0.88
MIDD,1999-08-27,0.83,0.92,0.83,0.88
MIDD,1999-08-30,0.88,0.92,0.77,0.77
MIDD,1999-08-31,0.77,0.96,0.77,0.96
MIDD,1999-09-01,0.94,0.96,0.93,0.93
MIDD,1999-09-02,0.9,0.94,0.89,0.94
MIDD,1999-09-03,0.91,0.98,0.91,0.98
MIDD,1999-09-07,0.97,0.97,0.97,0.97
MIDD,1999-09-08,0.98,0.98,0.97,0.97
MIDD,1999-09-09,0.95,0.98,0.95,0.98
MIDD,1999-09-10,0.98,0.98,0.97,0.97
MIDD,1999-09-13,0.94,0.97,0.94,0.97
MIDD,1999-09-14,0.94,0.96,0.94,0.96
MIDD,1999-09-15,0.9,0.97,0.9,0.97
MIDD,1999-09-16,0.96,0.97,0.88,0.96
MIDD,1999-09-17,0.96,0.96,0.93,0.94
MIDD,1999-09-20,0.91,0.96,0.9,0.96
MIDD,1999-09-21,1.0,1.0,0.96,0.99
MIDD,1999-09-22,0.96,0.97,0.9,0.9
MIDD,1999-09-23,0.9,0.94,0.77,0.82
MIDD,1999-09-24,0.83,0.88,0.82,0.85
MIDD,1999-09-27,0.96,1.02,0.92,0.92
MIDD,1999-09-28,1.0,1.02,0.98,0.98
MIDD,1999-09-29,0.96,0.98,0.88,0.98
MIDD,1999-09-30,0.98,0.98,0.98,0.98
MIDD,1999-10-01,0.97,0.98,0.94,0.98
MIDD,1999-10-04,0.94,0.94,0.86,0.86
MIDD,1999-10-05,0.86,0.92,0.86,0.92
MIDD,1999-10-06,0.92,0.94,0.92,0.92
MIDD,1999-10-07,0.93,0.94,0.85,0.92
MIDD,1999-10-08,0.91,0.94,0.89,0.9
MIDD,1999-10-11,0.92,0.94,0.91,0.93
MIDD,1999-10-12,0.91,0.91,0.81,0.85
MIDD,1999-10-13,0.83,0.83,0.79,0.79
MIDD,1999-10-14,0.79,0.8,0.74,0.76
MIDD,1999-10-15,0.77,0.77,0.74,0.75
MIDD,1999-10-18,0.76,0.79,0.7,0.71
MIDD,1999-10-19,0.71,0.71,0.7,0.7
MIDD,1999-10-20,0.72,0.72,0.69,0.71
MIDD,1999-10-21,0.72,0.77,0.72,0.72
MIDD,1999-10-22,0.74,0.76,0.72,0.76
MIDD,1999-10-25,0.78,0.78,0.75,0.77
MIDD,1999-10-26,0.75,0.77,0.73,0.75
MIDD,1999-10-27,0.75,0.75,0.73,0.73
MIDD,1999-10-28,0.73,0.75,0.73,0.73
MIDD,1999-10-29,0.73,0.76,0.73,0.75
MIDD,1999-11-01,0.75,0.75,0.75,0.75
MIDD,1999-11-02,0.75,0.75,0.75,0.75
MIDD,1999-11-03,0.74,0.75,0.71,0.72
MIDD,1999-11-04,0.73,0.73,0.71,0.72
MIDD,1999-11-05,0.73,0.73,0.71,0.73
MIDD,1999-11-08,0.72,0.74,0.72,0.73
MIDD,1999-11-09,0.74,0.75,0.73,0.74
MIDD,1999-11-10,0.74,0.74,0.73,0.73
MIDD,1999-11-11,0.73,0.75,0.73,0.74
MIDD,1999-11-12,0.75,0.77,0.75,0.77
MIDD,1999-11-15,0.78,0.81,0.78,0.81
MIDD,1999-11-16,0.81,0.81,0.79,0.81
MIDD,1999-11-17,0.79,0.81,0.73,0.8
MIDD,1999-11-18,0.8,0.84,0.79,0.79
MIDD,1999-11-19,0.83,0.85,0.81,0.83
MIDD,1999-11-22,0.82,0.86,0.82,0.86
MIDD,1999-11-23,0.88,0.92,0.88,0.92
MIDD,1999-11-24,0.92,0.92,0.82,0.88
MIDD,1999-11-26,0.82,0.9,0.82,0.9
MIDD,1999-11-29,0.9,0.94,0.85,0.93
MIDD,1999-11-30,0.93,0.97,0.86,0.86
MIDD,1999-12-01,0.9,0.9,0.84,0.9
MIDD,1999-12-02,0.84,0.91,0.84,0.86
MIDD,1999-12-03,0.84,0.86,0.84,0.84
MIDD,1999-12-06,0.83,0.86,0.83,0.86
MIDD,1999-12-07,0.85,0.88,0.84,0.88
MIDD,1999-12-08,0.84,0.91,0.84,0.88
MIDD,1999-12-09,0.88,0.88,0.83,0.84
MIDD,1999-12-10,0.84,0.84,0.83,0.83
MIDD,1999-12-13,0.83,0.83,0.8,0.81
MIDD,1999-12-14,0.81,0.83,0.79,0.83
MIDD,1999-12-15,0.8,0.84,0.8,0.83
MIDD,1999-12-16,0.83,0.95,0.83,0.95
MIDD,1999-12-17,0.96,0.96,0.91,0.92
MIDD,1999-12-20,0.96,0.96,0.95,0.96
MIDD,1999-12-21,0.93,0.93,0.91,0.91
MIDD,1999-12-22,0.94,0.95,0.91,0.94
MIDD,1999-12-23,0.91,0.92,0.91,0.92
MIDD,1999-12-27,0.91,0.93,0.91,0.91
MIDD,1999-12-28,0.92,0.92,0.89,0.91
MIDD,1999-12-29,0.93,0.95,0.93,0.94
MIDD,1999-12-30,0.93,0.95,0.93,0.94
MIDD,1999-12-31,0.94,0.94,0.94,0.94
MIDD,2000-01-03,0.93,0.98,0.93,0.97
MIDD,2000-01-04,1.0,1.0,0.93,0.94
MIDD,2000-01-05,0.96,1.0,0.93,1.0
MIDD,2000-01-06,1.0,1.0,0.92,0.93
MIDD,2000-01-07,0.95,1.08,0.95,1.03
MIDD,2000-01-10,1.1,1.17,1.03,1.08
MIDD,2000-01-11,1.08,1.08,1.04,1.04
MIDD,2000-01-12,1.04,1.08,1.04,1.05
MIDD,2000-01-13,1.08,1.08,1.04,1.05
MIDD,2000-01-14,1.08,1.08,1.05,1.06
MIDD,2000-01-18,1.05,1.08,1.05,1.06
MIDD,2000-01-19,1.08,1.1,1.07,1.09
MIDD,2000-01-20,1.07,1.1,1.07,1.1
MIDD,2000-01-21,1.08,1.12,1.08,1.1
MIDD,2000-01-24,1.11,1.15,1.07,1.09
MIDD,2000-01-25,1.06,1.11,1.05,1.08
MIDD,2000-01-26,1.11,1.11,1.08,1.11
MIDD,2000-01-27,1.15,1.17,1.1,1.17
MIDD,2000-01-28,1.17,1.17,1.12,1.15
MIDD,2000-01-31,1.12,1.12,1.05,1.06
MIDD,2000-02-01,1.05,1.16,1.05,1.08
MIDD,2000-02-02,1.06,1.1,1.06,1.06
MIDD,2000-02-03,1.15,1.15,1.02,1.07
MIDD,2000-02-04,1.07,1.08,1.04,1.04
MIDD,2000-02-07,1.06,1.12,1.06,1.06
MIDD,2000-02-08,1.14,1.14,1.08,1.08
MIDD,2000-02-09,1.08,1.12,1.08,1.09
MIDD,2000-02-10,1.09,1.09,1.09,1.09
MIDD,2000-02-11,1.08,1.17,1.08,1.17
MIDD,2000-02-14,1.12,1.17,1.12,1.17
MIDD,2000-02-15,1.17,1.17,1.12,1.17
MIDD,2000-02-16,1.12,1.19,1.12,1.18
MIDD,2000-02-17,1.21,1.25,1.16,1.18
MIDD,2000-02-18,1.18,1.23,1.16,1.19
MIDD,2000-02-22,1.18,1.19,1.17,1.18
MIDD,2000-02-23,1.24,1.24,1.19,1.19
MIDD,2000-02-24,1.19,1.24,1.17,1.17
MIDD,2000-02-25,1.19,1.19,1.16,1.16
MIDD,2000-02-28,1.14,1.19,1.14,1.15
MIDD,2000-02-29,1.15,1.18,1.12,1.12
MIDD,2000-03-01,1.12,1.12,1.03,1.04
MIDD,2000-03-02,1.08,1.11,1.03,1.06
MIDD,2000-03-03,1.08,1.1,1.08,1.08
MIDD,2000-03-06,1.08,1.14,1.03,1.14
MIDD,2000-03-07,1.15,1.15,1.04,1.06
MIDD,2000-03-08,1.11,1.11,1.08,1.08
MIDD,2000-03-09,1.06,1.1,1.0,1.1
MIDD,2000-03-10,1.04,1.08,1.02,1.08
MIDD,2000-03-13,1.07,1.07,1.04,1.04
MIDD,2000-03-14,1.04,1.08,1.04,1.04
MIDD,2000-03-15,1.04,1.04,1.04,1.04
MIDD,2000-03-16,1.06,1.06,1.06,1.06
MIDD,2000-03-17,1.04,1.04,1.04,1.04
MIDD,2000-03-20,1.05,1.05,1.04,1.04
MIDD,2000-03-21,1.04,1.04,0.91,1.04
MIDD,2000-03-22,0.98,0.98,0.92,0.98
MIDD,2000-03-23,0.95,0.95,0.93,0.95
MIDD,2000-03-24,0.93,0.99,0.93,0.99
MIDD,2000-03-27,0.97,1.0,0.97,0.99
MIDD,2000-03-28,0.99,1.02,0.97,0.97
MIDD,2000-03-29,0.95,0.98,0.95,0.95
MIDD,2000-03-30,0.95,0.99,0.95,0.97
MIDD,2000-03-31,0.97,0.97,0.93,0.95
MIDD,2000-04-03,0.95,0.97,0.94,0.97
MIDD,2000-04-04,0.94,0.98,0.92,0.98
MIDD,2000-04-05,0.98,1.0,0.93,0.93
MIDD,2000-04-06,0.93,0.95,0.93,0.95
MIDD,2000-04-07,0.96,1.0,0.96,0.98
MIDD,2000-04-10,1.0,1.0,0.96,0.96
MIDD,2000-04-11,0.98,0.99,0.93,0.93
MIDD,2000-04-12,0.93,0.99,0.92,0.98
MIDD,2000-04-13,0.93,0.98,0.93,0.93
MIDD,2000-04-14,0.92,0.95,0.9,0.93
MIDD,2000-04-17,0.91,0.92,0.9,0.9
MIDD,2000-04-18,0.9,0.92,0.9,0.91
MIDD,2000-04-19,0.91,0.93,0.9,0.93
MIDD,2000-04-20,0.9,0.93,0.9,0.91
MIDD,2000-04-24,0.92,0.92,0.9,0.91
MIDD,2000-04-25,0.91,0.92,0.9,0.9
MIDD,2000-04-26,0.91,0.92,0.91,0.91
MIDD,2000-04-27,0.9,0.91,0.87,0.89
MIDD,2000-04-28,0.9,0.91,0.86,0.88
MIDD,2000-05-01,0.86,0.89,0.86,0.88
MIDD,2000-05-02,0.87,0.88,0.86,0.86
MIDD,2000-05-03,0.86,0.88,0.86,0.86
MIDD,2000-05-04,0.88,0.92,0.85,0.89
MIDD,2000-05-05,0.9,0.93,0.9,0.92
MIDD,2000-05-08,0.94,0.96,0.94,0.96
MIDD,2000-05-09,0.94,0.98,0.94,0.94
MIDD,2000-05-10,0.94,0.94,0.94,0.94
MIDD,2000-05-11,0.94,1.0,0.94,1.0
MIDD,2000-05-12,0.98,1.01,0.98,1.01
MIDD,2000-05-15,1.01,1.02,1.0,1.02
MIDD,2000-05-16,1.02,1.02,0.94,0.96
MIDD,2000-05-17,1.0,1.01,0.94,0.94
MIDD,2000-05-18,0.94,1.07,0.94,1.07
MIDD,2000-05-19,0.99,1.07,0.99,1.0
MIDD,2000-05-22,1.08,1.17,1.08,1.08
MIDD,2000-05-23,1.15,1.15,1.08,1.1
MIDD,2000-05-24,1.09,1.15,1.09,1.1
MIDD,2000-05-25,1.1,1.12,1.08,1.08
MIDD,2000-05-26,1.1,1.12,1.1,1.12
MIDD,2000-05-30,1.1,1.12,1.1,1.12
MIDD,2000-05-31,1.1,1.1,1.1,1.1
MIDD,2000-06-01,1.11,1.16,1.11,1.14
MIDD,2000-06-02,1.16,1.16,1.14,1.15
MIDD,2000-06-05,1.14,1.16,1.14,1.16
MIDD,2000-06-06,1.16,1.16,1.14,1.15
MIDD,2000-06-07,1.17,1.19,1.16,1.19
MIDD,2000-06-08,1.18,1.23,1.18,1.23
MIDD,2000-06-09,1.25,1.29,1.09,1.24
MIDD,2000-06-12,1.22,1.28,1.21,1.28
MIDD,2000-06-13,1.26,1.28,1.26,1.28
MIDD,2000-06-14,1.24,1.28,1.24,1.26
MIDD,2000-06-15,1.25,1.27,1.25,1.25
MIDD,2000-06-16,1.25,1.27,1.21,1.21
MIDD,2000-06-19,1.2,1.25,1.2,1.21
MIDD,2000-06-20,1.2,1.2,1.2,1.2
MIDD,2000-06-21,1.2,1.29,1.19,1.21
MIDD,2000-06-22,1.29,1.29,1.24,1.24
MIDD,2000-06-23,1.24,1.25,1.24,1.25
MIDD,2000-06-26,1.24,1.24,1.22,1.22
MIDD,2000-06-27,1.22,1.22,1.21,1.22
MIDD,2000-06-28,1.22,1.23,1.22,1.23
MIDD,2000-06-29,1.22,1.23,1.22,1.23
MIDD,2000-06-30,1.22,1.22,1.22,1.22
MIDD,2000-07-03,1.22,1.22,1.22,1.22
MIDD,2000-07-05,1.21,1.25,1.21,1.23
MIDD,2000-07-06,1.21,1.23,1.21,1.21
MIDD,2000-07-07,1.23,1.23,1.19,1.19
MIDD,2000-07-10,1.18,1.19,1.18,1.19
MIDD,2000-07-11,1.19,1.19,1.18,1.18
MIDD,2000-07-12,1.18,1.19,1.18,1.18
MIDD,2000-07-13,1.18,1.18,1.1,1.17
MIDD,2000-07-14,1.17,1.17,1.17,1.17
MIDD,2000-07-17,1.17,1.17,1.17,1.17
MIDD,2000-07-18,1.17,1.17,1.12,1.12
MIDD,2000-07-19,1.13,1.14,1.1,1.11
MIDD,2000-07-20,1.06,1.12,1.06,1.1
MIDD,2000-07-21,1.03,1.12,1.03,1.12
MIDD,2000-07-24,1.12,1.12,1.12,1.12
MIDD,2000-07-25,1.15,1.17,1.15,1.17
MIDD,2000-07-26,1.19,1.19,1.16,1.16
MIDD,2000-07-27,1.16,1.21,1.16,1.19
MIDD,2000-07-28,1.17,1.19,1.09,1.09
MIDD,2000-07-31,1.08,1.12,1.0,1.12
MIDD,2000-08-01,1.03,1.06,1.03,1.06
MIDD,2000-08-02,1.11,1.17,1.09,1.12
MIDD,2000-08-03,1.08,1.08,1.06,1.08
MIDD,2000-08-04,1.11,1.17,1.11,1.17
MIDD,2000-08-07,1.16,1.21,1.16,1.19
MIDD,2000-08-08,1.17,1.17,1.06,1.06
MIDD,2000-08-09,1.14,1.14,1.08,1.11
MIDD,2000-08-10,1.11,1.14,1.11,1.14
MIDD,2000-08-11,1.15,1.18,1.15,1.17
MIDD,2000-08-14,1.1,1.1,1.1,1.1
MIDD,2000-08-15,1.1,1.12,1.1,1.12
MIDD,2000-08-16,1.12,1.12,1.12,1.12
MIDD,2000-08-17,1.12,1.12,1.12,1.12
MIDD,2000-08-18,1.12,1.17,1.12,1.12
MIDD,2000-08-21,1.14,1.14,1.12,1.12
MIDD,2000-08-22,1.1,1.1,1.05,1.1
MIDD,2000-08-23,1.12,1.12,1.08,1.08
MIDD,2000-08-24,1.08,1.08,1.08,1.08
MIDD,2000-08-25,1.1,1.12,1.1,1.11
MIDD,2000-08-28,1.11,1.11,1.11,1.11
MIDD,2000-08-29,1.12,1.12,1.06,1.07
MIDD,2000-08-30,1.07,1.07,1.07,1.07
MIDD,2000-08-31,1.1,1.14,1.1,1.11
MIDD,2000-09-01,1.12,1.12,1.08,1.11
MIDD,2000-09-05,1.08,1.12,1.08,1.11
MIDD,2000-09-06,1.07,1.07,1.07,1.07
MIDD,2000-09-07,1.07,1.11,1.02,1.08
MIDD,2000-09-08,1.03,1.04,1.03,1.04
MIDD,2000-09-11,1.02,1.04,1.02,1.04
MIDD,2000-09-12,1.02,1.09,1.02,1.06
MIDD,2000-09-13,1.05,1.05,1.05,1.05
MIDD,2000-09-14,1.05,1.05,1.05,1.05
MIDD,2000-09-15,1.04,1.1,1.02,1.1
MIDD,2000-09-18,1.11,1.11,1.11,1.11
MIDD,2000-09-19,1.05,1.05,1.05,1.05
MIDD,2000-09-20,1.05,1.05,1.05,1.05
MIDD,2000-09-21,1.08,1.08,1.08,1.08
MIDD,2000-09-22,1.04,1.05,1.0,1.04
MIDD,2000-09-25,1.0,1.0,0.95,0.96
MIDD,2000-09-26,0.94,0.96,0.92,0.93
MIDD,2000-09-27,0.96,0.96,0.92,0.94
MIDD,2000-09-28,0.93,0.94,0.92,0.94
MIDD,2000-09-29,0.92,1.0,0.92,1.0
MIDD,2000-10-02,0.92,0.92,0.92,0.92
MIDD,2000-10-03,0.92,0.93,0.92,0.93
MIDD,2000-10-04,0.92,0.94,0.9,0.94
MIDD,2000-10-05,0.88,0.92,0.88,0.92
MIDD,2000-10-06,0.89,0.89,0.73,0.88
MIDD,2000-10-09,0.84,0.92,0.84,0.92
MIDD,2000-10-10,0.84,0.84,0.83,0.83
MIDD,2000-10-11,0.84,0.91,0.84,0.91
MIDD,2000-10-12,0.92,1.04,0.92,1.02
MIDD,2000-10-13,1.08,1.08,1.0,1.0
MIDD,2000-10-16,0.99,0.99,0.89,0.9
MIDD,2000-10-17,0.92,0.96,0.89,0.89
MIDD,2000-10-18,0.88,1.06,0.88,1.04
MIDD,2000-10-19,0.96,0.96,0.89,0.91
MIDD,2000-10-20,0.92,0.92,0.89,0.9
MIDD,2000-10-23,1.04,1.08,1.04,1.05
MIDD,2000-10-24,1.15,1.15,1.08,1.12
MIDD,2000-10-25,1.08,1.12,1.08,1.08
MIDD,2000-10-26,1.08,1.09,1.08,1.09
MIDD,2000-10-27,1.08,1.09,1.08,1.08
MIDD,2000-10-30,1.09,1.09,1.09,1.09
MIDD,2000-10-31,1.09,1.12,1.09,1.12
MIDD,2000-11-01,1.09,1.1,1.08,1.1
MIDD,2000-11-02,1.1,1.1,1.09,1.09
MIDD,2000-11-03,1.11,1.11,1.09,1.1
MIDD,2000-11-06,1.12,1.12,1.12,1.12
MIDD,2000-11-07,1.15,1.15,1.15,1.15
MIDD,2000-11-08,1.15,1.15,1.12,1.12
MIDD,2000-11-09,1.17,1.17,1.12,1.12
MIDD,2000-11-10,1.12,1.12,1.1,1.1
MIDD,2000-11-13,1.1,1.12,1.1,1.12
MIDD,2000-11-14,1.11,1.11,1.1,1.11
MIDD,2000-11-15,1.1,1.11,1.09,1.11
MIDD,2000-11-16,1.09,1.1,1.09,1.1
MIDD,2000-11-17,1.1,1.1,1.1,1.1
MIDD,2000-11-20,1.1,1.1,1.1,1.1
MIDD,2000-11-21,1.1,1.15,1.1,1.15
MIDD,2000-11-22,1.1,1.16,1.1,1.16
MIDD,2000-11-24,1.17,1.17,1.07,1.07
MIDD,2000-11-27,1.06,1.1,1.01,1.09
MIDD,2000-11-28,1.01,1.1,1.01,1.1
MIDD,2000-11-29,1.1,1.1,1.1,1.1
MIDD,2000-11-30,1.08,1.08,0.96,1.05
MIDD,2000-12-01,1.02,1.05,1.01,1.05
MIDD,2000-12-04,1.03,1.05,1.02,1.05
MIDD,2000-12-05,1.01,1.02,0.99,1.02
MIDD,2000-12-06,1.04,1.04,1.01,1.01
MIDD,2000-12-07,1.01,1.06,1.01,1.06
MIDD,2000-12-08,1.05,1.06,1.05,1.05
MIDD,2000-12-11,1.12,1.12,1.06,1.06
MIDD,2000-12-12,1.02,1.04,1.02,1.04
MIDD,2000-12-13,1.04,1.04,1.04,1.04
MIDD,2000-12-14,1.06,1.06,1.04,1.04
MIDD,2000-12-15,1.03,1.03,1.03,1.03
MIDD,2000-12-18,1.01,1.02,1.01,1.02
MIDD,2000-12-19,1.01,1.02,1.01,1.02
MIDD,2000-12-20,1.0,1.02,0.99,0.99
MIDD,2000-12-21,1.0,1.02,1.0,1.01
MIDD,2000-12-22,1.02,1.02,1.01,1.02
MIDD,2000-12-26,1.01,1.02,1.0,1.0
MIDD,2000-12-27,1.0,1.02,1.0,1.01
MIDD,2000-12-28,1.01,1.01,1.0,1.0
MIDD,2000-12-29,1.0,1.0,1.0,1.0
MIDD,2001-01-02,1.0,1.0,1.0,1.0
MIDD,2001-01-03,1.0,1.0,1.0,1.0
MIDD,2001-01-04,1.0,1.0,1.0,1.0
MIDD,2001-01-05,1.01,1.02,1.01,1.02
MIDD,2001-01-08,1.01,1.01,1.01,1.01
MIDD,2001-01-09,1.0,1.0,1.0,1.0
MIDD,2001-01-10,1.0,1.0,0.99,0.99
MIDD,2001-01-11,0.99,0.99,0.97,0.97
MIDD,2001-01-12,0.97,0.97,0.97,0.97
MIDD,2001-01-16,0.97,0.97,0.97,0.97
MIDD,2001-01-17,0.97,0.97,0.97,0.97
MIDD,2001-01-18,0.99,1.0,0.96,1.0
MIDD,2001-01-19,0.96,0.96,0.96,0.96
MIDD,2001-01-22,0.96,0.96,0.96,0.96
MIDD,2001-01-23,1.0,1.0,0.96,0.96
MIDD,2001-01-24,0.97,1.0,0.97,1.0
MIDD,2001-01-25,1.0,1.0,1.0,1.0
MIDD,2001-01-26,1.0,1.0,1.0,1.0
MIDD,2001-01-29,0.97,0.98,0.97,0.98
MIDD,2001-01-30,0.98,0.98,0.98,0.98
MIDD,2001-01-31,0.99,0.99,0.98,0.99
MIDD,2001-02-01,0.99,0.99,0.99,0.99
MIDD,2001-02-02,0.97,0.99,0.97,0.99
MIDD,2001-02-05,0.99,0.99,0.99,0.99
MIDD,2001-02-06,0.98,0.99,0.98,0.99
MIDD,2001-02-07,0.99,1.04,0.99,1.0
MIDD,2001-02-08,1.0,1.0,1.0,1.0
MIDD,2001-02-09,1.0,1.0,1.0,1.0
MIDD,2001-02-12,0.99,0.99,0.99,0.99
MIDD,2001-02-13,0.99,0.99,0.99,0.99
MIDD,2001-02-14,0.99,0.99,0.99,0.99
MIDD,2001-02-15,0.99,0.99,0.99,0.99
MIDD,2001-02-16,0.98,0.98,0.98,0.98
MIDD,2001-02-20,0.98,0.98,0.98,0.98
MIDD,2001-02-21,0.98,1.0,0.98,1.0
MIDD,2001-02-22,1.0,1.0,1.0,1.0
MIDD,2001-02-23,0.98,0.98,0.98,0.98
MIDD,2001-02-26,1.03,1.03,1.01,1.02
MIDD,2001-02-27,1.02,1.02,1.02,1.02
MIDD,2001-02-28,1.0,1.0,1.0,1.0
MIDD,2001-03-01,0.99,0.99,0.99,0.99
MIDD,2001-03-02,1.02,1.02,1.01,1.02
MIDD,2001-03-05,0.98,1.02,0.98,1.02
MIDD,2001-03-06,1.03,1.04,1.03,1.04
MIDD,2001-03-07,1.04,1.04,1.04,1.04
MIDD,2001-03-08,1.02,1.02,1.02,1.02
MIDD,2001-03-09,1.07,1.07,1.02,1.02
MIDD,2001-03-12,1.03,1.08,1.02,1.08
MIDD,2001-03-13,1.01,1.04,1.01,1.04
MIDD,2001-03-14,1.01,1.01,0.98,1.0
MIDD,2001-03-15,1.0,1.02,1.0,1.02
MIDD,2001-03-16,1.02,1.02,1.02,1.02
MIDD,2001-03-19,0.97,1.04,0.97,1.04
MIDD,2001-03-20,1.01,1.01,0.92,0.98
MIDD,2001-03-21,0.97,0.97,0.97,0.97
MIDD,2001-03-22,0.97,0.98,0.94,0.98
MIDD,2001-03-23,0.98,0.98,0.98,0.98
MIDD,2001-03-26,0.94,1.03,0.94,1.03
MIDD,2001-03-27,1.03,1.07,1.0,1.07
MIDD,2001-03-28,1.0,1.0,0.93,1.0
MIDD,2001-03-29,1.0,1.04,0.95,1.04
MIDD,2001-03-30,1.04,1.35,1.04,1.33
MIDD,2001-04-02,1.26,1.26,1.23,1.23
MIDD,2001-04-03,1.38,1.4,1.17,1.17
MIDD,2001-04-04,1.1,1.1,0.93,0.98
MIDD,2001-04-05,1.0,1.04,1.0,1.04
MIDD,2001-04-06,1.04,1.04,1.04,1.04
MIDD,2001-04-09,0.94,1.04,0.93,1.04
MIDD,2001-04-10,0.94,1.07,0.94,1.04
MIDD,2001-04-11,1.07,1.07,1.07,1.07
MIDD,2001-04-12,1.07,1.07,1.07,1.07
MIDD,2001-04-16,0.94,1.05,0.93,1.05
MIDD,2001-04-17,1.0,1.0,0.99,0.99
MIDD,2001-04-18,0.99,0.99,0.99,0.99
MIDD,2001-04-19,0.99,0.99,0.99,0.99
MIDD,2001-04-20,1.05,1.25,1.05,1.24
MIDD,2001-04-23,1.12,1.12,1.02,1.02
MIDD,2001-04-24,1.08,1.08,1.02,1.02
MIDD,2001-04-25,1.0,1.0,1.0,1.0
MIDD,2001-04-26,1.0,1.0,1.0,1.0
MIDD,2001-04-27,1.0,1.0,1.0,1.0
MIDD,2001-04-30,1.0,1.0,1.0,1.0
MIDD,2001-05-01,1.0,1.0,1.0,1.0
MIDD,2001-05-02,1.0,1.0,1.0,1.0
MIDD,2001-05-03,1.04,1.04,1.04,1.04
MIDD,2001-05-04,1.04,1.04,1.0,1.0
MIDD,2001-05-07,1.01,1.01,1.0,1.0
MIDD,2001-05-08,1.0,1.0,1.0,1.0
MIDD,2001-05-09,1.0,1.0,1.0,1.0
MIDD,2001-05-10,1.0,1.0,1.0,1.0
MIDD,2001-05-11,1.0,1.0,1.0,1.0
MIDD,2001-05-14,1.0,1.0,1.0,1.0
MIDD,2001-05-15,1.0,1.0,1.0,1.0
MIDD,2001-05-16,1.0,1.0,1.0,1.0
MIDD,2001-05-17,1.0,1.0,1.0,1.0
MIDD,2001-05-18,1.0,1.0,1.0,1.0
MIDD,2001-05-21,1.0,1.0,1.0,1.0
MIDD,2001-05-22,1.01,1.01,1.0,1.0
MIDD,2001-05-23,1.0,1.0,1.0,1.0
MIDD,2001-05-24,1.0,1.0,1.0,1.0
MIDD,2001-05-25,1.0,1.0,1.0,1.0
MIDD,2001-05-29,1.0,1.0,1.0,1.0
MIDD,2001-05-30,1.0,1.0,1.0,1.0
MIDD,2001-05-31,1.02,1.02,1.02,1.02
MIDD,2001-06-01,1.0,1.0,1.0,1.0
MIDD,2001-06-04,1.05,1.05,0.98,0.98
MIDD,2001-06-05,0.98,1.03,0.98,1.01
MIDD,2001-06-06,1.01,1.01,1.0,1.0
MIDD,2001-06-07,1.0,1.0,1.0,1.0
MIDD,2001-06-08,1.04,1.04,1.04,1.04
MIDD,2001-06-11,1.0,1.0,1.0,1.0
MIDD,2001-06-12,1.0,1.0,1.0,1.0
MIDD,2001-06-13,1.0,1.0,1.0,1.0
MIDD,2001-06-14,1.0,1.0,0.98,1.0
MIDD,2001-06-15,1.0,1.0,0.98,1.0
MIDD,2001-06-18,1.0,1.0,1.0,1.0
MIDD,2001-06-19,0.98,1.0,0.98,1.0
MIDD,2001-06-20,1.0,1.0,1.0,1.0
MIDD,2001-06-21,1.0,1.0,1.0,1.0
MIDD,2001-06-22,1.04,1.04,1.0,1.0
MIDD,2001-06-25,1.0,1.0,1.0,1.0
MIDD,2001-06-26,1.0,1.0,1.0,1.0
MIDD,2001-06-27,1.0,1.0,1.0,1.0
MIDD,2001-06-28,1.0,1.0,1.0,1.0
MIDD,2001-06-29,1.0,1.0,0.98,1.0
MIDD,2001-07-02,1.0,1.0,1.0,1.0
MIDD,2001-07-03,1.0,1.0,0.98,0.99
MIDD,2001-07-05,0.98,0.98,0.98,0.98
MIDD,2001-07-06,0.97,0.97,0.97,0.97
MIDD,2001-07-09,0.97,0.97,0.97,0.97
MIDD,2001-07-10,0.97,0.97,0.97,0.97
MIDD,2001-07-11,0.97,0.98,0.97,0.98
MIDD,2001-07-12,0.98,0.98,0.98,0.98
MIDD,2001-07-13,0.98,0.98,0.98,0.98
MIDD,2001-07-16,0.99,0.99,0.99,0.99
MIDD,2001-07-17,0.97,1.02,0.97,0.99
MIDD,2001-07-18,0.97,0.98,0.97,0.98
MIDD,2001-07-19,0.98,0.98,0.98,0.98
MIDD,2001-07-20,0.97,0.97,0.97,0.97
MIDD,2001-07-23,0.97,0.97,0.97,0.97
MIDD,2001-07-24,0.97,0.97,0.96,0.96
MIDD,2001-07-25,0.98,0.98,0.98,0.98
MIDD,2001-07-26,0.98,0.98,0.98,0.98
MIDD,2001-07-27,0.98,0.98,0.98,0.98
MIDD,2001-07-30,0.98,0.98,0.98,0.98
MIDD,2001-07-31,0.97,0.97,0.96,0.96
MIDD,2001-08-01,0.98,0.98,0.98,0.98
MIDD,2001-08-02,0.98,0.98,0.98,0.98
MIDD,2001-08-03,0.98,0.98,0.98,0.98
MIDD,2001-08-06,0.98,0.98,0.98,0.98
MIDD,2001-08-07,0.98,0.98,0.98,0.98
MIDD,2001-08-08,0.98,0.98,0.98,0.98
MIDD,2001-08-09,0.98,0.98,0.98,0.98
MIDD,2001-08-10,0.98,0.98,0.98,0.98
MIDD,2001-08-13,0.98,0.98,0.98,0.98
MIDD,2001-08-14,1.02,1.03,1.0,1.02
MIDD,2001-08-15,1.02,1.02,1.02,1.02
MIDD,2001-08-16,1.02,1.02,1.02,1.02
MIDD,2001-08-17,0.98,0.98,0.98,0.98
MIDD,2001-08-20,0.98,0.99,0.98,0.98
MIDD,2001-08-21,1.0,1.0,0.98,0.98
MIDD,2001-08-22,0.99,0.99,0.98,0.99
MIDD,2001-08-23,0.99,1.02,0.99,1.02
MIDD,2001-08-24,1.01,1.01,1.01,1.01
MIDD,2001-08-27,0.98,1.0,0.98,1.0
MIDD,2001-08-28,0.98,0.98,0.98,0.98
MIDD,2001-08-29,0.98,0.98,0.98,0.98
MIDD,2001-08-30,0.98,0.99,0.98,0.99
MIDD,2001-08-31,1.02,1.07,1.02,1.02
MIDD,2001-09-04,1.03,1.05,1.02,1.02
MIDD,2001-09-05,1.02,1.08,0.98,0.99
MIDD,2001-09-06,1.02,1.04,1.0,1.01
MIDD,2001-09-07,1.0,1.0,0.96,0.98
MIDD,2001-09-10,0.99,0.99,0.98,0.99
MIDD,2001-09-17,0.97,0.97,0.88,0.9
MIDD,2001-09-18,0.92,0.95,0.9,0.9
MIDD,2001-09-19,0.92,0.92,0.87,0.9
MIDD,2001-09-20,0.86,0.86,0.83,0.83
MIDD,2001-09-21,0.83,0.88,0.82,0.85
MIDD,2001-09-24,0.83,0.83,0.83,0.83
MIDD,2001-09-25,0.88,0.91,0.84,0.85
MIDD,2001-09-26,0.84,0.85,0.84,0.85
MIDD,2001-09-27,0.86,0.87,0.86,0.86
MIDD,2001-09-28,0.86,0.86,0.86,0.86
MIDD,2001-10-01,0.86,0.86,0.86,0.86
MIDD,2001-10-02,0.84,0.86,0.84,0.86
MIDD,2001-10-03,0.86,0.88,0.86,0.88
MIDD,2001-10-04,0.88,0.88,0.88,0.88
MIDD,2001-10-05,0.86,0.86,0.86,0.86
MIDD,2001-10-08,0.86,0.86,0.86,0.86
MIDD,2001-10-09,0.86,0.86,0.86,0.86
MIDD,2001-10-10,0.86,0.86,0.84,0.84
MIDD,2001-10-11,0.83,0.83,0.77,0.79
MIDD,2001-10-12,0.8,0.8,0.8,0.8
MIDD,2001-10-15,0.82,0.82,0.82,0.82
MIDD,2001-10-16,0.82,0.83,0.82,0.83
MIDD,2001-10-17,0.82,0.82,0.79,0.79
MIDD,2001-10-18,0.81,0.81,0.81,0.81
MIDD,2001-10-19,0.8,0.82,0.8,0.82
MIDD,2001-10-22,0.8,0.83,0.8,0.83
MIDD,2001-10-23,0.83,0.83,0.79,0.8
MIDD,2001-10-24,0.8,0.8,0.8,0.8
MIDD,2001-10-25,0.8,0.8,0.8,0.8
MIDD,2001-10-26,0.8,0.8,0.8,0.8
MIDD,2001-10-29,0.8,0.8,0.8,0.8
MIDD,2001-10-30,0.8,0.8,0.8,0.8
MIDD,2001-10-31,0.81,0.81,0.78,0.78
MIDD,2001-11-01,0.79,0.79,0.79,0.79
MIDD,2001-11-02,0.81,0.81,0.79,0.79
MIDD,2001-11-05,0.79,0.79,0.79,0.79
MIDD,2001-11-06,0.78,0.79,0.78,0.79
MIDD,2001-11-07,0.78,0.78,0.77,0.77
MIDD,2001-11-08,0.78,0.79,0.72,0.76
MIDD,2001-11-09,0.77,0.77,0.75,0.75
MIDD,2001-11-12,0.75,0.75,0.67,0.68
MIDD,2001-11-13,0.69,0.76,0.69,0.69
MIDD,2001-11-14,0.74,0.74,0.74,0.74
MIDD,2001-11-15,0.74,0.79,0.73,0.74
MIDD,2001-11-16,0.7,0.74,0.7,0.74
MIDD,2001-11-19,0.74,0.74,0.74,0.74
MIDD,2001-11-20,0.73,0.73,0.72,0.72
MIDD,2001-11-21,0.72,0.72,0.72,0.72
MIDD,2001-11-23,0.72,0.72,0.72,0.72
MIDD,2001-11-26,0.75,0.75,0.75,0.75
MIDD,2001-11-27,0.75,0.83,0.73,0.83
MIDD,2001-11-28,0.83,0.85,0.83,0.85
MIDD,2001-11-29,0.84,0.93,0.84,0.93
MIDD,2001-11-30,0.93,0.93,0.93,0.93
MIDD,2001-12-03,0.93,0.93,0.93,0.93
MIDD,2001-12-04,0.87,0.87,0.79,0.79
MIDD,2001-12-05,0.79,0.86,0.79,0.84
MIDD,2001-12-06,0.79,0.83,0.75,0.83
MIDD,2001-12-07,0.8,0.83,0.77,0.83
MIDD,2001-12-10,0.83,0.83,0.81,0.81
MIDD,2001-12-11,0.78,0.78,0.74,0.75
MIDD,2001-12-12,0.73,0.74,0.71,0.74
MIDD,2001-12-13,0.73,0.73,0.73,0.73
MIDD,2001-12-14,0.73,0.73,0.73,0.73
MIDD,2001-12-17,0.74,0.79,0.74,0.75
MIDD,2001-12-18,0.74,0.75,0.72,0.75
MIDD,2001-12-19,0.74,0.82,0.68,0.75
MIDD,2001-12-20,0.73,0.82,0.73,0.79
MIDD,2001-12-21,0.82,0.83,0.78,0.83
MIDD,2001-12-24,0.84,0.84,0.81,0.84
MIDD,2001-12-26,0.84,0.84,0.77,0.82
MIDD,2001-12-27,0.84,0.93,0.82,0.9
MIDD,2001-12-28,0.85,0.88,0.85,0.88
MIDD,2001-12-31,0.93,0.97,0.86,0.87
MIDD,2002-01-02,0.91,1.0,0.84,0.88
MIDD,2002-01-03,1.0,1.0,0.95,0.96
MIDD,2002-01-04,0.98,0.99,0.98,0.99
MIDD,2002-01-07,0.99,1.0,0.97,0.99
MIDD,2002-01-08,1.0,1.0,0.97,0.99
MIDD,2002-01-09,1.02,1.08,0.99,1.03
MIDD,2002-01-10,1.03,1.08,1.02,1.03
MIDD,2002-01-11,1.08,1.08,1.04,1.08
MIDD,2002-01-14,1.08,1.08,1.06,1.06
MIDD,2002-01-15,1.08,1.13,1.07,1.09
MIDD,2002-01-16,1.12,1.12,1.06,1.08
MIDD,2002-01-17,1.06,1.08,1.06,1.07
MIDD,2002-01-18,1.03,1.08,1.02,1.06
MIDD,2002-01-22,1.05,1.08,1.05,1.08
MIDD,2002-01-23,1.08,1.08,1.05,1.05
MIDD,2002-01-24,1.08,1.08,1.05,1.08
MIDD,2002-01-25,1.08,1.08,1.06,1.08
MIDD,2002-01-28,1.07,1.08,1.02,1.02
MIDD,2002-01-29,1.06,1.06,1.03,1.05
MIDD,2002-01-30,1.06,1.06,1.0,1.03
MIDD,2002-01-31,1.06,1.07,1.0,1.06
MIDD,2002-02-01,1.01,1.05,1.0,1.02
MIDD,2002-02-04,1.02,1.07,1.02,1.04
MIDD,2002-02-05,1.04,1.04,1.0,1.0
MIDD,2002-02-06,1.07,1.07,1.0,1.04
MIDD,2002-02-07,1.07,1.07,1.03,1.03
MIDD,2002-02-08,1.07,1.07,1.04,1.04
MIDD,2002-02-11,1.07,1.07,0.96,0.96
MIDD,2002-02-12,1.02,1.07,1.02,1.07
MIDD,2002-02-13,1.06,1.06,1.06,1.06
MIDD,2002-02-14,1.06,1.07,1.04,1.06
MIDD,2002-02-15,1.02,1.03,1.02,1.03
MIDD,2002-02-19,1.03,1.08,0.95,0.97
MIDD,2002-02-20,1.03,1.03,0.97,1.03
MIDD,2002-02-21,0.97,1.02,0.97,1.02
MIDD,2002-02-22,1.02,1.02,1.02,1.02
MIDD,2002-02-25,0.99,1.05,0.98,0.98
MIDD,2002-02-26,0.98,0.98,0.98,0.98
MIDD,2002-02-27,0.98,0.98,0.98,0.98
MIDD,2002-02-28,0.98,1.05,0.97,1.05
MIDD,2002-03-01,1.07,1.07,0.98,0.98
MIDD,2002-03-04,0.98,1.02,0.98,1.01
MIDD,2002-03-05,1.01,1.02,0.98,1.0
MIDD,2002-03-06,1.02,1.02,0.99,1.0
MIDD,2002-03-07,0.98,1.08,0.98,1.08
MIDD,2002-03-08,1.0,1.0,1.0,1.0
MIDD,2002-03-11,0.99,1.0,0.95,1.0
MIDD,2002-03-12,1.0,1.0,1.0,1.0
MIDD,2002-03-13,1.02,1.02,1.0,1.0
MIDD,2002-03-14,1.0,1.0,1.0,1.0
MIDD,2002-03-15,1.0,1.0,1.0,1.0
MIDD,2002-03-18,1.01,1.01,1.01,1.01
MIDD,2002-03-19,1.02,1.02,1.01,1.01
MIDD,2002-03-20,1.01,1.04,1.01,1.04
MIDD,2002-03-21,1.03,1.04,1.03,1.03
MIDD,2002-03-22,1.02,1.05,1.02,1.04
MIDD,2002-03-25,1.04,1.05,1.04,1.05
MIDD,2002-03-26,1.08,1.08,1.07,1.07
MIDD,2002-03-27,1.07,1.07,1.07,1.07
MIDD,2002-03-28,1.05,1.07,1.05,1.07
MIDD,2002-04-01,1.05,1.07,1.05,1.06
MIDD,2002-04-02,1.06,1.07,1.05,1.06
MIDD,2002-04-03,1.06,1.07,1.04,1.04
MIDD,2002-04-04,1.04,1.06,1.04,1.06
MIDD,2002-04-05,1.04,1.05,1.04,1.05
MIDD,2002-04-08,1.04,1.04,1.03,1.03
MIDD,2002-04-09,1.03,1.04,1.0,1.0
MIDD,2002-04-10,1.06,1.06,1.06,1.06
MIDD,2002-04-11,1.06,1.08,1.06,1.08
MIDD,2002-04-12,1.07,1.12,1.07,1.1
MIDD,2002-04-15,1.1,1.1,1.1,1.1
MIDD,2002-04-16,1.1,1.13,1.1,1.1
MIDD,2002-04-17,1.07,1.07,1.07,1.07
MIDD,2002-04-18,1.07,1.08,1.07,1.08
MIDD,2002-04-19,1.13,1.14,1.08,1.08
MIDD,2002-04-22,1.08,1.08,1.08,1.08
MIDD,2002-04-23,1.09,1.11,1.07,1.09
MIDD,2002-04-24,1.1,1.1,1.07,1.08
MIDD,2002-04-25,1.08,1.13,1.08,1.13
MIDD,2002-04-26,1.08,1.13,1.08,1.13
MIDD,2002-04-29,1.13,1.13,1.1,1.1
MIDD,2002-04-30,1.1,1.1,1.09,1.09
MIDD,2002-05-01,1.13,1.13,1.11,1.11
MIDD,2002-05-02,1.13,1.14,1.12,1.12
MIDD,2002-05-03,1.12,1.13,1.1,1.13
MIDD,2002-05-06,1.14,1.15,1.12,1.15
MIDD,2002-05-07,1.12,1.25,1.12,1.18
MIDD,2002-05-08,1.18,1.21,1.18,1.2
MIDD,2002-05-09,1.18,1.21,1.18,1.2
MIDD,2002-05-10,1.23,1.25,1.22,1.25
MIDD,2002-05-13,1.24,1.28,1.24,1.27
MIDD,2002-05-14,1.27,1.27,1.25,1.25
MIDD,2002-05-15,1.23,1.25,1.23,1.25
MIDD,2002-05-16,1.25,1.27,1.25,1.27
MIDD,2002-05-17,1.27,1.28,1.26,1.28
MIDD,2002-05-20,1.28,1.28,1.23,1.26
MIDD,2002-05-21,1.26,1.26,1.26,1.26
MIDD,2002-05-22,1.24,1.27,1.24,1.27
MIDD,2002-05-23,1.27,1.27,1.26,1.27
MIDD,2002-05-24,1.27,1.28,1.25,1.27
MIDD,2002-05-28,1.23,1.23,1.23,1.23
MIDD,2002-05-29,1.23,1.23,1.23,1.23
MIDD,2002-05-30,1.24,1.25,1.24,1.25
MIDD,2002-05-31,1.24,1.3,1.24,1.3
MIDD,2002-06-03,1.3,1.31,1.3,1.31
MIDD,2002-06-04,1.29,1.33,1.29,1.33
MIDD,2002-06-05,1.23,1.33,1.23,1.33
MIDD,2002-06-06,1.33,1.35,1.33,1.33
MIDD,2002-06-07,1.34,1.34,1.32,1.33
MIDD,2002-06-10,1.34,1.35,1.34,1.35
MIDD,2002-06-11,1.35,1.37,1.33,1.35
MIDD,2002-06-12,1.36,1.37,1.36,1.37
MIDD,2002-06-13,1.34,1.34,1.34,1.34
MIDD,2002-06-14,1.37,1.37,1.34,1.34
MIDD,2002-06-17,1.38,1.38,1.35,1.35
MIDD,2002-06-18,1.36,1.38,1.36,1.38
MIDD,2002-06-19,1.38,1.41,1.38,1.38
MIDD,2002-06-20,1.39,1.48,1.39,1.48
MIDD,2002-06-21,1.47,1.48,1.42,1.47
MIDD,2002-06-24,1.54,1.56,1.5,1.56
MIDD,2002-06-25,1.51,1.65,1.51,1.62
MIDD,2002-06-26,1.6,1.62,1.57,1.57
MIDD,2002-06-27,1.59,1.62,1.57,1.62
MIDD,2002-06-28,1.62,1.62,1.42,1.58
MIDD,2002-07-01,1.58,1.63,1.44,1.5
MIDD,2002-07-02,1.46,1.46,1.33,1.37
MIDD,2002-07-03,1.37,1.38,1.36,1.36
MIDD,2002-07-05,1.33,1.33,1.33,1.33
MIDD,2002-07-08,1.33,1.33,1.21,1.31
MIDD,2002-07-09,1.32,1.45,1.31,1.31
MIDD,2002-07-10,1.31,1.43,1.31,1.39
MIDD,2002-07-11,1.35,1.35,1.33,1.33
MIDD,2002-07-12,1.33,1.43,1.33,1.43
MIDD,2002-07-15,1.28,1.48,1.28,1.35
MIDD,2002-07-16,1.34,1.34,1.33,1.33
MIDD,2002-07-17,1.35,1.48,1.35,1.45
MIDD,2002-07-18,1.34,1.46,1.33,1.43
MIDD,2002-07-19,1.42,1.42,1.42,1.42
MIDD,2002-07-22,1.42,1.42,1.4,1.4
MIDD,2002-07-23,1.4,1.48,1.33,1.33
MIDD,2002-07-24,1.33,1.34,1.27,1.33
MIDD,2002-07-25,1.33,1.38,1.33,1.34
MIDD,2002-07-26,1.34,1.34,1.34,1.34
MIDD,2002-07-29,1.34,1.39,1.34,1.39
MIDD,2002-07-30,1.39,1.39,1.39,1.39
MIDD,2002-07-31,1.4,1.4,1.33,1.39
MIDD,2002-08-01,1.39,1.39,1.39,1.39
MIDD,2002-08-02,1.38,1.38,1.38,1.38
MIDD,2002-08-05,1.36,1.36,1.36,1.36
MIDD,2002-08-06,1.34,1.35,1.33,1.35
MIDD,2002-08-07,1.47,1.47,1.33,1.37
MIDD,2002-08-08,1.37,1.49,1.37,1.43
MIDD,2002-08-09,1.45,1.45,1.4,1.42
MIDD,2002-08-12,1.43,1.43,1.39,1.39
MIDD,2002-08-13,1.41,1.41,1.36,1.36
MIDD,2002-08-14,1.4,1.4,1.4,1.4
MIDD,2002-08-15,1.42,1.43,1.42,1.43
MIDD,2002-08-16,1.47,1.47,1.47,1.47
MIDD,2002-08-19,1.38,1.52,1.38,1.52
MIDD,2002-08-20,1.52,1.58,1.51,1.56
MIDD,2002-08-21,1.58,1.64,1.57,1.62
MIDD,2002-08-22,1.63,1.71,1.62,1.66
MIDD,2002-08-23,1.65,1.66,1.6,1.65
MIDD,2002-08-26,1.62,1.63,1.62,1.63
MIDD,2002-08-27,1.62,1.63,1.58,1.62
MIDD,2002-08-28,1.62,1.62,1.38,1.42
MIDD,2002-08-29,1.4,1.46,1.38,1.46
MIDD,2002-08-30,1.42,1.5,1.42,1.5
MIDD,2002-09-03,1.44,1.48,1.37,1.48
MIDD,2002-09-04,1.48,1.56,1.48,1.54
MIDD,2002-09-05,1.52,1.56,1.52,1.54
MIDD,2002-09-06,1.56,1.57,1.51,1.55
MIDD,2002-09-09,1.47,1.5,1.44,1.5
MIDD,2002-09-10,1.57,1.57,1.49,1.5
MIDD,2002-09-11,1.55,1.55,1.53,1.54
MIDD,2002-09-12,1.55,1.55,1.5,1.54
MIDD,2002-09-13,1.54,1.56,1.52,1.52
MIDD,2002-09-16,1.52,1.52,1.52,1.52
MIDD,2002-09-17,1.54,1.54,1.54,1.54
MIDD,2002-09-18,1.53,1.53,1.48,1.5
MIDD,2002-09-19,1.51,1.51,1.5,1.5
MIDD,2002-09-20,1.5,1.52,1.5,1.52
MIDD,2002-09-23,1.51,1.51,1.44,1.45
MIDD,2002-09-24,1.43,1.48,1.43,1.47
MIDD,2002-09-25,1.5,1.5,1.48,1.48
MIDD,2002-09-26,1.51,1.51,1.46,1.48
MIDD,2002-09-27,1.48,1.48,1.48,1.48
MIDD,2002-09-30,1.44,1.47,1.42,1.47
MIDD,2002-10-01,1.48,1.51,1.46,1.51
MIDD,2002-10-02,1.51,1.51,1.51,1.51
MIDD,2002-10-03,1.5,1.53,1.5,1.52
MIDD,2002-10-04,1.41,1.49,1.41,1.49
MIDD,2002-10-07,1.41,1.5,1.41,1.46
MIDD,2002-10-08,1.45,1.5,1.45,1.5
MIDD,2002-10-09,1.44,1.46,1.44,1.46
MIDD,2002-10-10,1.42,1.42,1.39,1.39
MIDD,2002-10-11,1.39,1.39,1.39,1.39
MIDD,2002-10-14,1.39,1.39,1.25,1.29
MIDD,2002-10-15,1.29,1.35,1.27,1.31
MIDD,2002-10-16,1.31,1.33,1.31,1.33
MIDD,2002-10-17,1.33,1.38,1.28,1.38
MIDD,2002-10-18,1.28,1.33,1.26,1.33
MIDD,2002-10-21,1.38,1.38,1.26,1.26
MIDD,2002-10-22,1.36,1.44,1.36,1.44
MIDD,2002-10-23,1.46,1.5,1.46,1.5
MIDD,2002-10-24,1.5,1.53,1.5,1.52
MIDD,2002-10-25,1.4,1.46,1.4,1.41
MIDD,2002-10-28,1.42,1.45,1.42,1.45
MIDD,2002-10-29,1.45,1.45,1.43,1.45
MIDD,2002-10-30,1.42,1.54,1.42,1.53
MIDD,2002-10-31,1.52,1.52,1.52,1.52
MIDD,2002-11-01,1.52,1.53,1.52,1.53
MIDD,2002-11-04,1.52,1.57,1.52,1.57
MIDD,2002-11-05,1.57,1.57,1.56,1.56
MIDD,2002-11-06,1.57,1.59,1.57,1.57
MIDD,2002-11-07,1.58,1.58,1.56,1.58
MIDD,2002-11-08,1.58,1.58,1.58,1.58
MIDD,2002-11-11,1.57,1.57,1.55,1.55
MIDD,2002-11-12,1.55,1.67,1.55,1.67
MIDD,2002-11-13,1.66,1.67,1.64,1.67
MIDD,2002-11-14,1.65,1.66,1.64,1.64
MIDD,2002-11-15,1.64,1.66,1.63,1.63
MIDD,2002-11-18,1.63,1.7,1.63,1.68
MIDD,2002-11-19,1.65,1.67,1.63,1.67
MIDD,2002-11-20,1.63,1.66,1.63,1.66
MIDD,2002-11-21,1.66,1.68,1.58,1.58
MIDD,2002-11-22,1.62,1.69,1.62,1.66
MIDD,2002-11-25,1.63,1.65,1.6,1.65
MIDD,2002-11-26,1.61,1.64,1.58,1.64
MIDD,2002-11-27,1.64,1.9,1.63,1.67
MIDD,2002-11-29,1.68,1.73,1.68,1.73
MIDD,2002-12-02,1.75,1.77,1.75,1.77
MIDD,2002-12-03,1.75,1.76,1.75,1.76
MIDD,2002-12-04,1.66,1.76,1.66,1.71
MIDD,2002-12-05,1.75,1.76,1.75,1.76
MIDD,2002-12-06,1.75,1.75,1.72,1.73
MIDD,2002-12-09,1.71,1.8,1.71,1.8
MIDD,2002-12-10,1.79,1.79,1.69,1.77
MIDD,2002-12-11,1.77,1.77,1.75,1.75
MIDD,2002-12-12,1.76,1.76,1.75,1.75
MIDD,2002-12-13,1.76,1.76,1.68,1.68
MIDD,2002-12-16,1.68,1.77,1.67,1.71
MIDD,2002-12-17,1.73,1.74,1.73,1.74
MIDD,2002-12-18,1.73,1.74,1.72,1.74
MIDD,2002-12-19,1.75,1.77,1.72,1.77
MIDD,2002-12-20,1.77,1.77,1.73,1.75
MIDD,2002-12-23,1.75,1.76,1.72,1.75
MIDD,2002-12-24,1.75,1.77,1.75,1.76
MIDD,2002-12-26,1.75,1.76,1.75,1.76
MIDD,2002-12-27,1.75,1.76,1.74,1.76
MIDD,2002-12-30,1.75,1.77,1.75,1.76
MIDD,2002-12-31,1.75,1.77,1.75,1.77
MIDD,2003-01-02,1.75,1.77,1.75,1.76
MIDD,2003-01-03,1.76,1.81,1.76,1.79
MIDD,2003-01-06,1.77,1.82,1.75,1.77
MIDD,2003-01-07,1.76,1.91,1.76,1.84
MIDD,2003-01-08,1.83,1.83,1.79,1.83
MIDD,2003-01-09,1.83,1.84,1.83,1.83
MIDD,2003-01-10,1.84,1.84,1.83,1.84
MIDD,2003-01-13,1.89,1.9,1.85,1.9
MIDD,2003-01-14,1.92,1.92,1.88,1.88
MIDD,2003-01-15,1.89,1.92,1.87,1.91
MIDD,2003-01-16,1.89,1.89,1.85,1.85
MIDD,2003-01-17,1.86,1.89,1.82,1.82
MIDD,2003-01-21,1.83,1.85,1.82,1.82
MIDD,2003-01-22,1.83,1.87,1.82,1.87
MIDD,2003-01-23,1.85,1.85,1.84,1.85
MIDD,2003-01-24,1.85,1.85,1.81,1.82
MIDD,2003-01-27,1.8,1.82,1.8,1.81
MIDD,2003-01-28,1.82,1.84,1.81,1.83
MIDD,2003-01-29,1.83,1.84,1.83,1.83
MIDD,2003-01-30,1.83,1.83,1.83,1.83
MIDD,2003-01-31,1.81,1.83,1.8,1.8
MIDD,2003-02-03,1.82,1.88,1.8,1.88
MIDD,2003-02-04,1.86,1.88,1.86,1.88
MIDD,2003-02-05,1.88,1.88,1.86,1.86
MIDD,2003-02-06,1.84,1.84,1.83,1.83
MIDD,2003-02-07,1.83,1.83,1.83,1.83
MIDD,2003-02-10,1.83,1.83,1.74,1.76
MIDD,2003-02-11,1.77,1.78,1.74,1.78
MIDD,2003-02-12,1.77,1.79,1.77,1.78
MIDD,2003-02-13,1.78,1.79,1.77,1.77
MIDD,2003-02-14,1.78,1.79,1.76,1.78
MIDD,2003-02-18,1.74,1.75,1.72,1.74
MIDD,2003-02-19,1.72,1.76,1.72,1.75
MIDD,2003-02-20,1.74,1.78,1.72,1.76
MIDD,2003-02-21,1.76,1.79,1.76,1.78
MIDD,2003-02-24,1.77,1.78,1.76,1.78
MIDD,2003-02-25,1.78,1.78,1.75,1.75
MIDD,2003-02-26,1.78,1.78,1.78,1.78
MIDD,2003-02-27,1.78,1.78,1.78,1.78
MIDD,2003-02-28,1.78,1.78,1.75,1.78
MIDD,2003-03-03,1.78,1.78,1.78,1.78
MIDD,2003-03-04,1.76,1.77,1.76,1.77
MIDD,2003-03-05,1.76,1.76,1.75,1.75
MIDD,2003-03-06,1.75,1.75,1.73,1.73
MIDD,2003-03-07,1.74,1.75,1.6,1.73
MIDD,2003-03-10,1.7,1.73,1.69,1.73
MIDD,2003-03-11,1.7,1.74,1.7,1.73
MIDD,2003-03-12,1.74,1.75,1.71,1.72
MIDD,2003-03-13,1.71,1.79,1.68,1.77
MIDD,2003-03-14,1.76,1.8,1.73,1.8
MIDD,2003-03-17,1.74,1.8,1.74,1.78
MIDD,2003-03-18,1.73,1.77,1.73,1.76
MIDD,2003-03-19,1.76,1.77,1.75,1.75
MIDD,2003-03-20,1.75,1.79,1.75,1.79
MIDD,2003-03-21,1.8,1.8,1.76,1.76
MIDD,2003-03-24,1.75,1.77,1.75,1.76
MIDD,2003-03-25,1.77,1.81,1.77,1.78
MIDD,2003-03-26,1.77,1.82,1.76,1.78
MIDD,2003-03-27,1.77,1.82,1.77,1.79
MIDD,2003-03-28,1.79,1.83,1.79,1.8
MIDD,2003-03-31,1.74,1.83,1.74,1.83
MIDD,2003-04-01,1.82,1.83,1.8,1.83
MIDD,2003-04-02,1.83,1.85,1.8,1.83
MIDD,2003-04-03,1.84,1.87,1.83,1.83
MIDD,2003-04-04,1.85,1.86,1.83,1.84
MIDD,2003-04-07,1.84,1.9,1.83,1.83
MIDD,2003-04-08,1.85,1.85,1.84,1.85
MIDD,2003-04-09,1.84,1.84,1.83,1.84
MIDD,2003-04-10,1.83,1.85,1.83,1.85
MIDD,2003-04-11,1.85,1.85,1.83,1.84
MIDD,2003-04-14,1.85,1.85,1.83,1.83
MIDD,2003-04-15,1.85,1.85,1.83,1.84
MIDD,2003-04-16,1.83,1.84,1.83,1.83
MIDD,2003-04-17,1.83,1.88,1.83,1.84
MIDD,2003-04-21,1.84,1.89,1.84,1.89
MIDD,2003-04-22,1.89,1.89,1.88,1.89
MIDD,2003-04-23,1.89,2.1,1.89,2.01
MIDD,2003-04-24,2.01,2.09,1.97,1.99
MIDD,2003-04-25,2.03,2.04,2.0,2.0
MIDD,2003-04-28,2.1,2.1,1.98,2.01
MIDD,2003-04-29,2.02,2.02,2.01,2.01
MIDD,2003-04-30,2.01,2.02,1.93,1.98
MIDD,2003-05-01,2.0,2.03,1.93,1.95
MIDD,2003-05-02,1.98,1.99,1.97,1.99
MIDD,2003-05-05,1.97,1.98,1.92,1.92
MIDD,2003-05-06,1.92,1.97,1.88,1.96
MIDD,2003-05-07,1.99,1.99,1.93,1.96
MIDD,2003-05-08,1.98,1.98,1.95,1.95
MIDD,2003-05-09,1.94,1.97,1.91,1.92
MIDD,2003-05-12,1.89,1.96,1.87,1.95
MIDD,2003-05-13,1.93,1.98,1.92,1.94
MIDD,2003-05-14,1.93,1.96,1.93,1.93
MIDD,2003-05-15,1.93,1.96,1.93,1.95
MIDD,2003-05-16,1.97,1.97,1.92,1.96
MIDD,2003-05-19,1.96,1.96,1.93,1.93
MIDD,2003-05-20,1.93,1.97,1.87,1.93
MIDD,2003-05-21,1.93,1.94,1.85,1.94
MIDD,2003-05-22,1.92,1.93,1.9,1.93
MIDD,2003-05-23,1.94,1.94,1.92,1.93
MIDD,2003-05-27,1.93,1.93,1.9,1.93
MIDD,2003-05-28,1.88,1.94,1.88,1.93
MIDD,2003-05-29,1.95,1.95,1.93,1.93
MIDD,2003-05-30,1.94,1.94,1.89,1.94
MIDD,2003-06-02,1.94,1.98,1.74,1.92
MIDD,2003-06-03,1.88,1.93,1.88,1.93
MIDD,2003-06-04,1.93,1.98,1.93,1.93
MIDD,2003-06-05,1.92,1.94,1.92,1.93
MIDD,2003-06-06,1.95,1.99,1.93,1.98
MIDD,2003-06-09,1.98,2.0,1.97,2.0
MIDD,2003-06-10,2.04,2.12,2.01,2.08
MIDD,2003-06-11,2.08,2.15,2.07,2.14
MIDD,2003-06-12,2.16,2.2,2.14,2.17
MIDD,2003-06-13,2.18,2.19,2.16,2.17
MIDD,2003-06-16,2.16,2.2,2.16,2.18
MIDD,2003-06-17,2.18,2.32,2.17,2.31
MIDD,2003-06-18,2.28,2.5,2.28,2.42
MIDD,2003-06-19,2.43,2.43,2.34,2.35
MIDD,2003-06-20,2.33,2.33,2.31,2.32
MIDD,2003-06-23,2.37,2.37,2.32,2.32
MIDD,2003-06-24,2.32,2.32,2.3,2.3
MIDD,2003-06-25,2.33,2.34,2.32,2.33
MIDD,2003-06-26,2.33,2.34,2.33,2.33
MIDD,2003-06-27,2.34,2.38,2.34,2.38
MIDD,2003-06-30,2.37,2.37,2.32,2.33
MIDD,2003-07-01,2.32,2.34,2.3,2.34
MIDD,2003-07-02,2.34,2.38,2.34,2.38
MIDD,2003-07-03,2.33,2.38,2.33,2.38
MIDD,2003-07-07,2.38,2.39,2.05,2.38
MIDD,2003-07-08,2.28,2.37,2.28,2.37
MIDD,2003-07-09,2.37,2.37,2.34,2.34
MIDD,2003-07-10,2.32,2.37,2.05,2.31
MIDD,2003-07-11,2.37,2.38,2.05,2.31
MIDD,2003-07-14,2.3,2.43,2.28,2.31
MIDD,2003-07-15,2.29,2.31,2.29,2.31
MIDD,2003-07-16,2.32,2.45,2.29,2.4
MIDD,2003-07-17,2.43,2.48,2.42,2.46
MIDD,2003-07-18,2.46,2.46,2.42,2.43
MIDD,2003-07-21,2.46,2.5,2.38,2.5
MIDD,2003-07-22,2.5,2.54,2.44,2.5
MIDD,2003-07-23,2.55,2.65,2.53,2.65
MIDD,2003-07-24,2.65,2.71,2.65,2.66
MIDD,2003-07-25,2.65,2.68,2.62,2.65
MIDD,2003-07-28,2.73,2.8,2.62,2.72
MIDD,2003-07-29,2.8,2.83,2.75,2.82
MIDD,2003-07-30,2.84,3.04,2.82,2.99
MIDD,2003-07-31,3.04,3.04,2.98,2.99
MIDD,2003-08-01,2.99,3.0,2.97,2.97
MIDD,2003-08-04,3.02,3.09,2.97,3.03
MIDD,2003-08-05,3.08,3.08,3.0,3.0
MIDD,2003-08-06,3.0,3.02,2.91,2.95
MIDD,2003-08-07,2.98,2.98,2.62,2.83
MIDD,2003-08-08,2.69,2.83,2.69,2.82
MIDD,2003-08-11,2.67,2.9,2.67,2.9
MIDD,2003-08-12,2.91,3.01,2.86,2.96
MIDD,2003-08-13,3.07,3.08,2.96,3.0
MIDD,2003-08-14,2.96,3.15,2.96,3.07
MIDD,2003-08-15,3.08,3.12,3.02,3.02
MIDD,2003-08-18,3.19,3.37,3.19,3.26
MIDD,2003-08-19,3.41,3.41,3.26,3.31
MIDD,2003-08-20,3.48,3.53,3.41,3.42
MIDD,2003-08-21,3.45,3.5,3.4,3.5
MIDD,2003-08-22,3.62,3.63,3.2,3.45
MIDD,2003-08-25,3.55,3.55,3.38,3.41
MIDD,2003-08-26,3.49,3.5,3.36,3.45
MIDD,2003-08-27,3.51,3.51,3.43,3.46
MIDD,2003-08-28,3.47,3.47,3.38,3.44
MIDD,2003-08-29,3.45,3.45,3.33,3.37
MIDD,2003-09-02,3.34,3.47,3.33,3.47
MIDD,2003-09-03,3.48,3.5,3.38,3.42
MIDD,2003-09-04,3.38,3.5,3.38,3.46
MIDD,2003-09-05,3.5,3.5,3.42,3.43
MIDD,2003-09-08,3.41,3.48,3.36,3.47
MIDD,2003-09-09,3.49,3.5,3.46,3.47
MIDD,2003-09-10,3.48,3.48,3.38,3.38
MIDD,2003-09-11,3.43,3.44,3.38,3.41
MIDD,2003-09-12,3.42,3.42,3.38,3.41
MIDD,2003-09-15,3.43,3.67,3.39,3.58
MIDD,2003-09-16,3.65,3.65,3.52,3.54
MIDD,2003-09-17,3.62,3.62,3.51,3.52
MIDD,2003-09-18,3.51,3.58,3.36,3.41
MIDD,2003-09-19,3.39,3.49,3.17,3.35
MIDD,2003-09-22,3.45,3.46,3.29,3.42
MIDD,2003-09-23,3.42,3.43,3.38,3.42
MIDD,2003-09-24,3.41,3.42,3.17,3.2
MIDD,2003-09-25,3.2,3.2,2.9,3.08
MIDD,2003-09-26,3.01,3.05,2.77,2.87
MIDD,2003-09-29,2.83,3.03,2.78,2.95
MIDD,2003-09-30,3.03,3.17,2.93,3.08
MIDD,2003-10-01,3.06,3.11,3.0,3.05
MIDD,2003-10-02,2.97,3.09,2.97,2.97
MIDD,2003-10-03,2.97,3.09,2.88,3.09
MIDD,2003-10-06,3.11,3.14,3.02,3.12
MIDD,2003-10-07,3.11,3.27,3.02,3.27
MIDD,2003-10-08,3.33,3.33,3.13,3.19
MIDD,2003-10-09,3.16,3.25,3.16,3.24
MIDD,2003-10-10,3.17,3.24,3.17,3.22
MIDD,2003-10-13,3.24,3.26,3.17,3.24
MIDD,2003-10-14,3.24,3.42,3.15,3.36
MIDD,2003-10-15,3.39,3.42,3.29,3.38
MIDD,2003-10-16,3.41,3.5,3.23,3.28
MIDD,2003-10-17,3.26,3.28,3.18,3.22
MIDD,2003-10-20,3.29,3.29,3.16,3.2
MIDD,2003-10-21,3.2,3.29,3.2,3.27
MIDD,2003-10-22,3.28,3.28,2.97,3.19
MIDD,2003-10-23,3.21,3.21,3.05,3.08
MIDD,2003-10-24,3.6,3.65,3.34,3.62
MIDD,2003-10-27,3.83,4.06,3.75,3.9
MIDD,2003-10-28,4.0,4.07,3.95,4.05
MIDD,2003-10-29,4.16,4.36,3.84,4.36
MIDD,2003-10-30,4.38,4.54,4.13,4.15
MIDD,2003-10-31,4.6,4.62,4.28,4.34
MIDD,2003-11-03,4.34,4.7,4.33,4.61
MIDD,2003-11-04,4.67,4.92,4.62,4.75
MIDD,2003-11-05,4.77,4.88,4.3,4.62
MIDD,2003-11-06,4.72,4.84,4.67,4.83
MIDD,2003-11-07,4.84,4.84,4.64,4.82
MIDD,2003-11-10,4.93,4.93,4.51,4.62
MIDD,2003-11-11,4.6,4.91,4.53,4.73
MIDD,2003-11-12,4.8,4.87,4.52,4.8
MIDD,2003-11-13,4.79,4.92,4.78,4.84
MIDD,2003-11-14,4.68,4.92,4.65,4.82
MIDD,2003-11-17,4.86,4.87,4.74,4.83
MIDD,2003-11-18,4.83,4.83,4.72,4.82
MIDD,2003-11-19,4.82,5.29,4.7,5.25
MIDD,2003-11-20,5.27,5.57,5.14,5.52
MIDD,2003-11-21,5.52,5.53,5.11,5.38
MIDD,2003-11-24,5.51,5.54,5.35,5.5
MIDD,2003-11-25,5.55,5.78,5.5,5.71
MIDD,2003-11-26,5.79,5.79,5.53,5.67
MIDD,2003-11-28,5.64,5.79,5.64,5.71
MIDD,2003-12-01,5.83,6.16,5.78,6.13
MIDD,2003-12-02,6.07,6.46,6.06,6.4
MIDD,2003-12-03,6.5,6.57,6.3,6.42
MIDD,2003-12-04,6.42,6.42,6.03,6.3
MIDD,2003-12-05,5.99,6.25,5.87,6.15
MIDD,2003-12-08,6.08,6.58,6.0,6.54
MIDD,2003-12-09,6.53,6.87,6.47,6.59
MIDD,2003-12-10,6.72,6.89,5.89,6.04
MIDD,2003-12-11,6.03,6.14,5.52,5.99
MIDD,2003-12-12,6.22,6.38,6.08,6.26
MIDD,2003-12-15,6.67,6.71,6.18,6.35
MIDD,2003-12-16,6.42,7.14,6.28,6.94
MIDD,2003-12-17,7.1,7.33,6.95,7.02
MIDD,2003-12-18,7.1,7.33,6.69,7.28
MIDD,2003-12-19,7.33,7.33,7.12,7.25
MIDD,2003-12-22,7.38,7.38,7.13,7.19
MIDD,2003-12-23,6.92,7.08,6.58,7.08
MIDD,2003-12-24,7.14,7.16,6.75,6.98
MIDD,2003-12-26,6.92,7.12,6.92,7.12
MIDD,2003-12-29,6.92,7.28,6.84,7.03
MIDD,2003-12-30,7.01,7.08,6.87,7.0
MIDD,2003-12-31,6.92,7.0,6.69,6.74
MIDD,2004-01-02,6.83,6.87,6.69,6.83
MIDD,2004-01-05,6.77,6.83,6.22,6.5
MIDD,2004-01-06,6.33,6.63,6.31,6.53
MIDD,2004-01-07,6.42,6.7,6.2,6.3
MIDD,2004-01-08,6.5,6.58,6.33,6.52
MIDD,2004-01-09,6.53,6.63,6.43,6.63
MIDD,2004-01-12,6.68,6.94,6.67,6.78
MIDD,2004-01-13,6.78,7.05,6.76,6.96
MIDD,2004-01-14,7.07,7.07,6.79,7.02
MIDD,2004-01-15,6.88,7.08,6.88,6.95
MIDD,2004-01-16,7.05,7.08,6.95,7.0
MIDD,2004-01-20,7.07,7.08,6.96,7.0
MIDD,2004-01-21,6.93,7.06,6.68,7.01
MIDD,2004-01-22,7.05,7.05,6.92,7.03
MIDD,2004-01-23,7.03,7.3,7.02,7.16
MIDD,2004-01-26,7.3,7.93,7.17,7.84
MIDD,2004-01-27,7.97,8.15,7.61,7.7
MIDD,2004-01-28,7.78,7.78,6.91,7.12
MIDD,2004-01-29,6.82,7.12,5.92,6.87
MIDD,2004-01-30,6.76,6.96,6.42,6.86
MIDD,2004-02-02,6.99,7.16,6.54,6.62
MIDD,2004-02-03,6.39,6.69,6.39,6.51
MIDD,2004-02-04,6.4,6.62,6.37,6.44
MIDD,2004-02-05,6.37,6.54,6.35,6.49
MIDD,2004-02-06,6.53,6.8,6.38,6.68
MIDD,2004-02-09,6.82,6.98,6.52,6.96
MIDD,2004-02-10,6.89,6.98,6.75,6.86
MIDD,2004-02-11,6.91,7.0,6.85,6.98
MIDD,2004-02-12,7.04,7.12,6.89,6.93
MIDD,2004-02-13,6.9,7.12,6.78,7.0
MIDD,2004-02-17,7.23,7.53,6.77,6.89
MIDD,2004-02-18,6.85,6.96,6.51,6.55
MIDD,2004-02-19,6.58,6.88,6.41,6.74
MIDD,2004-02-20,6.88,7.05,6.66,6.97
MIDD,2004-02-23,7.08,7.08,6.62,6.66
MIDD,2004-02-24,6.72,6.91,6.58,6.78
MIDD,2004-02-25,6.75,6.97,6.58,6.93
MIDD,2004-02-26,6.73,7.19,6.73,7.05
MIDD,2004-02-27,7.0,7.33,6.67,6.82
MIDD,2004-03-01,6.67,7.07,6.52,6.57
MIDD,2004-03-02,6.55,7.0,6.51,6.88
MIDD,2004-03-03,7.03,7.23,6.96,7.18
MIDD,2004-03-04,6.97,7.33,6.89,7.22
MIDD,2004-03-05,7.17,7.29,6.96,7.07
MIDD,2004-03-08,7.0,7.3,7.0,7.25
MIDD,2004-03-09,7.22,7.32,7.01,7.11
MIDD,2004-03-10,6.96,7.32,6.75,6.93
MIDD,2004-03-11,6.8,7.02,6.77,6.81
MIDD,2004-03-12,6.84,6.92,6.66,6.69
MIDD,2004-03-15,6.54,6.96,6.5,6.83
MIDD,2004-03-16,6.99,7.0,6.76,6.93
MIDD,2004-03-17,7.0,7.1,6.86,6.95
MIDD,2004-03-18,7.03,7.09,6.95,7.01
MIDD,2004-03-19,7.07,7.18,7.0,7.07
MIDD,2004-03-22,7.16,7.16,6.93,7.0
MIDD,2004-03-23,7.0,7.03,6.83,6.91
MIDD,2004-03-24,6.83,6.83,6.58,6.67
MIDD,2004-03-25,6.67,6.91,6.63,6.82
MIDD,2004-03-26,6.84,7.13,6.68,7.05
MIDD,2004-03-29,7.08,7.56,7.06,7.32
MIDD,2004-03-30,7.34,7.67,7.34,7.55
MIDD,2004-03-31,7.66,7.75,7.54,7.6
MIDD,2004-04-01,7.56,7.69,7.54,7.59
MIDD,2004-04-02,7.73,7.95,7.6,7.77
MIDD,2004-04-05,7.93,8.69,7.87,8.69
MIDD,2004-04-06,8.25,8.45,8.22,8.28
MIDD,2004-04-07,8.33,8.33,8.02,8.15
MIDD,2004-04-08,8.22,8.46,8.16,8.28
MIDD,2004-04-12,8.43,8.83,8.21,8.6
MIDD,2004-04-13,8.82,8.83,8.55,8.57
MIDD,2004-04-14,8.64,8.73,7.34,7.63
MIDD,2004-04-15,7.33,8.07,7.32,7.97
MIDD,2004-04-16,8.1,8.1,7.65,7.87
MIDD,2004-04-19,7.86,7.96,7.74,7.96
MIDD,2004-04-20,7.89,8.25,7.86,7.93
MIDD,2004-04-21,7.88,8.05,7.43,7.92
MIDD,2004-04-22,7.92,7.99,7.68,7.97
MIDD,2004-04-23,7.9,8.01,7.87,8.01
MIDD,2004-04-26,7.95,8.01,7.8,7.93
MIDD,2004-04-27,8.0,8.02,7.75,7.88
MIDD,2004-04-28,8.21,8.83,8.05,8.61
MIDD,2004-04-29,8.77,9.14,8.5,9.09
MIDD,2004-04-30,9.11,9.39,8.07,8.44
MIDD,2004-05-03,8.46,8.99,8.29,8.85
MIDD,2004-05-04,8.87,9.15,8.73,9.09
MIDD,2004-05-05,9.18,9.47,9.1,9.33
MIDD,2004-05-06,9.34,9.38,9.03,9.25
MIDD,2004-05-07,9.14,9.32,8.92,9.01
MIDD,2004-05-10,8.8,8.99,8.5,8.68
MIDD,2004-05-11,8.73,9.17,8.73,9.02
MIDD,2004-05-12,9.0,9.2,8.68,9.19
MIDD,2004-05-13,9.28,9.28,8.93,9.21
MIDD,2004-05-14,9.22,9.28,9.05,9.13
MIDD,2004-05-17,9.15,9.15,8.6,8.93
MIDD,2004-05-18,8.91,9.22,8.91,9.11
MIDD,2004-05-19,9.23,9.78,9.23,9.57
MIDD,2004-05-20,9.62,9.79,9.35,9.39
MIDD,2004-05-21,9.5,9.66,9.38,9.5
MIDD,2004-05-24,9.64,9.79,9.53,9.69
MIDD,2004-05-25,9.82,10.43,9.67,10.16
MIDD,2004-05-26,10.21,10.3,10.12,10.29
MIDD,2004-05-27,10.12,10.27,10.05,10.15
MIDD,2004-05-28,10.34,10.34,10.02,10.19
MIDD,2004-06-01,10.34,10.62,10.19,10.5
MIDD,2004-06-02,10.58,10.58,10.34,10.34
MIDD,2004-06-03,10.29,10.5,10.0,10.01
MIDD,2004-06-04,10.0,10.16,9.69,9.74
MIDD,2004-06-07,9.76,9.88,9.7,9.83
MIDD,2004-06-08,9.86,9.99,9.81,9.87
MIDD,2004-06-09,9.88,9.88,9.46,9.6
MIDD,2004-06-10,9.56,9.63,9.07,9.37
MIDD,2004-06-14,9.28,9.46,9.18,9.34
MIDD,2004-06-15,9.38,9.69,9.38,9.66
MIDD,2004-06-16,9.71,9.92,9.71,9.91
MIDD,2004-06-17,9.95,9.99,9.52,9.9
MIDD,2004-06-18,10.0,10.0,9.77,9.94
MIDD,2004-06-21,10.04,10.32,9.85,10.2
MIDD,2004-06-22,10.22,10.32,10.01,10.27
MIDD,2004-06-23,10.33,10.36,10.0,10.0
MIDD,2004-06-24,10.04,10.11,9.44,9.47
MIDD,2004-06-25,9.42,9.64,9.06,9.26
MIDD,2004-06-28,9.05,9.15,8.41,8.43
MIDD,2004-06-29,8.28,9.03,8.17,8.91
MIDD,2004-06-30,9.07,9.15,8.59,9.1
MIDD,2004-07-01,9.16,9.16,8.71,8.92
MIDD,2004-07-02,8.91,8.91,8.65,8.82
MIDD,2004-07-06,8.82,9.06,8.53,8.91
MIDD,2004-07-07,9.0,9.36,8.92,9.27
MIDD,2004-07-08,9.27,9.33,8.92,8.97
MIDD,2004-07-09,8.87,9.11,8.85,9.05
MIDD,2004-07-12,9.07,9.1,8.81,8.91
MIDD,2004-07-13,8.94,8.96,8.83,8.9
MIDD,2004-07-14,8.87,9.05,8.77,8.94
MIDD,2004-07-15,8.76,8.97,8.76,8.9
MIDD,2004-07-16,8.86,9.0,8.85,8.86
MIDD,2004-07-19,8.84,8.99,8.78,8.92
MIDD,2004-07-20,9.07,9.29,8.79,9.22
MIDD,2004-07-21,9.5,9.64,9.0,9.0
MIDD,2004-07-22,9.23,9.23,8.57,8.7
MIDD,2004-07-23,9.12,9.2,8.8,8.85
MIDD,2004-07-26,8.99,9.15,8.62,8.8
MIDD,2004-07-27,8.68,9.24,8.68,9.16
MIDD,2004-07-28,9.22,9.22,8.83,9.02
MIDD,2004-07-29,9.16,9.42,8.97,9.4
MIDD,2004-07-30,9.49,9.5,8.98,9.03
MIDD,2004-08-02,8.85,9.01,8.81,8.96
MIDD,2004-08-03,8.88,9.01,8.83,9.0
MIDD,2004-08-04,9.04,9.13,8.8,8.94
MIDD,2004-08-05,8.79,8.87,8.68,8.69
MIDD,2004-08-06,8.49,8.82,7.91,8.77
MIDD,2004-08-09,8.47,8.93,8.46,8.68
MIDD,2004-08-10,8.62,8.67,8.44,8.59
MIDD,2004-08-11,8.44,8.66,8.4,8.62
MIDD,2004-08-12,8.51,8.62,8.25,8.38
MIDD,2004-08-13,8.49,8.63,8.29,8.46
MIDD,2004-08-16,8.31,8.59,8.31,8.55
MIDD,2004-08-17,8.63,8.78,8.45,8.66
MIDD,2004-08-18,8.69,8.8,8.55,8.74
MIDD,2004-08-19,8.82,8.82,8.58,8.71
MIDD,2004-08-20,8.82,8.92,8.61,8.89
MIDD,2004-08-23,8.91,8.92,8.67,8.8
MIDD,2004-08-24,8.98,8.98,8.63,8.75
MIDD,2004-08-25,8.83,8.83,8.65,8.81
MIDD,2004-08-26,8.78,8.78,8.44,8.44
MIDD,2004-08-27,8.37,8.49,8.18,8.3
MIDD,2004-08-30,8.24,8.25,8.03,8.22
MIDD,2004-08-31,8.07,8.44,8.07,8.35
MIDD,2004-09-01,8.19,8.58,8.19,8.27
MIDD,2004-09-02,8.14,8.33,8.06,8.3
MIDD,2004-09-03,8.29,8.38,8.12,8.29
MIDD,2004-09-07,8.4,8.4,8.07,8.2
MIDD,2004-09-08,7.97,8.43,7.97,8.31
MIDD,2004-09-09,8.17,8.63,8.17,8.57
MIDD,2004-09-10,8.5,8.64,8.5,8.52
MIDD,2004-09-13,8.67,8.76,8.52,8.62
MIDD,2004-09-14,8.43,8.72,8.39,8.51
MIDD,2004-09-15,8.7,8.7,8.51,8.59
MIDD,2004-09-16,8.76,9.0,8.59,8.88
MIDD,2004-09-17,9.01,9.11,8.87,8.92
MIDD,2004-09-20,8.76,8.83,8.45,8.71
MIDD,2004-09-21,8.89,8.92,8.74,8.76
MIDD,2004-09-22,8.65,8.75,8.32,8.38
MIDD,2004-09-23,8.34,8.49,8.26,8.38
MIDD,2004-09-24,8.25,8.65,8.25,8.63
MIDD,2004-09-27,8.74,8.74,8.48,8.48
MIDD,2004-09-28,8.7,8.7,8.53,8.69
MIDD,2004-09-29,8.72,8.79,8.62,8.7
MIDD,2004-09-30,8.82,8.82,8.61,8.77
MIDD,2004-10-01,8.86,8.86,8.74,8.8
MIDD,2004-10-04,8.84,9.08,8.81,8.87
MIDD,2004-10-05,8.78,8.95,8.76,8.92
MIDD,2004-10-06,8.9,8.96,8.88,8.96
MIDD,2004-10-07,9.09,9.09,8.8,8.83
MIDD,2004-10-08,8.76,8.98,8.73,8.87
MIDD,2004-10-11,8.84,8.84,8.43,8.44
MIDD,2004-10-12,8.35,8.44,8.2,8.34
MIDD,2004-10-13,8.31,8.53,8.27,8.3
MIDD,2004-10-14,8.25,8.37,8.14,8.22
MIDD,2004-10-15,8.19,8.55,8.19,8.53
MIDD,2004-10-18,8.57,8.77,8.56,8.75
MIDD,2004-10-19,8.79,8.79,8.51,8.55
MIDD,2004-10-20,8.45,8.75,8.45,8.74
MIDD,2004-10-21,8.75,8.75,8.26,8.32
MIDD,2004-10-22,8.41,8.46,8.25,8.25
MIDD,2004-10-25,8.25,8.28,7.68,8.03
MIDD,2004-10-26,8.02,8.2,7.78,7.8
MIDD,2004-10-27,7.75,8.02,7.68,7.88
MIDD,2004-10-28,7.95,8.0,7.79,7.96
MIDD,2004-10-29,8.1,8.33,8.03,8.17
MIDD,2004-11-01,8.17,8.21,7.79,7.86
MIDD,2004-11-02,7.97,8.15,7.88,8.13
MIDD,2004-11-03,8.14,8.26,8.07,8.23
MIDD,2004-11-04,8.17,8.27,8.14,8.24
MIDD,2004-11-05,8.08,8.36,8.08,8.29
MIDD,2004-11-08,8.29,8.41,8.21,8.31
MIDD,2004-11-09,8.42,8.52,8.25,8.48
MIDD,2004-11-10,8.31,8.79,8.31,8.77
MIDD,2004-11-11,8.79,8.92,8.65,8.9
MIDD,2004-11-12,8.9,9.12,8.82,9.07
MIDD,2004-11-15,9.1,9.35,9.01,9.27
MIDD,2004-11-16,9.35,9.43,9.06,9.16
MIDD,2004-11-17,9.17,9.38,9.04,9.19
MIDD,2004-11-18,9.32,9.34,9.11,9.33
MIDD,2004-11-19,9.13,9.4,9.1,9.12
MIDD,2004-11-22,9.11,9.4,8.96,9.34
MIDD,2004-11-23,9.3,9.3,9.11,9.25
MIDD,2004-11-24,9.12,9.49,9.12,9.49
MIDD,2004-11-26,9.46,9.47,9.36,9.45
MIDD,2004-11-29,9.46,9.65,9.33,9.58
MIDD,2004-11-30,9.42,9.65,9.42,9.57
MIDD,2004-12-01,9.56,9.85,9.46,9.72
MIDD,2004-12-02,9.57,9.73,9.47,9.49
MIDD,2004-12-03,9.4,9.46,9.39,9.39
MIDD,2004-12-06,9.56,9.56,9.02,9.09
MIDD,2004-12-07,9.08,9.13,8.84,8.9
MIDD,2004-12-08,8.88,9.08,8.85,8.95
MIDD,2004-12-09,8.96,8.96,8.77,8.77
MIDD,2004-12-10,8.75,8.75,8.57,8.71
MIDD,2004-12-13,8.63,8.71,8.42,8.56
MIDD,2004-12-14,8.4,8.47,8.31,8.37
MIDD,2004-12-15,8.32,8.42,8.27,8.39
MIDD,2004-12-16,8.47,8.53,7.93,7.95
MIDD,2004-12-17,7.95,8.38,7.95,8.35
MIDD,2004-12-20,8.26,8.53,8.26,8.44
MIDD,2004-12-21,8.45,8.49,8.23,8.33
MIDD,2004-12-22,8.26,8.33,7.99,8.0
MIDD,2004-12-23,8.08,8.18,7.91,8.03
MIDD,2004-12-27,8.12,8.12,7.96,7.96
MIDD,2004-12-28,7.95,8.08,7.93,7.97
MIDD,2004-12-29,8.04,8.04,7.77,7.9
MIDD,2004-12-30,8.08,8.55,8.06,8.33
MIDD,2004-12-31,8.46,8.62,8.34,8.45
MIDD,2005-01-03,8.63,8.68,8.44,8.45
MIDD,2005-01-04,8.42,8.61,8.01,8.03
MIDD,2005-01-05,8.02,8.26,8.02,8.05
MIDD,2005-01-06,8.19,8.46,8.12,8.32
MIDD,2005-01-07,8.32,8.38,8.21,8.36
MIDD,2005-01-10,8.21,8.32,8.11,8.17
MIDD,2005-01-11,8.17,8.17,7.91,7.95
MIDD,2005-01-12,7.92,8.06,7.92,8.05
MIDD,2005-01-13,8.05,8.05,7.92,7.96
MIDD,2005-01-14,7.96,8.14,7.93,8.14
MIDD,2005-01-18,8.12,8.12,8.02,8.09
MIDD,2005-01-19,8.01,8.1,8.01,8.04
MIDD,2005-01-20,8.12,8.12,7.86,7.88
MIDD,2005-01-21,7.88,7.99,7.86,7.91
MIDD,2005-01-24,8.03,8.03,7.59,7.64
MIDD,2005-01-25,7.6,7.77,7.57,7.76
MIDD,2005-01-26,7.71,7.97,7.7,7.95
MIDD,2005-01-27,7.86,8.49,7.71,8.27
MIDD,2005-01-28,8.36,8.39,8.1,8.28
MIDD,2005-01-31,8.32,8.49,8.29,8.38
MIDD,2005-02-01,8.44,8.44,8.3,8.31
MIDD,2005-02-02,8.42,8.42,8.29,8.33
MIDD,2005-02-03,8.39,8.39,8.1,8.38
MIDD,2005-02-04,8.33,8.39,8.31,8.35
MIDD,2005-02-07,8.4,8.41,8.33,8.36
MIDD,2005-02-08,8.41,8.67,8.34,8.66
MIDD,2005-02-09,8.68,8.85,8.61,8.63
MIDD,2005-02-10,8.76,8.76,8.56,8.57
MIDD,2005-02-11,8.73,8.78,8.44,8.77
MIDD,2005-02-14,8.82,8.85,8.67,8.79
MIDD,2005-02-15,8.86,8.89,8.7,8.89
MIDD,2005-02-16,8.88,9.02,8.81,8.99
MIDD,2005-02-17,9.05,9.1,8.86,9.0
MIDD,2005-02-18,9.1,9.1,8.84,8.99
MIDD,2005-02-22,8.96,9.08,8.63,8.82
MIDD,2005-02-23,8.88,8.9,8.79,8.79
MIDD,2005-02-24,8.63,8.94,8.62,8.92
MIDD,2005-02-25,8.9767,9.1033,8.8833,9.0967
MIDD,2005-02-28,9.12,9.12,8.93,8.9833
MIDD,2005-03-01,8.8933,9.2467,8.85,9.19
MIDD,2005-03-02,9.19,9.2733,9.0433,9.2333
MIDD,2005-03-03,9.25,9.3167,9.2167,9.28
MIDD,2005-03-04,9.41,9.41,8.8333,8.9333
MIDD,2005-03-07,9.0367,9.0667,8.9333,8.9533
MIDD,2005-03-08,9.03,9.03,8.94,8.9633
MIDD,2005-03-09,9.0667,9.0667,8.9333,8.9933
MIDD,2005-03-10,9.0,9.0,8.7867,8.8333
MIDD,2005-03-11,8.8733,8.8733,8.7233,8.7833
MIDD,2005-03-14,8.91,8.9167,8.7133,8.7133
MIDD,2005-03-15,8.7833,8.7833,8.6867,8.6967
MIDD,2005-03-16,8.7433,8.7433,8.59,8.65
MIDD,2005-03-17,8.7567,8.7567,8.4633,8.47
MIDD,2005-03-18,8.6,8.7367,8.48,8.69
MIDD,2005-03-21,8.6667,8.7867,8.5767,8.6267
MIDD,2005-03-22,8.6667,8.72,8.43,8.5
MIDD,2005-03-23,8.5833,8.6333,8.3767,8.5767
MIDD,2005-03-24,8.5767,8.77,8.54,8.69
MIDD,2005-03-28,8.7833,8.7833,8.5467,8.6
MIDD,2005-03-29,8.54,8.62,8.3867,8.3933
MIDD,2005-03-30,8.5167,8.5167,8.2567,8.2967
MIDD,2005-03-31,8.4167,8.4167,8.1867,8.2333
MIDD,2005-04-01,8.3067,8.3267,8.1667,8.1667
MIDD,2005-04-04,8.25,8.4833,8.1467,8.16
MIDD,2005-04-05,8.2567,8.3633,8.2133,8.3033
MIDD,2005-04-06,8.4067,8.56,8.2833,8.32
MIDD,2005-04-07,8.41,8.41,8.22,8.31
MIDD,2005-04-08,8.2667,8.3233,8.2367,8.2367
MIDD,2005-04-11,8.32,8.3333,8.1433,8.1967
MIDD,2005-04-12,8.1333,8.22,8.09,8.13
MIDD,2005-04-13,8.15,8.2633,8.0967,8.1033
MIDD,2005-04-14,8.22,8.22,8.0,8.02
MIDD,2005-04-15,8.0767,8.1067,7.9633,7.9633
MIDD,2005-04-18,7.9533,8.0167,7.9367,7.99
MIDD,2005-04-19,8.03,8.03,7.96,7.9733
MIDD,2005-04-20,8.0133,8.04,7.7667,7.85
MIDD,2005-04-21,7.85,7.85,7.6133,7.7033
MIDD,2005-04-22,7.7067,7.8267,7.6667,7.6867
MIDD,2005-04-25,7.7067,7.8133,7.69,7.7067
MIDD,2005-04-26,7.6667,7.8167,7.5933,7.6433
MIDD,2005-04-27,7.6033,7.8067,7.6033,7.6767
MIDD,2005-04-28,7.67,7.73,7.4867,7.5
MIDD,2005-04-29,7.5567,7.6333,7.2633,7.34
MIDD,2005-05-02,7.3333,7.5567,7.3333,7.5533
MIDD,2005-05-03,7.8633,8.85,7.8633,8.6033
MIDD,2005-05-04,8.5167,8.65,8.43,8.4533
MIDD,2005-05-05,8.3167,9.04,8.2933,8.7867
MIDD,2005-05-06,8.7433,9.1433,8.6267,9.02
MIDD,2005-05-09,9.1333,9.14,9.0,9.09
MIDD,2005-05-10,9.1367,9.15,8.95,9.03
MIDD,2005-05-11,9.0233,9.0233,8.7633,8.8333
MIDD,2005-05-12,8.7733,8.9933,8.5867,8.7833
MIDD,2005-05-13,8.9033,8.9333,8.6167,8.81
MIDD,2005-05-16,8.9167,9.06,8.8867,9.06
MIDD,2005-05-17,8.9,9.0467,8.9,9.0367
MIDD,2005-05-18,9.0,9.16,8.9633,9.1267
MIDD,2005-05-19,9.0567,9.2433,9.0567,9.23
MIDD,2005-05-20,9.24,9.24,9.0667,9.18
MIDD,2005-05-23,9.1667,9.4133,9.1067,9.3333
MIDD,2005-05-24,9.22,9.4133,9.22,9.3333
MIDD,2005-05-25,9.2133,9.3267,9.04,9.2867
MIDD,2005-05-26,9.1667,9.3333,9.1667,9.3333
MIDD,2005-05-27,9.3333,9.3333,9.1833,9.2133
MIDD,2005-05-31,9.2667,9.2667,9.0867,9.2
MIDD,2005-06-01,9.1367,9.3767,9.1,9.19
MIDD,2005-06-02,9.0433,9.2433,9.0433,9.1967
MIDD,2005-06-03,9.2567,9.2567,8.9833,9.2033
MIDD,2005-06-06,9.0833,9.2033,9.0233,9.1867
MIDD,2005-06-07,9.12,9.517,9.12,9.2533
MIDD,2005-06-08,9.1533,9.24,8.93,8.9467
MIDD,2005-06-09,8.8333,8.9533,8.8167,8.94
MIDD,2005-06-10,8.8033,9.0367,8.8033,8.96
MIDD,2005-06-13,8.8367,9.28,8.8367,9.0533
MIDD,2005-06-14,8.9067,8.9633,8.8767,8.9
MIDD,2005-06-15,8.8333,9.16,8.8333,9.16
MIDD,2005-06-16,9.02,9.0833,8.9867,9.0533
MIDD,2005-06-17,9.1667,9.1667,8.81,8.8133
MIDD,2005-06-20,8.8133,8.8433,8.65,8.6967
MIDD,2005-06-21,8.6333,8.6767,8.6,8.6233
MIDD,2005-06-22,8.6233,9.1167,8.6233,9.0133
MIDD,2005-06-23,8.97,9.2133,8.97,9.1233
MIDD,2005-06-24,9.1233,9.1667,8.7967,8.91
MIDD,2005-06-27,8.8767,9.12,8.8233,8.96
MIDD,2005-06-28,8.9867,9.1667,8.85,9.1667
MIDD,2005-06-29,9.0167,9.05,8.8333,8.9367
MIDD,2005-06-30,8.9567,9.0833,8.68,8.81
MIDD,2005-07-01,8.8333,8.9233,8.5833,8.6533
MIDD,2005-07-05,8.6433,8.9533,8.5433,8.6833
MIDD,2005-07-06,8.7,9.0833,8.7,8.9767
MIDD,2005-07-07,8.8633,9.08,8.8367,8.9867
MIDD,2005-07-08,8.8467,9.16,8.8467,9.1533
MIDD,2005-07-11,9.1067,9.9,9.07,9.783
MIDD,2005-07-12,9.767,9.87,9.65,9.857
MIDD,2005-07-13,9.76,9.783,9.4833,9.6
MIDD,2005-07-14,9.667,9.667,9.2133,9.3467
MIDD,2005-07-15,9.517,9.967,9.4767,9.893
MIDD,2005-07-18,9.833,9.863,9.69,9.833
MIDD,2005-07-19,9.863,10.04,9.75,10.0
MIDD,2005-07-20,9.83,10.317,9.83,10.317
MIDD,2005-07-21,10.323,10.363,10.0,10.177
MIDD,2005-07-22,10.0,10.293,10.0,10.263
MIDD,2005-07-25,10.263,10.553,10.243,10.367
MIDD,2005-07-26,10.37,10.387,10.203,10.33
MIDD,2005-07-27,10.347,10.353,10.167,10.173
MIDD,2005-07-28,10.173,10.333,10.04,10.333
MIDD,2005-07-29,10.477,11.9,10.41,11.643
MIDD,2005-08-01,11.34,11.633,11.127,11.457
MIDD,2005-08-02,11.47,11.65,11.437,11.53
MIDD,2005-08-03,11.4,11.507,11.1,11.177
MIDD,2005-08-04,11.257,11.267,10.953,10.97
MIDD,2005-08-05,10.973,11.08,10.91,10.967
MIDD,2005-08-08,10.993,11.17,10.92,11.017
MIDD,2005-08-09,10.96,11.173,10.927,11.013
MIDD,2005-08-10,11.1,11.1,10.947,10.96
MIDD,2005-08-11,10.933,11.083,10.933,11.0
MIDD,2005-08-12,10.947,11.027,10.607,10.737
MIDD,2005-08-15,10.717,10.99,10.56,10.847
MIDD,2005-08-16,10.803,10.827,10.6,10.623
MIDD,2005-08-17,10.597,10.79,10.54,10.677
MIDD,2005-08-18,10.673,10.74,10.53,10.667
MIDD,2005-08-19,10.603,10.76,10.603,10.683
MIDD,2005-08-22,10.667,10.85,10.62,10.783
MIDD,2005-08-23,10.857,10.94,10.75,10.847
MIDD,2005-08-24,10.783,10.94,10.75,10.86
MIDD,2005-08-25,10.763,10.927,10.76,10.817
MIDD,2005-08-26,10.843,10.96,10.763,10.9
MIDD,2005-08-29,10.817,10.967,10.79,10.807
MIDD,2005-08-30,10.79,10.897,10.757,10.897
MIDD,2005-08-31,10.91,10.953,10.767,10.953
MIDD,2005-09-01,10.947,11.01,10.873,10.96
MIDD,2005-09-02,11.027,11.107,11.0,11.09
MIDD,2005-09-06,11.0,11.163,10.887,11.127
MIDD,2005-09-07,11.133,11.173,11.017,11.097
MIDD,2005-09-08,11.05,11.257,10.947,11.257
MIDD,2005-09-09,11.267,11.41,11.083,11.357
MIDD,2005-09-12,11.267,11.54,11.25,11.52
MIDD,2005-09-13,11.53,11.54,11.313,11.357
MIDD,2005-09-14,11.387,11.387,11.03,11.303
MIDD,2005-09-15,11.3,11.513,11.003,11.05
MIDD,2005-09-16,11.093,11.333,10.937,11.313
MIDD,2005-09-19,11.28,11.28,10.907,10.997
MIDD,2005-09-20,10.96,11.22,10.947,11.063
MIDD,2005-09-21,10.99,11.137,10.983,11.0
MIDD,2005-09-22,11.0,11.363,10.983,11.193
MIDD,2005-09-23,11.35,11.373,11.207,11.373
MIDD,2005-09-26,11.437,11.583,11.253,11.567
MIDD,2005-09-27,11.533,11.667,11.483,11.62
MIDD,2005-09-28,11.613,11.827,11.583,11.797
MIDD,2005-09-29,11.68,11.807,11.667,11.673
MIDD,2005-09-30,11.767,12.1,11.683,12.083
MIDD,2005-10-03,12.123,12.283,11.94,12.277
MIDD,2005-10-04,12.293,12.423,11.943,11.95
MIDD,2005-10-05,11.9,11.963,11.667,11.807
MIDD,2005-10-06,11.807,12.03,11.71,11.803
MIDD,2005-10-07,11.943,12.21,11.857,12.077
MIDD,2005-10-10,12.18,12.223,11.84,11.86
MIDD,2005-10-11,11.89,12.067,11.837,11.84
MIDD,2005-10-12,11.97,11.97,11.42,11.637
MIDD,2005-10-13,11.517,11.69,11.5,11.69
MIDD,2005-10-14,11.76,12.333,11.76,12.157
MIDD,2005-10-17,12.083,12.15,11.95,11.987
MIDD,2005-10-18,11.993,12.057,11.92,11.99
MIDD,2005-10-19,11.9,12.003,11.693,12.003
MIDD,2005-10-20,11.97,11.97,11.523,11.65
MIDD,2005-10-21,11.793,11.833,11.627,11.803
MIDD,2005-10-24,11.873,12.16,11.857,12.057
MIDD,2005-10-25,12.02,12.13,11.72,11.957
MIDD,2005-10-26,11.933,12.22,11.703,11.96
MIDD,2005-10-27,11.883,12.103,11.76,11.78
MIDD,2005-10-28,11.8,11.997,11.723,11.967
MIDD,2005-10-31,11.993,12.15,11.937,12.083
MIDD,2005-11-01,12.03,12.127,11.837,11.993
MIDD,2005-11-02,11.977,12.833,11.973,12.357
MIDD,2005-11-03,12.513,12.513,12.167,12.273
MIDD,2005-11-04,12.253,12.35,12.003,12.01
MIDD,2005-11-07,12.003,12.167,11.917,11.997
MIDD,2005-11-08,12.25,12.293,11.793,11.96
MIDD,2005-11-09,11.983,12.33,11.83,12.203
MIDD,2005-11-10,12.323,12.897,12.1,12.75
MIDD,2005-11-11,12.913,12.96,12.683,12.873
MIDD,2005-11-14,12.927,13.007,12.677,12.72
MIDD,2005-11-15,12.73,12.83,12.533,12.667
MIDD,2005-11-16,12.667,12.667,12.57,12.667
MIDD,2005-11-17,12.583,13.3,12.567,13.077
MIDD,2005-11-18,13.03,13.08,12.92,13.007
MIDD,2005-11-21,13.043,13.14,12.993,13.11
MIDD,2005-11-22,13.163,13.163,12.993,13.09
MIDD,2005-11-23,13.03,13.127,13.027,13.073
MIDD,2005-11-25,13.127,13.127,13.03,13.08
MIDD,2005-11-28,13.007,13.103,13.007,13.06
MIDD,2005-11-29,13.1,13.1,13.003,13.05
MIDD,2005-11-30,13.11,13.11,12.983,13.067
MIDD,2005-12-01,13.077,13.36,13.05,13.317
MIDD,2005-12-02,13.333,13.343,13.217,13.34
MIDD,2005-12-05,13.333,13.477,13.317,13.423
MIDD,2005-12-06,13.473,13.567,13.433,13.463
MIDD,2005-12-07,13.5,13.6,13.423,13.473
MIDD,2005-12-08,13.437,13.617,13.433,13.553
MIDD,2005-12-09,13.64,14.05,13.56,13.973
MIDD,2005-12-12,14.023,14.09,13.837,13.873
MIDD,2005-12-13,13.86,14.007,13.86,14.003
MIDD,2005-12-14,14.02,14.297,14.02,14.293
MIDD,2005-12-15,14.343,14.343,14.15,14.227
MIDD,2005-12-16,14.3,14.397,14.133,14.177
MIDD,2005-12-19,14.257,14.303,13.847,13.907
MIDD,2005-12-20,13.853,13.95,13.843,13.95
MIDD,2005-12-21,13.91,14.427,13.91,14.427
MIDD,2005-12-22,14.473,14.583,14.377,14.537
MIDD,2005-12-23,14.583,14.683,14.47,14.61
MIDD,2005-12-27,14.687,14.687,14.34,14.48
MIDD,2005-12-28,14.557,14.583,14.343,14.427
MIDD,2005-12-29,14.417,14.433,14.297,14.397
MIDD,2005-12-30,14.467,14.467,14.273,14.417
MIDD,2006-01-03,14.57,14.72,14.337,14.69
MIDD,2006-01-04,14.667,15.307,14.64,14.997
MIDD,2006-01-05,15.0,15.14,14.803,14.91
MIDD,2006-01-06,14.993,15.233,14.91,15.193
MIDD,2006-01-09,15.31,15.45,15.257,15.293
MIDD,2006-01-10,15.17,15.53,15.17,15.493
MIDD,2006-01-11,15.613,15.65,15.167,15.333
MIDD,2006-01-12,15.423,15.433,15.077,15.157
MIDD,2006-01-13,15.407,15.407,15.083,15.16
MIDD,2006-01-17,14.713,14.83,13.637,13.683
MIDD,2006-01-18,13.68,14.103,13.67,14.04
MIDD,2006-01-19,14.257,14.747,14.17,14.683
MIDD,2006-01-20,14.767,15.25,14.667,15.003
MIDD,2006-01-23,15.263,15.46,15.103,15.4
MIDD,2006-01-24,15.233,15.75,15.233,15.4
MIDD,2006-01-25,15.4,15.507,15.27,15.483
MIDD,2006-01-26,15.583,15.583,15.383,15.493
MIDD,2006-01-27,15.583,15.793,15.367,15.707
MIDD,2006-01-30,15.75,15.813,15.677,15.747
MIDD,2006-01-31,15.75,15.873,15.733,15.75
MIDD,2006-02-01,15.733,15.993,15.733,15.793
MIDD,2006-02-02,15.793,15.947,15.677,15.74
MIDD,2006-02-03,15.647,15.737,15.36,15.617
MIDD,2006-02-06,15.673,15.757,15.55,15.603
MIDD,2006-02-07,15.537,15.777,15.47,15.47
MIDD,2006-02-08,15.507,15.507,14.587,15.27
MIDD,2006-02-09,15.24,15.533,15.197,15.363
MIDD,2006-02-10,15.25,15.46,15.223,15.373
MIDD,2006-02-13,15.277,15.34,15.14,15.173
MIDD,2006-02-14,15.173,15.93,14.893,15.783
MIDD,2006-02-15,15.8,15.85,15.59,15.687
MIDD,2006-02-16,15.687,15.873,15.603,15.687
MIDD,2006-02-17,15.81,15.86,15.563,15.817
MIDD,2006-02-21,15.913,15.913,15.667,15.83
MIDD,2006-02-22,15.907,15.907,15.667,15.753
MIDD,2006-02-23,15.75,15.833,15.667,15.72
MIDD,2006-02-24,15.723,15.84,15.627,15.833
MIDD,2006-02-27,15.833,16.05,15.767,15.923
MIDD,2006-02-28,16.0,16.0,15.763,15.783
MIDD,2006-03-01,15.913,16.393,15.767,16.283
MIDD,2006-03-02,16.363,16.363,16.11,16.3
MIDD,2006-03-03,15.95,16.283,15.923,15.957
MIDD,2006-03-06,15.937,16.017,15.673,15.793
MIDD,2006-03-07,15.847,16.167,15.75,15.867
MIDD,2006-03-08,16.1,16.1,15.527,15.64
MIDD,2006-03-09,15.627,15.627,13.92,14.253
MIDD,2006-03-10,14.363,14.363,13.8,13.837
MIDD,2006-03-13,14.0,14.283,13.96,13.98
MIDD,2006-03-14,14.163,14.247,14.0,14.143
MIDD,2006-03-15,14.28,14.813,14.2,14.697
MIDD,2006-03-16,14.71,14.887,14.517,14.587
MIDD,2006-03-17,14.65,14.697,14.25,14.303
MIDD,2006-03-20,14.333,14.427,14.167,14.4
MIDD,2006-03-21,14.517,14.66,14.373,14.46
MIDD,2006-03-22,14.473,14.553,14.04,14.09
MIDD,2006-03-23,14.09,14.233,13.85,14.14
MIDD,2006-03-24,14.21,14.323,14.107,14.183
MIDD,2006-03-27,14.09,14.15,13.6,13.667
MIDD,2006-03-28,13.667,13.71,13.183,13.5
MIDD,2006-03-29,13.593,13.833,13.343,13.67
MIDD,2006-03-30,13.66,14.173,13.66,14.087
MIDD,2006-03-31,13.943,14.067,13.733,13.953
MIDD,2006-04-03,13.96,14.293,13.783,13.873
MIDD,2006-04-04,13.883,13.997,13.763,13.91
MIDD,2006-04-05,13.983,14.043,13.837,13.947
MIDD,2006-04-06,13.947,14.077,13.897,14.057
MIDD,2006-04-07,14.157,14.283,13.96,14.013
MIDD,2006-04-10,14.0,14.147,13.827,13.94
MIDD,2006-04-11,13.94,13.94,13.66,13.76
MIDD,2006-04-12,13.793,13.843,13.66,13.827
MIDD,2006-04-13,13.783,13.917,13.507,13.867
MIDD,2006-04-17,13.823,13.97,13.697,13.97
MIDD,2006-04-18,13.97,14.32,13.873,14.32
MIDD,2006-04-19,14.317,14.317,13.993,14.217
MIDD,2006-04-20,14.277,14.35,14.137,14.21
MIDD,2006-04-21,14.333,14.333,13.86,14.09
MIDD,2006-04-24,14.127,14.127,13.903,13.927
MIDD,2006-04-25,14.043,14.16,13.773,13.937
MIDD,2006-04-26,14.373,14.59,14.17,14.52
MIDD,2006-04-27,14.6,14.687,14.337,14.683
MIDD,2006-04-28,14.683,14.863,14.58,14.72
MIDD,2006-05-01,14.78,14.803,14.307,14.46
MIDD,2006-05-02,14.423,14.983,14.317,14.6
MIDD,2006-05-03,14.537,14.733,14.393,14.583
MIDD,2006-05-04,14.543,14.873,14.503,14.833
MIDD,2006-05-05,14.917,14.977,14.823,14.863
MIDD,2006-05-08,14.867,14.98,14.863,14.937
MIDD,2006-05-09,15.503,16.06,15.503,15.64
MIDD,2006-05-10,15.71,15.947,15.57,15.707
MIDD,2006-05-11,15.813,15.88,15.18,15.25
MIDD,2006-05-12,15.22,15.277,14.65,14.74
MIDD,2006-05-15,14.75,15.53,14.677,15.03
MIDD,2006-05-16,14.957,15.48,14.957,15.253
MIDD,2006-05-17,15.14,15.14,14.687,14.777
MIDD,2006-05-18,14.743,15.08,14.507,14.663
MIDD,2006-05-19,14.52,14.95,14.497,14.733
MIDD,2006-05-22,14.637,14.76,14.467,14.673
MIDD,2006-05-23,14.613,15.47,14.613,14.89
MIDD,2006-05-24,14.947,15.17,14.493,14.863
MIDD,2006-05-25,14.933,15.2,14.657,15.107
MIDD,2006-05-26,15.113,15.127,14.823,15.063
MIDD,2006-05-30,14.757,15.067,14.59,14.617
MIDD,2006-05-31,14.693,14.96,14.693,14.887
MIDD,2006-06-01,14.943,15.45,14.857,15.447
MIDD,2006-06-02,15.5,15.563,15.293,15.39
MIDD,2006-06-05,15.333,15.333,14.727,14.76
MIDD,2006-06-06,14.86,14.86,14.49,14.797
MIDD,2006-06-07,14.733,14.96,14.513,14.543
MIDD,2006-06-08,14.517,14.517,13.743,14.423
MIDD,2006-06-09,14.317,14.613,14.243,14.247
MIDD,2006-06-12,14.167,14.27,13.833,13.953
MIDD,2006-06-13,13.903,13.983,13.507,13.707
MIDD,2006-06-14,13.593,13.87,13.583,13.753
MIDD,2006-06-15,13.853,14.45,13.853,14.423
MIDD,2006-06-16,14.363,14.383,13.933,14.04
MIDD,2006-06-19,14.023,14.163,13.383,13.603
MIDD,2006-06-20,13.553,13.56,13.173,13.303
MIDD,2006-06-21,13.367,13.637,13.277,13.61
MIDD,2006-06-22,13.617,13.703,13.51,13.657
MIDD,2006-06-23,13.733,13.81,13.527,13.563
MIDD,2006-06-26,13.667,13.993,13.597,13.9
MIDD,2006-06-27,13.97,14.117,13.553,13.6
MIDD,2006-06-28,13.673,13.743,13.503,13.577
MIDD,2006-06-29,13.74,14.45,13.727,14.4
MIDD,2006-06-30,14.457,14.617,14.067,14.427
MIDD,2006-07-03,14.36,14.727,14.36,14.717
MIDD,2006-07-05,14.62,14.717,14.277,14.593
MIDD,2006-07-06,14.593,14.807,14.24,14.337
MIDD,2006-07-07,14.373,14.453,14.123,14.243
MIDD,2006-07-10,14.423,14.423,14.167,14.17
MIDD,2006-07-11,14.073,14.073,13.867,14.043
MIDD,2006-07-12,14.037,14.037,13.563,13.633
MIDD,2006-07-13,13.567,13.793,13.417,13.443
MIDD,2006-07-14,13.503,13.503,12.673,12.907
MIDD,2006-07-17,12.873,13.153,12.873,12.96
MIDD,2006-07-18,13.023,13.16,12.603,12.87
MIDD,2006-07-19,12.84,13.21,12.84,13.183
MIDD,2006-07-20,13.27,13.32,12.783,12.82
MIDD,2006-07-21,12.77,12.79,12.3,12.443
MIDD,2006-07-24,12.54,12.873,12.267,12.873
MIDD,2006-07-25,12.913,13.193,12.767,12.973
MIDD,2006-07-26,12.973,12.973,12.497,12.583
MIDD,2006-07-27,12.703,13.023,12.593,12.623
MIDD,2006-07-28,12.667,13.167,12.667,13.04
MIDD,2006-07-31,13.147,13.147,12.857,13.037
MIDD,2006-08-01,12.89,13.073,12.673,12.767
MIDD,2006-08-02,12.887,12.91,12.337,12.433
MIDD,2006-08-03,12.347,13.08,12.197,12.84
MIDD,2006-08-04,13.03,13.333,12.433,12.947
MIDD,2006-08-07,12.803,12.837,12.387,12.537
MIDD,2006-08-08,12.57,12.57,12.2,12.303
MIDD,2006-08-09,12.457,12.477,12.22,12.267
MIDD,2006-08-10,12.197,12.563,12.123,12.493
MIDD,2006-08-11,12.447,12.81,12.447,12.683
MIDD,2006-08-14,12.757,13.147,12.757,13.05
MIDD,2006-08-15,13.217,13.817,13.143,13.78
MIDD,2006-08-16,13.75,13.82,13.507,13.683
MIDD,2006-08-17,13.59,13.753,13.407,13.567
MIDD,2006-08-18,13.62,13.62,13.25,13.403
MIDD,2006-08-21,13.303,13.347,13.13,13.13
MIDD,2006-08-22,13.087,13.35,13.0,13.207
MIDD,2006-08-23,13.183,13.343,12.86,12.947
MIDD,2006-08-24,12.963,13.007,12.84,12.953
MIDD,2006-08-25,12.973,13.177,12.733,12.843
MIDD,2006-08-28,12.9,13.043,12.707,12.97
MIDD,2006-08-29,13.057,13.24,12.877,13.24
MIDD,2006-08-30,13.25,13.353,13.15,13.16
MIDD,2006-08-31,13.253,13.373,13.09,13.09
MIDD,2006-09-01,13.16,13.233,13.017,13.123
MIDD,2006-09-05,13.123,13.267,12.933,13.22
MIDD,2006-09-06,13.093,13.177,12.783,12.84
MIDD,2006-09-07,12.817,12.9,12.657,12.85
MIDD,2006-09-08,12.937,12.937,12.743,12.807
MIDD,2006-09-11,12.69,12.737,12.623,12.64
MIDD,2006-09-12,12.687,12.723,12.6,12.667
MIDD,2006-09-13,12.723,12.773,12.667,12.77
MIDD,2006-09-14,12.667,12.84,12.6,12.77
MIDD,2006-09-15,12.833,12.837,12.71,12.75
MIDD,2006-09-18,12.833,13.073,12.8,12.983
MIDD,2006-09-19,12.923,13.037,12.54,12.827
MIDD,2006-09-20,12.97,12.993,12.72,12.72
MIDD,2006-09-21,12.703,12.827,12.52,12.563
MIDD,2006-09-22,12.557,12.557,12.3,12.457
MIDD,2006-09-25,12.453,12.5,12.34,12.417
MIDD,2006-09-26,12.46,12.633,12.35,12.617
MIDD,2006-09-27,12.507,12.867,12.503,12.867
MIDD,2006-09-28,12.917,13.083,12.663,12.767
MIDD,2006-09-29,12.763,12.943,12.677,12.843
MIDD,2006-10-02,12.867,12.867,12.513,12.527
MIDD,2006-10-03,12.5,12.743,12.397,12.66
MIDD,2006-10-04,12.59,12.913,12.59,12.873
MIDD,2006-10-05,12.873,13.5,12.873,13.397
MIDD,2006-10-06,13.267,13.66,13.267,13.583
MIDD,2006-10-09,13.593,13.733,13.567,13.643
MIDD,2006-10-10,13.68,13.93,13.447,13.823
MIDD,2006-10-11,13.787,14.007,13.717,13.943
MIDD,2006-10-12,14.0,14.227,13.867,14.227
MIDD,2006-10-13,14.25,14.35,14.127,14.327
MIDD,2006-10-16,14.26,14.967,14.17,14.877
MIDD,2006-10-17,14.707,14.797,14.57,14.683
MIDD,2006-10-18,14.697,15.25,14.673,14.877
MIDD,2006-10-19,14.87,14.9,14.64,14.72
MIDD,2006-10-20,14.793,14.793,14.383,14.67
MIDD,2006-10-23,14.663,14.873,14.543,14.817
MIDD,2006-10-24,14.83,14.83,14.353,14.447
MIDD,2006-10-25,14.267,14.503,14.18,14.503
MIDD,2006-10-26,14.54,14.657,14.347,14.627
MIDD,2006-10-27,14.533,14.64,14.4,14.447
MIDD,2006-10-30,14.383,14.793,14.293,14.793
MIDD,2006-10-31,14.793,15.03,14.653,15.017
MIDD,2006-11-01,15.017,15.017,14.367,14.367
MIDD,2006-11-02,14.36,14.503,14.12,14.363
MIDD,2006-11-03,14.363,14.843,14.363,14.84
MIDD,2006-11-06,14.85,14.967,14.687,14.877
MIDD,2006-11-07,15.517,16.483,15.517,16.207
MIDD,2006-11-08,15.937,17.117,15.9,17.1
MIDD,2006-11-09,16.9,17.95,16.827,17.327
MIDD,2006-11-10,17.35,17.66,17.33,17.417
MIDD,2006-11-13,17.4,17.507,17.157,17.397
MIDD,2006-11-14,17.483,17.5,17.187,17.46
MIDD,2006-11-15,17.44,17.55,17.207,17.5
MIDD,2006-11-16,17.533,17.547,17.333,17.5
MIDD,2006-11-17,17.483,17.5,17.333,17.433
MIDD,2006-11-20,17.39,17.493,17.27,17.437
MIDD,2006-11-21,17.367,17.373,17.0,17.117
MIDD,2006-11-22,17.247,17.247,16.917,17.043
MIDD,2006-11-24,16.97,17.083,16.953,17.047
MIDD,2006-11-27,16.987,16.99,16.633,16.67
MIDD,2006-11-28,16.59,16.743,16.577,16.637
MIDD,2006-11-29,16.767,17.123,16.767,16.96
MIDD,2006-11-30,16.97,16.98,16.7,16.917
MIDD,2006-12-01,16.833,16.997,16.48,16.783
MIDD,2006-12-04,16.683,17.163,16.677,17.083
MIDD,2006-12-05,17.167,17.237,16.823,16.887
MIDD,2006-12-06,16.78,17.157,16.78,17.05
MIDD,2006-12-07,17.133,17.167,16.983,17.06
MIDD,2006-12-08,16.957,17.133,16.92,17.083
MIDD,2006-12-11,17.137,17.16,16.933,17.16
MIDD,2006-12-12,17.167,17.233,16.943,17.153
MIDD,2006-12-13,17.21,17.54,17.147,17.337
MIDD,2006-12-14,17.333,17.417,17.033,17.183
MIDD,2006-12-15,17.207,17.417,17.207,17.333
MIDD,2006-12-18,17.333,17.473,17.257,17.307
MIDD,2006-12-19,17.307,17.433,17.103,17.353
MIDD,2006-12-20,17.4,17.407,17.233,17.377
MIDD,2006-12-21,17.493,17.583,17.33,17.4
MIDD,2006-12-22,17.387,17.507,17.257,17.343
MIDD,2006-12-26,17.33,17.503,17.207,17.47
MIDD,2006-12-27,17.47,17.61,17.38,17.567
MIDD,2006-12-28,17.447,17.673,17.403,17.503
MIDD,2006-12-29,17.46,17.55,17.387,17.447
MIDD,2007-01-03,17.5,17.9,17.483,17.747
MIDD,2007-01-04,17.75,18.163,17.673,17.973
MIDD,2007-01-05,17.99,18.03,17.66,17.783
MIDD,2007-01-08,17.757,17.887,17.48,17.627
MIDD,2007-01-09,17.61,17.807,17.61,17.807
MIDD,2007-01-10,17.697,18.253,17.697,18.21
MIDD,2007-01-11,18.28,18.373,18.17,18.183
MIDD,2007-01-12,18.3,19.113,18.27,19.087
MIDD,2007-01-16,19.24,19.387,18.67,18.803
MIDD,2007-01-17,18.75,19.083,18.657,18.7
MIDD,2007-01-18,18.61,18.74,18.36,18.457
MIDD,2007-01-19,18.387,19.363,18.373,19.257
MIDD,2007-01-22,19.163,19.33,18.46,18.47
MIDD,2007-01-23,18.5,18.983,18.5,18.897
MIDD,2007-01-24,18.963,19.01,18.723,18.937
MIDD,2007-01-25,18.913,18.913,18.447,18.47
MIDD,2007-01-26,18.503,18.61,17.883,18.35
MIDD,2007-01-29,18.41,18.53,18.177,18.387
MIDD,2007-01-30,18.383,18.383,18.027,18.26
MIDD,2007-01-31,18.177,18.917,18.097,18.63
MIDD,2007-02-01,18.617,19.14,18.617,19.14
MIDD,2007-02-02,19.16,19.16,18.733,18.92
MIDD,2007-02-05,18.993,19.077,18.703,18.873
MIDD,2007-02-06,18.98,19.633,18.877,19.633
MIDD,2007-02-07,19.62,19.62,19.12,19.28
MIDD,2007-02-08,19.177,19.293,19.067,19.173
MIDD,2007-02-09,19.157,19.303,19.053,19.113
MIDD,2007-02-12,19.18,19.183,18.8,18.83
MIDD,2007-02-13,18.93,19.08,18.85,18.95
MIDD,2007-02-14,18.927,19.167,18.873,19.103
MIDD,2007-02-15,19.157,19.167,19.02,19.117
MIDD,2007-02-16,19.117,19.167,18.847,19.113
MIDD,2007-02-20,19.017,19.167,18.673,19.147
MIDD,2007-02-21,19.05,19.267,18.977,19.197
MIDD,2007-02-22,19.11,19.243,18.91,19.24
MIDD,2007-02-23,19.267,19.843,19.253,19.627
MIDD,2007-02-26,19.653,19.843,19.47,19.473
MIDD,2007-02-27,19.327,19.333,17.63,17.803
MIDD,2007-02-28,18.1,18.483,17.537,18.38
MIDD,2007-03-01,17.65,18.7,17.623,18.293
MIDD,2007-03-02,18.15,18.45,17.623,17.703
MIDD,2007-03-05,17.583,17.76,16.46,16.98
MIDD,2007-03-06,17.183,17.747,17.183,17.567
MIDD,2007-03-07,17.567,17.97,17.567,17.75
MIDD,2007-03-08,18.02,18.56,17.79,18.547
MIDD,2007-03-09,20.0,20.96,20.0,20.66
MIDD,2007-03-12,21.003,21.15,20.577,20.863
MIDD,2007-03-13,20.673,20.857,20.257,20.283
MIDD,2007-03-14,20.083,20.61,19.933,20.483
MIDD,2007-03-15,20.633,20.693,20.247,20.667
MIDD,2007-03-16,20.663,20.663,20.37,20.567
MIDD,2007-03-19,20.76,21.427,20.657,21.25
MIDD,2007-03-20,21.277,21.63,21.103,21.25
MIDD,2007-03-21,21.373,21.86,21.173,21.86
MIDD,2007-03-22,21.863,21.983,21.49,21.84
MIDD,2007-03-23,21.76,22.037,21.46,21.58
MIDD,2007-03-26,21.7,21.81,21.437,21.65
MIDD,2007-03-27,21.537,21.63,21.133,21.383
MIDD,2007-03-28,21.197,21.533,21.007,21.087
MIDD,2007-03-29,21.297,22.37,21.167,22.193
MIDD,2007-03-30,21.757,22.203,21.75,21.973
MIDD,2007-04-02,22.12,23.473,22.093,22.843
MIDD,2007-04-03,23.057,23.063,22.153,22.597
MIDD,2007-04-04,22.637,22.753,22.28,22.34
MIDD,2007-04-05,22.463,22.583,22.213,22.417
MIDD,2007-04-09,22.557,22.557,22.25,22.483
MIDD,2007-04-10,22.573,22.76,22.373,22.53
MIDD,2007-04-11,22.657,22.707,22.357,22.633
MIDD,2007-04-12,22.683,22.683,22.37,22.637
MIDD,2007-04-13,22.66,22.667,22.49,22.6
MIDD,2007-04-16,22.75,23.5,22.677,23.437
MIDD,2007-04-17,23.297,23.327,22.927,23.25
MIDD,2007-04-18,23.117,23.15,22.803,22.91
MIDD,2007-04-19,22.823,22.88,22.583,22.77
MIDD,2007-04-20,23.14,23.867,22.767,23.5
MIDD,2007-04-23,23.83,23.95,23.58,23.713
MIDD,2007-04-24,23.853,23.853,23.463,23.527
MIDD,2007-04-25,23.577,23.757,23.39,23.443
MIDD,2007-04-26,23.527,23.627,23.333,23.563
MIDD,2007-04-27,23.543,23.543,23.25,23.333
MIDD,2007-04-30,23.317,23.493,22.873,22.88
MIDD,2007-05-01,22.853,22.88,22.337,22.693
MIDD,2007-05-02,22.583,23.343,22.583,23.317
MIDD,2007-05-03,23.343,24.0,23.213,23.787
MIDD,2007-05-04,24.0,24.437,22.783,23.147
MIDD,2007-05-07,23.027,23.13,22.333,22.7
MIDD,2007-05-08,22.717,22.717,21.41,21.577
MIDD,2007-05-09,21.517,22.213,21.397,22.147
MIDD,2007-05-10,22.233,22.237,21.473,21.493
MIDD,2007-05-11,21.613,22.053,20.873,21.817
MIDD,2007-05-14,21.48,21.543,20.7,20.983
MIDD,2007-05-15,21.03,21.03,20.34,20.427
MIDD,2007-05-16,20.45,20.7,20.17,20.553
MIDD,2007-05-17,20.553,21.23,20.35,20.817
MIDD,2007-05-18,20.79,20.913,20.45,20.553
MIDD,2007-05-21,20.473,21.33,20.473,21.29
MIDD,2007-05-22,21.233,21.73,21.207,21.627
MIDD,2007-05-23,21.583,21.63,20.363,20.453
MIDD,2007-05-24,20.513,20.733,20.083,20.147
MIDD,2007-05-25,20.183,20.627,20.15,20.363
MIDD,2007-05-29,20.48,20.57,20.127,20.267
MIDD,2007-05-30,20.127,20.667,20.053,20.64
MIDD,2007-05-31,20.743,21.003,20.613,20.673
MIDD,2007-06-01,20.753,21.063,20.507,20.887
MIDD,2007-06-04,20.83,20.987,20.807,20.9
MIDD,2007-06-05,20.84,20.84,20.35,20.49
MIDD,2007-06-06,20.373,20.627,20.25,20.563
MIDD,2007-06-07,20.503,20.72,20.02,20.293
MIDD,2007-06-08,20.307,20.53,20.007,20.487
MIDD,2007-06-11,20.343,20.617,20.133,20.447
MIDD,2007-06-12,20.323,20.447,19.923,20.1
MIDD,2007-06-13,20.15,20.2,19.863,20.16
MIDD,2007-06-14,20.03,20.167,19.983,20.04
MIDD,2007-06-15,20.25,20.967,20.243,20.863
MIDD,2007-06-18,20.677,20.987,20.283,20.363
MIDD,2007-06-19,20.393,21.083,20.267,21.067
MIDD,2007-06-20,21.417,21.483,20.4,20.4
MIDD,2007-06-21,20.347,20.653,20.17,20.48
MIDD,2007-06-22,20.69,20.69,20.17,20.29
MIDD,2007-06-25,20.297,20.297,19.613,19.77
MIDD,2007-06-26,19.853,20.037,19.1,19.133
MIDD,2007-06-27,19.01,19.817,19.007,19.763
MIDD,2007-06-28,19.867,20.167,19.5,20.09
MIDD,2007-06-29,20.25,20.427,19.94,19.94
MIDD,2007-07-02,20.31,20.557,19.96,20.393
MIDD,2007-07-03,20.45,20.45,20.187,20.357
MIDD,2007-07-05,20.777,20.777,20.173,20.467
MIDD,2007-07-06,20.537,20.78,20.443,20.537
MIDD,2007-07-09,20.803,20.977,20.637,20.977
MIDD,2007-07-10,21.01,21.123,20.333,20.423
MIDD,2007-07-11,20.493,20.61,20.35,20.407
MIDD,2007-07-12,20.567,21.05,20.467,21.033
MIDD,2007-07-13,21.177,21.297,20.713,20.78
MIDD,2007-07-16,20.84,21.08,20.817,20.93
MIDD,2007-07-17,21.06,21.15,20.883,21.083
MIDD,2007-07-18,21.0,21.327,20.817,21.113
MIDD,2007-07-19,21.3,21.567,20.93,21.157
MIDD,2007-07-20,21.11,21.203,20.663,20.767
MIDD,2007-07-23,20.89,21.103,20.733,20.827
MIDD,2007-07-24,20.667,20.903,20.473,20.627
MIDD,2007-07-25,20.953,20.953,19.75,20.203
MIDD,2007-07-26,20.0,20.137,19.453,19.853
MIDD,2007-07-27,20.047,20.047,19.517,19.563
MIDD,2007-07-30,19.667,20.56,19.333,20.363
MIDD,2007-07-31,20.627,21.417,20.367,20.67
MIDD,2007-08-01,20.61,20.92,19.937,20.59
MIDD,2007-08-02,21.997,22.0,21.217,21.89
MIDD,2007-08-03,21.707,21.97,20.69,20.847
MIDD,2007-08-06,21.353,22.543,20.853,21.88
MIDD,2007-08-07,22.073,23.14,21.817,22.437
MIDD,2007-08-08,22.503,24.777,22.503,23.73
MIDD,2007-08-09,23.023,26.237,21.8,24.997
MIDD,2007-08-10,23.333,24.667,23.177,23.813
MIDD,2007-08-13,24.333,24.803,23.52,23.663
MIDD,2007-08-14,23.67,23.77,22.22,22.243
MIDD,2007-08-15,22.203,22.807,21.967,21.98
MIDD,2007-08-16,21.847,23.44,21.077,23.217
MIDD,2007-08-17,24.167,24.493,23.12,24.12
MIDD,2007-08-20,24.417,24.497,23.68,24.017
MIDD,2007-08-21,24.017,24.29,23.727,23.833
MIDD,2007-08-22,24.113,24.393,23.853,24.23
MIDD,2007-08-23,24.15,24.6,23.683,23.94
MIDD,2007-08-24,24.0,24.34,23.897,24.28
MIDD,2007-08-27,24.3,24.3,23.833,23.93
MIDD,2007-08-28,23.743,23.797,23.0,23.003
MIDD,2007-08-29,23.227,24.28,22.867,24.28
MIDD,2007-08-30,23.963,24.667,23.833,24.28
MIDD,2007-08-31,24.667,24.853,24.36,24.513
MIDD,2007-09-04,24.31,24.503,23.64,23.933
MIDD,2007-09-05,23.733,24.087,23.453,23.457
MIDD,2007-09-06,23.503,23.523,23.22,23.497
MIDD,2007-09-07,23.167,23.173,22.36,22.687
MIDD,2007-09-10,22.77,22.983,21.907,22.32
MIDD,2007-09-11,22.517,22.987,22.003,22.92
MIDD,2007-09-12,22.983,23.147,22.237,22.377
MIDD,2007-09-13,22.633,22.81,21.917,22.213
MIDD,2007-09-14,22.127,22.15,21.807,21.927
MIDD,2007-09-17,21.863,21.863,21.177,21.413
MIDD,2007-09-18,21.573,22.593,21.077,22.567
MIDD,2007-09-19,22.617,22.66,21.757,22.287
MIDD,2007-09-20,22.157,22.21,21.46,21.883
MIDD,2007-09-21,22.103,22.143,21.533,21.6
MIDD,2007-09-24,21.54,22.297,21.533,21.637
MIDD,2007-09-25,21.5,21.707,21.083,21.34
MIDD,2007-09-26,21.527,22.137,21.407,21.927
MIDD,2007-09-27,22.083,22.103,21.73,21.863
MIDD,2007-09-28,21.76,21.953,21.333,21.513
MIDD,2007-10-01,21.503,22.137,21.503,22.087
MIDD,2007-10-02,22.157,22.43,21.8,22.02
MIDD,2007-10-03,21.997,22.427,21.897,22.333
MIDD,2007-10-04,22.503,22.583,21.967,22.2
MIDD,2007-10-05,22.443,22.563,22.177,22.5
MIDD,2007-10-08,22.5,22.503,22.107,22.357
MIDD,2007-10-09,22.463,22.5,22.12,22.223
MIDD,2007-10-10,22.133,22.16,21.607,21.993
MIDD,2007-10-11,22.15,22.15,21.337,21.563
MIDD,2007-10-12,21.567,21.727,20.967,21.517
MIDD,2007-10-15,21.4,21.98,21.35,21.937
MIDD,2007-10-16,21.92,22.15,21.767,22.013
MIDD,2007-10-17,22.237,22.637,22.11,22.347
MIDD,2007-10-18,22.167,22.377,22.073,22.353
MIDD,2007-10-19,22.313,22.5,21.437,21.497
MIDD,2007-10-22,21.497,21.9,21.167,21.83
MIDD,2007-10-23,20.89,22.023,20.89,21.753
MIDD,2007-10-24,21.507,21.817,21.423,21.77
MIDD,2007-10-25,21.803,21.823,21.183,21.603
MIDD,2007-10-26,21.767,21.767,21.207,21.68
MIDD,2007-10-29,21.78,21.847,21.617,21.827
MIDD,2007-10-30,21.687,21.913,21.667,21.777
MIDD,2007-10-31,21.76,21.777,21.423,21.723
MIDD,2007-11-01,21.34,21.373,20.447,20.55
MIDD,2007-11-02,20.943,20.97,20.26,20.63
MIDD,2007-11-05,20.583,21.0,20.143,20.557
MIDD,2007-11-06,20.583,20.767,19.767,20.46
MIDD,2007-11-07,20.46,20.5,19.753,19.803
MIDD,2007-11-08,19.353,20.15,19.333,19.897
MIDD,2007-11-09,21.233,23.717,21.0,22.583
MIDD,2007-11-12,22.65,23.113,22.303,22.95
MIDD,2007-11-13,23.333,24.373,23.153,24.23
MIDD,2007-11-14,24.333,24.487,23.973,24.217
MIDD,2007-11-15,24.193,24.607,24.167,24.487
MIDD,2007-11-16,24.583,24.583,23.657,24.173
MIDD,2007-11-19,23.83,24.873,23.607,24.683
MIDD,2007-11-20,24.647,25.977,24.647,25.163
MIDD,2007-11-21,25.067,25.64,24.51,25.17
MIDD,2007-11-23,25.17,25.633,24.94,25.013
MIDD,2007-11-26,25.303,25.667,24.657,25.287
MIDD,2007-11-27,25.387,25.667,25.0,25.263
MIDD,2007-11-28,25.6,26.14,25.147,25.733
MIDD,2007-11-29,25.723,25.92,25.43,25.643
MIDD,2007-11-30,25.933,25.933,25.21,25.297
MIDD,2007-12-03,25.233,25.233,24.393,24.537
MIDD,2007-12-04,24.5,24.5,24.05,24.063
MIDD,2007-12-05,24.48,24.48,23.853,24.027
MIDD,2007-12-06,24.063,24.073,23.743,24.04
MIDD,2007-12-07,24.157,24.283,23.82,24.043
MIDD,2007-12-10,24.213,24.213,23.793,23.973
MIDD,2007-12-11,24.067,24.483,23.417,23.6
MIDD,2007-12-12,24.153,24.153,23.4,23.683
MIDD,2007-12-13,23.583,23.85,23.333,23.793
MIDD,2007-12-14,23.51,23.853,23.417,23.617
MIDD,2007-12-17,23.423,23.66,23.11,23.11
MIDD,2007-12-18,23.423,23.943,22.933,23.943
MIDD,2007-12-19,23.913,24.117,23.397,23.767
MIDD,2007-12-20,24.037,24.543,23.723,24.543
MIDD,2007-12-21,24.697,25.327,24.697,25.193
MIDD,2007-12-24,25.243,25.307,24.703,25.25
MIDD,2007-12-26,24.98,25.94,24.98,25.687
MIDD,2007-12-27,25.53,25.61,25.0,25.017
MIDD,2007-12-28,25.157,25.633,25.043,25.563
MIDD,2007-12-31,25.533,25.88,25.36,25.54
MIDD,2008-01-02,25.603,26.313,25.117,25.303
MIDD,2008-01-03,25.407,26.07,25.19,25.32
MIDD,2008-01-04,25.13,25.2,23.337,23.423
MIDD,2008-01-07,23.583,23.657,22.837,23.167
MIDD,2008-01-08,23.323,23.473,22.69,22.737
MIDD,2008-01-09,22.697,22.883,21.833,22.597
MIDD,2008-01-10,22.5,23.233,22.067,22.84
MIDD,2008-01-11,22.617,22.883,21.31,21.43
MIDD,2008-01-14,21.313,21.57,20.93,21.167
MIDD,2008-01-15,20.913,21.143,20.667,20.84
MIDD,2008-01-16,20.7,20.817,19.42,20.16
MIDD,2008-01-17,20.05,20.417,19.53,19.56
MIDD,2008-01-18,19.593,20.08,18.833,18.9
MIDD,2008-01-22,18.583,18.807,17.407,18.277
MIDD,2008-01-23,17.99,18.543,17.333,18.117
MIDD,2008-01-24,18.127,19.51,17.99,18.117
MIDD,2008-01-25,18.033,18.943,17.77,17.967
MIDD,2008-01-28,17.867,17.993,17.56,17.92
MIDD,2008-01-29,18.103,18.607,18.067,18.537
MIDD,2008-01-30,18.477,19.667,18.307,19.027
MIDD,2008-01-31,18.967,20.157,18.94,19.87
MIDD,2008-02-01,20.043,21.567,19.87,21.437
MIDD,2008-02-04,21.42,21.847,21.037,21.637
MIDD,2008-02-05,21.623,21.703,20.2,20.2
MIDD,2008-02-06,20.033,20.19,19.363,19.41
MIDD,2008-02-07,19.34,19.907,19.0,19.533
MIDD,2008-02-08,19.527,19.727,19.073,19.24
MIDD,2008-02-11,19.333,19.523,19.15,19.32
MIDD,2008-02-12,19.46,19.583,19.337,19.4
MIDD,2008-02-13,19.63,20.19,19.63,20.0
MIDD,2008-02-14,20.127,20.177,19.547,19.627
MIDD,2008-02-15,19.48,19.613,19.167,19.41
MIDD,2008-02-19,19.667,20.0,19.35,19.61
MIDD,2008-02-20,19.513,20.233,19.41,20.17
MIDD,2008-02-21,20.353,20.71,19.817,19.897
MIDD,2008-02-22,19.967,19.997,19.373,19.9
MIDD,2008-02-25,19.943,20.297,19.73,20.033
MIDD,2008-02-26,19.86,20.75,19.64,20.693
MIDD,2008-02-27,20.713,21.4,20.5,21.333
MIDD,2008-02-28,23.333,23.723,22.167,22.5
MIDD,2008-02-29,22.273,23.16,22.227,22.667
MIDD,2008-03-03,22.593,23.243,22.31,22.597
MIDD,2008-03-04,22.233,22.443,21.977,22.133
MIDD,2008-03-05,22.143,22.227,21.51,21.623
MIDD,2008-03-06,21.497,21.57,20.783,20.87
MIDD,2008-03-07,20.673,21.01,20.36,20.53
MIDD,2008-03-10,20.53,20.533,19.873,19.92
MIDD,2008-03-11,20.417,20.543,19.757,20.48
MIDD,2008-03-12,20.593,20.827,20.203,20.217
MIDD,2008-03-13,20.0,20.47,19.863,20.387
MIDD,2008-03-14,20.523,20.523,19.693,19.94
MIDD,2008-03-17,19.61,19.85,19.303,19.303
MIDD,2008-03-18,19.78,20.197,19.587,19.973
MIDD,2008-03-19,19.997,20.83,19.997,20.217
MIDD,2008-03-20,20.423,20.763,20.257,20.403
MIDD,2008-03-24,20.567,21.327,20.183,21.06
MIDD,2008-03-25,21.253,21.333,20.767,20.967
MIDD,2008-03-26,20.807,21.6,20.54,21.593
MIDD,2008-03-27,21.34,21.603,21.33,21.4
MIDD,2008-03-28,21.593,21.593,20.453,20.837
MIDD,2008-03-31,21.15,21.25,20.713,20.797
MIDD,2008-04-01,21.25,21.583,20.717,21.42
MIDD,2008-04-02,21.25,21.91,21.087,21.81
MIDD,2008-04-03,21.517,22.327,21.517,22.217
MIDD,2008-04-04,22.66,22.8,22.05,22.41
MIDD,2008-04-07,22.477,22.657,22.04,22.18
MIDD,2008-04-08,21.957,22.427,21.5,22.243
MIDD,2008-04-09,22.217,22.54,22.07,22.277
MIDD,2008-04-10,22.24,22.33,21.847,21.903
MIDD,2008-04-11,21.62,21.897,20.777,20.83
MIDD,2008-04-14,20.867,21.023,20.623,20.653
MIDD,2008-04-15,20.687,20.96,20.527,20.633
MIDD,2008-04-16,20.747,20.747,20.19,20.483
MIDD,2008-04-17,20.033,20.883,20.027,20.837
MIDD,2008-04-18,21.247,21.56,20.817,20.933
MIDD,2008-04-21,20.803,21.547,20.737,21.48
MIDD,2008-04-22,21.277,21.353,20.673,21.05
MIDD,2008-04-23,21.137,21.52,20.917,21.343
MIDD,2008-04-24,21.333,21.53,20.847,21.227
MIDD,2008-04-25,21.277,21.553,21.173,21.29
MIDD,2008-04-28,21.22,21.367,20.0,20.997
MIDD,2008-04-29,21.06,21.433,20.917,21.043
MIDD,2008-04-30,21.067,21.467,20.853,20.917
MIDD,2008-05-01,20.737,21.24,20.417,21.233
MIDD,2008-05-02,21.287,21.42,20.423,20.56
MIDD,2008-05-05,20.897,21.097,20.677,21.003
MIDD,2008-05-06,20.867,21.29,20.683,21.073
MIDD,2008-05-07,21.173,21.173,20.607,20.867
MIDD,2008-05-08,19.55,20.167,17.373,18.07
MIDD,2008-05-09,18.973,18.983,17.357,18.553
MIDD,2008-05-12,18.613,18.833,18.25,18.79
MIDD,2008-05-13,18.83,19.267,18.64,19.117
MIDD,2008-05-14,18.98,19.263,18.91,19.013
MIDD,2008-05-15,18.973,19.25,18.723,18.97
MIDD,2008-05-16,19.067,19.067,18.673,18.893
MIDD,2008-05-19,18.917,19.033,18.547,18.627
MIDD,2008-05-20,18.937,19.267,18.757,19.137
MIDD,2008-05-21,19.263,19.517,18.627,18.717
MIDD,2008-05-22,19.103,19.32,18.783,18.993
MIDD,2008-05-23,18.96,19.05,18.687,18.847
MIDD,2008-05-27,19.063,19.27,18.92,19.1
MIDD,2008-05-28,19.213,19.283,19.013,19.273
MIDD,2008-05-29,19.19,19.57,19.0,19.123
MIDD,2008-05-30,19.11,19.2,18.783,19.03
MIDD,2008-06-02,19.047,19.06,18.483,18.583
MIDD,2008-06-03,18.697,18.873,18.333,18.333
MIDD,2008-06-04,18.25,18.48,18.043,18.157
MIDD,2008-06-05,18.17,18.35,17.803,17.957
MIDD,2008-06-06,17.783,17.843,16.91,16.96
MIDD,2008-06-09,17.143,17.46,16.167,16.48
MIDD,2008-06-10,16.293,16.59,15.85,16.147
MIDD,2008-06-11,16.06,16.73,15.883,15.903
MIDD,2008-06-12,15.943,16.41,15.91,15.95
MIDD,2008-06-13,16.18,16.337,15.833,16.083
MIDD,2008-06-16,16.113,16.247,15.723,16.0
MIDD,2008-06-17,16.007,16.14,15.75,15.837
MIDD,2008-06-18,15.833,15.833,14.967,15.017
MIDD,2008-06-19,15.0,15.75,14.9,15.683
MIDD,2008-06-20,15.597,15.68,15.253,15.54
MIDD,2008-06-23,15.55,15.55,15.133,15.23
MIDD,2008-06-24,15.037,15.357,14.837,14.983
MIDD,2008-06-25,15.053,15.437,15.053,15.337
MIDD,2008-06-26,15.3,15.32,14.89,15.033
MIDD,2008-06-27,15.037,15.087,14.833,14.84
MIDD,2008-06-30,14.707,14.927,14.397,14.637
MIDD,2008-07-01,14.353,14.823,13.937,14.677
MIDD,2008-07-02,14.687,14.763,14.127,14.177
MIDD,2008-07-03,14.173,14.267,13.87,14.043
MIDD,2008-07-07,14.227,14.333,13.607,13.81
MIDD,2008-07-08,13.887,13.96,13.447,13.883
MIDD,2008-07-09,13.887,13.91,13.297,13.3
MIDD,2008-07-10,13.333,13.877,13.187,13.743
MIDD,2008-07-11,13.597,13.947,13.337,13.927
MIDD,2008-07-14,14.027,14.167,13.453,13.563
MIDD,2008-07-15,13.437,13.48,12.977,13.35
MIDD,2008-07-16,13.433,14.147,13.223,14.143
MIDD,2008-07-17,13.993,14.713,13.697,14.62
MIDD,2008-07-18,14.62,15.14,14.5,14.973
MIDD,2008-07-21,15.173,15.22,14.837,15.063
MIDD,2008-07-22,14.957,15.893,14.787,15.853
MIDD,2008-07-23,15.967,17.403,15.86,16.663
MIDD,2008-07-24,16.667,16.667,15.87,15.96
MIDD,2008-07-25,16.273,16.563,15.813,16.183
MIDD,2008-07-28,16.347,16.633,15.937,15.947
MIDD,2008-07-29,15.937,16.24,15.923,16.147
MIDD,2008-07-30,16.243,16.457,15.96,16.08
MIDD,2008-07-31,15.92,16.103,15.597,15.6
MIDD,2008-08-01,15.69,15.96,15.327,15.403
MIDD,2008-08-04,15.43,15.697,15.113,15.283
MIDD,2008-08-05,15.657,16.067,15.343,16.063
MIDD,2008-08-06,15.997,16.91,15.997,16.7
MIDD,2008-08-07,16.583,16.977,16.307,16.693
MIDD,2008-08-08,19.32,19.417,18.083,18.233
MIDD,2008-08-11,18.74,19.603,18.423,19.2
MIDD,2008-08-12,18.573,18.657,17.553,17.69
MIDD,2008-08-13,17.88,18.203,17.447,17.803
MIDD,2008-08-14,17.77,18.58,17.747,18.33
MIDD,2008-08-15,18.79,19.307,18.537,18.81
MIDD,2008-08-18,18.883,19.05,18.347,18.607
MIDD,2008-08-19,18.397,18.997,18.083,18.173
MIDD,2008-08-20,18.243,18.54,17.767,17.877
MIDD,2008-08-21,17.75,17.867,17.5,17.807
MIDD,2008-08-22,17.917,18.347,17.773,18.25
MIDD,2008-08-25,18.26,18.32,17.417,17.573
MIDD,2008-08-26,17.597,17.66,16.997,17.51
MIDD,2008-08-27,17.47,18.117,17.417,17.927
MIDD,2008-08-28,17.81,18.27,17.81,18.127
MIDD,2008-08-29,18.12,18.12,17.667,17.787
MIDD,2008-09-02,18.09,18.263,17.743,17.957
MIDD,2008-09-03,17.96,18.41,17.96,18.22
MIDD,2008-09-04,18.097,18.33,17.74,17.893
MIDD,2008-09-05,17.727,17.953,17.263,17.583
MIDD,2008-09-08,18.087,18.233,17.303,17.74
MIDD,2008-09-09,17.813,18.063,17.177,17.537
MIDD,2008-09-10,17.63,18.147,17.407,17.98
MIDD,2008-09-11,17.78,18.503,16.863,18.503
MIDD,2008-09-12,18.3,18.75,18.18,18.63
MIDD,2008-09-15,17.87,18.68,17.72,18.293
MIDD,2008-09-16,18.453,19.807,18.19,19.66
MIDD,2008-09-17,19.353,19.75,19.173,19.563
MIDD,2008-09-18,19.95,20.923,19.357,20.5
MIDD,2008-09-19,21.73,21.997,21.0,21.32
MIDD,2008-09-22,20.99,21.397,20.603,21.2
MIDD,2008-09-23,20.353,20.693,19.333,19.333
MIDD,2008-09-24,19.333,19.99,19.223,19.597
MIDD,2008-09-25,19.693,20.13,19.563,19.63
MIDD,2008-09-26,19.957,19.957,18.403,18.663
MIDD,2008-09-29,18.477,19.0,17.633,17.84
MIDD,2008-09-30,18.32,18.33,17.91,18.103
MIDD,2008-10-01,17.973,18.17,17.8,17.883
MIDD,2008-10-02,17.827,17.98,17.263,17.357
MIDD,2008-10-03,17.58,17.8,15.197,15.563
MIDD,2008-10-06,15.05,15.09,14.167,14.99
MIDD,2008-10-07,14.6,14.8,14.29,14.59
MIDD,2008-10-08,14.16,15.397,13.94,14.477
MIDD,2008-10-09,14.337,14.903,13.887,13.887
MIDD,2008-10-10,13.43,15.0,12.907,14.7
MIDD,2008-10-13,15.023,16.083,15.023,16.073
MIDD,2008-10-14,16.667,17.173,14.037,14.723
MIDD,2008-10-15,14.5,14.503,12.137,13.25
MIDD,2008-10-16,13.417,13.737,11.667,12.62
MIDD,2008-10-17,12.233,13.127,12.04,12.94
MIDD,2008-10-20,13.053,13.583,13.047,13.56
MIDD,2008-10-21,13.347,13.493,12.66,12.663
MIDD,2008-10-22,12.347,12.437,11.027,11.387
MIDD,2008-10-23,11.447,12.12,11.0,11.37
MIDD,2008-10-24,10.327,11.04,10.167,10.807
MIDD,2008-10-27,10.903,11.18,10.41,10.467
MIDD,2008-10-28,10.663,11.307,10.4,11.263
MIDD,2008-10-29,11.213,12.177,10.873,11.73
MIDD,2008-10-30,12.083,12.88,11.983,12.607
MIDD,2008-10-31,12.683,13.59,12.333,13.463
MIDD,2008-11-03,13.467,13.817,13.2,13.467
MIDD,2008-11-04,13.723,13.983,13.293,13.623
MIDD,2008-11-05,13.663,13.73,12.113,12.317
MIDD,2008-11-06,12.377,12.733,11.557,11.65
MIDD,2008-11-07,11.577,12.94,11.02,11.557
MIDD,2008-11-10,11.807,12.673,11.68,12.01
MIDD,2008-11-11,11.817,12.093,11.35,11.383
MIDD,2008-11-12,11.383,11.643,10.067,10.17
MIDD,2008-11-13,10.243,11.073,9.92,10.963
MIDD,2008-11-14,10.67,11.48,10.127,10.723
MIDD,2008-11-17,10.603,11.287,10.603,10.64
MIDD,2008-11-18,10.647,10.96,10.423,10.763
MIDD,2008-11-19,10.773,10.947,9.4333,9.52
MIDD,2008-11-20,9.43,9.617,8.3767,8.42
MIDD,2008-11-21,8.94,9.0,7.5233,8.2667
MIDD,2008-11-24,8.3433,9.923,8.2667,9.32
MIDD,2008-11-25,9.4067,9.983,8.89,9.53
MIDD,2008-11-26,9.2833,10.503,9.03,10.49
MIDD,2008-11-28,10.367,10.8,9.97,10.79
MIDD,2008-12-01,10.393,10.713,8.7467,8.8367
MIDD,2008-12-02,9.0133,9.4133,8.8467,9.2567
MIDD,2008-12-03,9.0267,9.5,8.8333,9.2267
MIDD,2008-12-04,9.1467,9.577,8.9533,9.1567
MIDD,2008-12-05,8.9367,9.33,8.4167,9.32
MIDD,2008-12-08,9.4967,10.157,9.4967,10.02
MIDD,2008-12-09,9.877,10.477,9.513,9.623
MIDD,2008-12-10,9.767,10.293,9.767,10.15
MIDD,2008-12-11,10.043,10.067,9.2333,9.4967
MIDD,2008-12-12,9.1433,9.707,9.0433,9.69
MIDD,2008-12-15,9.793,10.127,8.9767,9.1267
MIDD,2008-12-16,9.2467,9.997,9.1333,9.96
MIDD,2008-12-17,9.803,10.497,9.803,10.197
MIDD,2008-12-18,10.223,10.617,10.013,10.163
MIDD,2008-12-19,10.61,10.65,10.11,10.287
MIDD,2008-12-22,10.217,10.33,9.4067,9.85
MIDD,2008-12-23,9.85,10.173,9.687,9.79
MIDD,2008-12-24,9.767,9.897,9.4167,9.4633
MIDD,2008-12-26,9.4833,9.597,9.0833,9.3033
MIDD,2008-12-29,9.3133,10.133,9.1,9.17
MIDD,2008-12-30,9.28,9.667,9.0933,9.4067
MIDD,2008-12-31,9.41,9.657,9.0867,9.09
MIDD,2009-01-02,9.1233,9.693,9.0167,9.537
MIDD,2009-01-05,9.607,9.967,9.4333,9.807
MIDD,2009-01-06,9.933,9.933,9.667,9.767
MIDD,2009-01-07,9.573,9.87,9.553,9.617
MIDD,2009-01-08,9.4833,9.86,9.3333,9.4633
MIDD,2009-01-09,9.503,9.503,8.83,8.8833
MIDD,2009-01-12,8.79,8.8333,8.4767,8.5567
MIDD,2009-01-13,8.4933,8.5533,8.3167,8.44
MIDD,2009-01-14,8.3133,8.4267,7.9933,8.0
MIDD,2009-01-15,8.0167,8.2433,7.6767,8.2033
MIDD,2009-01-16,8.3067,8.59,7.8867,8.2567
MIDD,2009-01-20,8.1167,8.1167,7.5,7.5467
MIDD,2009-01-21,7.6767,7.95,7.44,7.9367
MIDD,2009-01-22,7.7267,7.7333,7.35,7.6133
MIDD,2009-01-23,7.4333,7.5533,7.3433,7.4067
MIDD,2009-01-26,7.4167,7.8133,7.3433,7.6533
MIDD,2009-01-27,7.6667,7.9667,7.5867,7.6567
MIDD,2009-01-28,7.79,8.22,7.6667,8.1633
MIDD,2009-01-29,8.04,8.1633,7.9367,7.9433
MIDD,2009-01-30,8.0033,8.0967,7.69,7.72
MIDD,2009-02-02,7.6833,7.6867,7.25,7.4733
MIDD,2009-02-03,7.5133,7.5767,7.25,7.47
MIDD,2009-02-04,7.4333,7.7267,7.4333,7.5733
MIDD,2009-02-05,7.48,7.8333,7.4133,7.81
MIDD,2009-02-06,7.8,8.4067,7.8,8.3433
MIDD,2009-02-09,8.34,8.5033,8.22,8.4567
MIDD,2009-02-10,8.3767,8.78,7.9333,7.9633
MIDD,2009-02-11,7.9567,8.2067,7.8967,8.0667
MIDD,2009-02-12,7.8267,8.0233,7.64,7.9833
MIDD,2009-02-13,7.8067,8.1733,7.8067,7.93
MIDD,2009-02-17,7.6933,7.8133,7.35,7.4833
MIDD,2009-02-18,7.5233,7.6167,7.26,7.52
MIDD,2009-02-19,7.59,7.9633,7.5233,7.8167
MIDD,2009-02-20,7.69,7.9533,7.5,7.6367
MIDD,2009-02-23,7.68,7.7133,7.0833,7.17
MIDD,2009-02-24,7.24,7.5033,7.0733,7.41
MIDD,2009-02-25,7.32,7.52,7.19,7.2033
MIDD,2009-02-26,7.3067,7.4767,7.0667,7.07
MIDD,2009-02-27,7.0633,7.48,6.8633,7.25
MIDD,2009-03-02,7.0933,7.1067,6.8867,6.92
MIDD,2009-03-03,7.0,7.2,6.8167,6.9833
MIDD,2009-03-04,7.0733,7.2667,7.0,7.1567
MIDD,2009-03-05,8.1,8.6167,7.5133,7.7867
MIDD,2009-03-06,7.8567,8.3233,7.8333,7.9867
MIDD,2009-03-09,7.84,8.04,7.5433,7.5967
MIDD,2009-03-10,7.81,8.36,7.68,8.3
MIDD,2009-03-11,8.3333,8.6667,8.2633,8.3267
MIDD,2009-03-12,8.31,8.8167,8.0733,8.7633
MIDD,2009-03-13,8.9067,9.0833,8.6667,8.9667
MIDD,2009-03-16,9.0833,9.25,8.91,8.9533
MIDD,2009-03-17,8.92,9.0533,8.7167,9.0533
MIDD,2009-03-18,9.0667,9.4867,8.8467,9.2767
MIDD,2009-03-19,9.4067,9.827,9.31,9.617
MIDD,2009-03-20,9.713,9.753,9.43,9.537
MIDD,2009-03-23,9.757,10.35,9.667,10.35
MIDD,2009-03-24,10.223,10.917,10.09,10.757
MIDD,2009-03-25,10.797,11.453,10.5,10.897
MIDD,2009-03-26,10.97,11.72,10.897,11.67
MIDD,2009-03-27,11.5,11.823,11.167,11.47
MIDD,2009-03-30,11.387,11.44,10.46,10.767
MIDD,2009-03-31,10.94,11.44,10.77,10.81
MIDD,2009-04-01,10.92,11.47,10.67,11.273
MIDD,2009-04-02,11.567,12.213,11.337,11.883
MIDD,2009-04-03,11.903,11.98,11.407,11.593
MIDD,2009-04-06,11.5,11.533,11.077,11.39
MIDD,2009-04-07,11.257,11.517,11.02,11.25
MIDD,2009-04-08,11.303,11.777,11.173,11.767
MIDD,2009-04-09,11.977,12.82,11.84,12.78
MIDD,2009-04-13,12.657,13.24,12.363,12.983
MIDD,2009-04-14,12.94,12.983,12.2,12.263
MIDD,2009-04-15,12.21,12.897,12.167,12.853
MIDD,2009-04-16,12.997,13.33,12.817,13.243
MIDD,2009-04-17,13.29,13.613,13.187,13.513
MIDD,2009-04-20,13.153,13.337,12.433,12.687
MIDD,2009-04-21,12.453,13.16,12.453,13.037
MIDD,2009-04-22,12.863,13.787,12.71,13.277
MIDD,2009-04-23,13.25,14.193,13.117,13.847
MIDD,2009-04-24,13.997,14.87,13.87,14.72
MIDD,2009-04-27,14.173,14.807,14.06,14.603
MIDD,2009-04-28,14.17,15.163,14.17,14.883
MIDD,2009-04-29,15.0,15.053,14.837,15.0
MIDD,2009-04-30,15.0,15.403,14.583,14.59
MIDD,2009-05-01,14.623,15.423,14.623,15.2
MIDD,2009-05-04,15.4,15.647,15.223,15.607
MIDD,2009-05-05,15.44,15.603,15.047,15.3
MIDD,2009-05-06,15.427,15.487,14.85,15.103
MIDD,2009-05-07,14.67,15.317,14.483,14.537
MIDD,2009-05-08,14.817,15.29,14.417,15.237
MIDD,2009-05-11,15.15,15.4,14.897,15.08
MIDD,2009-05-12,15.133,15.33,14.727,14.933
MIDD,2009-05-13,14.617,14.737,14.3,14.4
MIDD,2009-05-14,14.213,14.75,14.093,14.197
MIDD,2009-05-15,15.987,16.28,14.727,15.167
MIDD,2009-05-18,15.32,15.667,15.167,15.61
MIDD,2009-05-19,15.5,15.623,15.3,15.413
MIDD,2009-05-20,15.583,15.663,14.823,14.863
MIDD,2009-05-21,14.72,15.02,14.173,14.493
MIDD,2009-05-22,14.627,15.183,14.533,14.727
MIDD,2009-05-26,14.757,15.59,14.757,15.243
MIDD,2009-05-27,15.32,15.597,14.66,14.793
MIDD,2009-05-28,14.813,15.163,14.357,15.0
MIDD,2009-05-29,15.093,15.13,14.667,14.943
MIDD,2009-06-01,15.007,15.907,15.007,15.843
MIDD,2009-06-02,15.813,16.333,15.523,16.247
MIDD,2009-06-03,16.03,16.633,15.757,16.583
MIDD,2009-06-04,16.63,16.63,16.333,16.52
MIDD,2009-06-05,16.65,16.667,15.867,16.04
MIDD,2009-06-08,15.833,16.453,15.58,16.18
MIDD,2009-06-09,16.237,16.617,16.167,16.427
MIDD,2009-06-10,16.597,16.63,16.037,16.353
MIDD,2009-06-11,15.967,16.747,15.967,16.51
MIDD,2009-06-12,16.417,16.427,15.953,16.37
MIDD,2009-06-15,16.02,16.143,15.613,16.01
MIDD,2009-06-16,16.023,16.06,15.327,15.477
MIDD,2009-06-17,15.407,15.633,15.2,15.44
MIDD,2009-06-18,15.373,15.49,15.15,15.37
MIDD,2009-06-19,15.467,15.6,15.247,15.277
MIDD,2009-06-22,15.247,15.267,14.337,14.49
MIDD,2009-06-23,14.547,14.683,14.467,14.58
MIDD,2009-06-24,14.697,15.073,14.643,14.673
MIDD,2009-06-25,14.603,15.13,14.603,15.1
MIDD,2009-06-26,14.967,15.183,14.813,14.887
MIDD,2009-06-29,15.01,15.05,14.557,14.917
MIDD,2009-06-30,14.917,15.153,14.563,14.64
MIDD,2009-07-01,14.727,15.05,14.553,14.983
MIDD,2009-07-02,14.7,14.967,14.55,14.623
MIDD,2009-07-06,14.247,14.513,13.807,14.027
MIDD,2009-07-07,13.89,14.0,13.45,13.493
MIDD,2009-07-08,13.51,13.517,12.857,13.113
MIDD,2009-07-09,13.2,13.447,13.077,13.213
MIDD,2009-07-10,13.097,13.467,13.097,13.367
MIDD,2009-07-13,13.367,13.52,12.877,13.44
MIDD,2009-07-14,13.483,13.52,13.097,13.313
MIDD,2009-07-15,13.313,14.627,13.287,14.44
MIDD,2009-07-16,14.323,14.707,14.02,14.56
MIDD,2009-07-17,14.6,14.847,14.51,14.703
MIDD,2009-07-20,14.733,14.95,14.59,14.823
MIDD,2009-07-21,14.923,15.14,14.667,14.85
MIDD,2009-07-22,14.74,15.123,14.73,15.04
MIDD,2009-07-23,14.957,16.03,14.87,15.957
MIDD,2009-07-24,15.753,16.147,15.713,15.91
MIDD,2009-07-27,15.867,16.087,15.737,15.913
MIDD,2009-07-28,15.76,15.997,15.703,15.953
MIDD,2009-07-29,15.947,15.947,15.42,15.617
MIDD,2009-07-30,15.83,16.66,15.663,16.16
MIDD,2009-07-31,16.12,16.467,16.12,16.3
MIDD,2009-08-03,16.373,17.57,16.27,17.513
MIDD,2009-08-04,17.333,18.23,17.28,18.043
MIDD,2009-08-05,17.733,18.23,17.387,17.843
MIDD,2009-08-06,18.067,18.07,17.387,17.387
MIDD,2009-08-07,17.733,18.067,17.493,17.757
MIDD,2009-08-10,17.593,17.827,17.403,17.457
MIDD,2009-08-11,17.357,17.56,16.917,17.19
MIDD,2009-08-12,17.153,17.767,16.887,17.503
MIDD,2009-08-13,15.67,17.35,15.427,17.327
MIDD,2009-08-14,17.217,17.217,16.227,16.427
MIDD,2009-08-17,16.013,16.2,15.773,16.067
MIDD,2009-08-18,16.103,16.293,15.933,16.19
MIDD,2009-08-19,16.07,16.243,15.9,16.11
MIDD,2009-08-20,16.167,16.277,15.947,16.14
MIDD,2009-08-21,16.363,16.863,16.3,16.847
MIDD,2009-08-24,16.93,17.27,16.93,17.237
MIDD,2009-08-25,17.233,17.233,16.587,16.707
MIDD,2009-08-26,16.64,16.8,16.38,16.747
MIDD,2009-08-27,16.747,16.857,16.583,16.8
MIDD,2009-08-28,16.853,16.947,16.11,16.31
MIDD,2009-08-31,16.087,16.223,15.567,15.727
MIDD,2009-09-01,15.59,16.25,15.357,15.437
MIDD,2009-09-02,15.46,15.683,15.423,15.483
MIDD,2009-09-03,15.527,15.893,15.393,15.787
MIDD,2009-09-04,15.8,16.12,15.773,16.047
MIDD,2009-09-08,16.137,16.293,15.923,16.19
MIDD,2009-09-09,16.133,16.677,16.13,16.483
MIDD,2009-09-10,16.42,16.69,16.237,16.69
MIDD,2009-09-11,16.663,16.86,16.507,16.653
MIDD,2009-09-14,16.587,16.747,16.38,16.56
MIDD,2009-09-15,16.483,16.753,16.187,16.563
MIDD,2009-09-16,16.697,17.237,16.533,17.237
MIDD,2009-09-17,17.23,17.47,17.0,17.223
MIDD,2009-09-18,17.33,17.583,17.287,17.537
MIDD,2009-09-21,17.327,18.06,17.133,18.04
MIDD,2009-09-22,18.073,18.657,17.78,18.457
MIDD,2009-09-23,18.54,18.97,18.54,18.837
MIDD,2009-09-24,18.97,18.997,18.39,18.6
MIDD,2009-09-25,18.5,18.5,18.01,18.127
MIDD,2009-09-28,18.107,18.717,18.083,18.173
MIDD,2009-09-29,18.243,18.823,18.167,18.293
MIDD,2009-09-30,18.25,18.397,17.503,18.337
MIDD,2009-10-01,18.19,18.263,17.067,17.08
MIDD,2009-10-02,17.01,17.373,16.92,17.08
MIDD,2009-10-05,17.073,17.577,16.833,17.463
MIDD,2009-10-06,17.583,18.083,17.397,17.627
MIDD,2009-10-07,17.637,17.78,17.22,17.473
MIDD,2009-10-08,17.647,17.65,17.333,17.387
MIDD,2009-10-09,17.327,17.417,17.287,17.36
MIDD,2009-10-12,17.363,17.833,17.337,17.493
MIDD,2009-10-13,17.497,17.6,17.24,17.463
MIDD,2009-10-14,17.653,17.75,17.503,17.667
MIDD,2009-10-15,17.597,17.707,17.39,17.54
MIDD,2009-10-16,17.45,17.53,17.137,17.477
MIDD,2009-10-19,17.483,17.803,17.263,17.597
MIDD,2009-10-20,17.533,17.813,17.0,17.057
MIDD,2009-10-21,16.96,17.563,16.83,16.903
MIDD,2009-10-22,16.917,17.07,16.337,16.833
MIDD,2009-10-23,16.873,16.963,16.447,16.487
MIDD,2009-10-26,16.453,16.887,16.25,16.283
MIDD,2009-10-27,16.387,16.61,16.03,16.107
MIDD,2009-10-28,16.03,16.13,15.273,15.427
MIDD,2009-10-29,15.537,15.91,15.537,15.697
MIDD,2009-10-30,15.623,15.623,15.04,15.103
MIDD,2009-11-02,15.157,15.177,14.693,14.993
MIDD,2009-11-03,14.803,15.09,14.553,14.757
MIDD,2009-11-04,14.827,14.867,14.537,14.557
MIDD,2009-11-05,14.643,15.75,14.643,15.63
MIDD,2009-11-06,15.44,15.55,14.61,14.78
MIDD,2009-11-09,15.007,15.397,14.883,15.393
MIDD,2009-11-10,15.393,15.907,15.033,15.48
MIDD,2009-11-11,15.663,16.127,15.56,15.733
MIDD,2009-11-12,15.747,15.907,15.41,15.483
MIDD,2009-11-13,15.497,15.91,15.423,15.84
MIDD,2009-11-16,15.923,16.633,15.92,16.527
MIDD,2009-11-17,16.483,16.523,16.217,16.377
MIDD,2009-11-18,16.3,16.403,15.943,16.07
MIDD,2009-11-19,15.893,15.893,15.517,15.55
MIDD,2009-11-20,15.457,15.577,15.287,15.397
MIDD,2009-11-23,15.647,15.963,15.403,15.453
MIDD,2009-11-24,15.51,15.51,15.213,15.333
MIDD,2009-11-25,15.33,15.41,15.167,15.21
MIDD,2009-11-27,14.89,15.207,14.76,14.977
MIDD,2009-11-30,14.977,14.983,14.603,14.95
MIDD,2009-12-01,15.123,15.333,14.973,15.02
MIDD,2009-12-02,15.107,15.497,14.953,15.087
MIDD,2009-12-03,15.187,15.257,14.847,14.91
MIDD,2009-12-04,15.15,15.713,15.013,15.713
MIDD,2009-12-07,15.667,15.79,15.343,15.763
MIDD,2009-12-08,15.703,15.703,15.31,15.357
MIDD,2009-12-09,15.263,15.343,14.963,15.26
MIDD,2009-12-10,15.397,15.55,14.943,15.03
MIDD,2009-12-11,15.067,15.067,14.87,14.977
MIDD,2009-12-14,15.003,15.037,14.917,15.003
MIDD,2009-12-15,14.92,15.183,14.78,14.8
MIDD,2009-12-16,14.96,14.987,14.647,14.947
MIDD,2009-12-17,14.793,15.117,14.707,15.03
MIDD,2009-12-18,15.203,15.303,15.01,15.163
MIDD,2009-12-21,15.19,15.483,15.163,15.373
MIDD,2009-12-22,15.353,15.523,15.26,15.493
MIDD,2009-12-23,15.58,15.83,15.447,15.82
MIDD,2009-12-24,15.827,15.933,15.717,15.933
MIDD,2009-12-28,15.933,15.947,15.68,15.927
MIDD,2009-12-29,15.913,16.01,15.817,15.947
MIDD,2009-12-30,15.783,16.157,15.733,16.15
MIDD,2009-12-31,16.097,16.467,16.003,16.34
MIDD,2010-01-04,16.47,16.917,16.0,16.653
MIDD,2010-01-05,16.667,16.933,16.627,16.88
MIDD,2010-01-06,16.91,17.183,16.823,17.117
MIDD,2010-01-07,17.153,17.243,16.87,16.947
MIDD,2010-01-08,16.753,16.933,15.803,16.167
MIDD,2010-01-11,15.933,15.96,15.667,15.847
MIDD,2010-01-12,15.583,15.723,15.333,15.487
MIDD,2010-01-13,15.383,15.633,15.333,15.553
MIDD,2010-01-14,15.427,15.663,15.417,15.56
MIDD,2010-01-15,15.513,15.583,15.333,15.553
MIDD,2010-01-19,15.503,15.7,15.423,15.633
MIDD,2010-01-20,15.46,15.633,15.333,15.333
MIDD,2010-01-21,15.333,15.533,15.003,15.44
MIDD,2010-01-22,15.4,15.5,15.173,15.21
MIDD,2010-01-25,15.283,15.367,15.153,15.28
MIDD,2010-01-26,15.277,15.393,15.167,15.18
MIDD,2010-01-27,15.073,15.267,15.003,15.16
MIDD,2010-01-28,15.117,15.117,14.683,14.833
MIDD,2010-01-29,14.86,15.103,14.697,15.02
MIDD,2010-02-01,15.02,15.193,14.84,15.187
MIDD,2010-02-02,15.15,15.237,14.703,15.15
MIDD,2010-02-03,15.107,15.247,15.077,15.163
MIDD,2010-02-04,15.097,15.13,14.777,14.783
MIDD,2010-02-05,14.763,14.863,14.243,14.547
MIDD,2010-02-08,14.58,14.58,14.023,14.057
MIDD,2010-02-09,14.253,14.377,13.983,14.357
MIDD,2010-02-10,14.26,14.38,14.013,14.28
MIDD,2010-02-11,14.263,14.447,13.967,14.437
MIDD,2010-02-12,14.323,14.527,14.113,14.473
MIDD,2010-02-16,14.54,14.987,14.367,14.963
MIDD,2010-02-17,14.983,14.99,14.677,14.937
MIDD,2010-02-18,14.88,15.397,14.88,15.347
MIDD,2010-02-19,15.317,15.393,15.127,15.363
MIDD,2010-02-22,15.41,15.613,15.26,15.473
MIDD,2010-02-23,15.403,15.507,15.24,15.41
MIDD,2010-02-24,15.407,15.627,14.24,15.47
MIDD,2010-02-25,15.307,15.543,15.06,15.513
MIDD,2010-02-26,15.57,15.63,15.417,15.463
MIDD,2010-03-01,15.503,15.993,15.423,15.83
MIDD,2010-03-02,15.863,15.997,15.553,15.997
MIDD,2010-03-03,15.993,16.343,15.967,16.233
MIDD,2010-03-04,16.493,18.39,16.477,18.08
MIDD,2010-03-05,18.073,18.273,17.927,18.083
MIDD,2010-03-08,17.997,18.117,17.67,17.723
MIDD,2010-03-09,17.613,18.217,17.613,18.003
MIDD,2010-03-10,17.95,18.333,17.95,18.23
MIDD,2010-03-11,18.077,18.15,17.743,18.117
MIDD,2010-03-12,18.127,18.127,17.697,18.017
MIDD,2010-03-15,17.933,18.22,17.7,18.163
MIDD,2010-03-16,18.253,18.36,18.053,18.33
MIDD,2010-03-17,18.307,18.99,18.307,18.897
MIDD,2010-03-18,18.917,19.313,18.853,19.117
MIDD,2010-03-19,19.17,19.38,19.037,19.233
MIDD,2010-03-22,19.08,19.333,18.99,19.243
MIDD,2010-03-23,19.19,19.883,19.107,19.84
MIDD,2010-03-24,19.777,19.777,19.08,19.127
MIDD,2010-03-25,19.187,19.39,18.867,18.887
MIDD,2010-03-26,18.893,19.237,18.683,19.043
MIDD,2010-03-29,19.04,19.243,18.82,19.083
MIDD,2010-03-30,19.05,19.397,19.05,19.197
MIDD,2010-03-31,19.067,19.333,19.067,19.197
MIDD,2010-04-01,19.197,19.457,18.647,19.44
MIDD,2010-04-05,19.35,19.35,18.893,19.26
MIDD,2010-04-06,19.11,19.363,19.04,19.157
MIDD,2010-04-07,19.027,19.247,18.937,19.133
MIDD,2010-04-08,19.123,19.293,19.0,19.147
MIDD,2010-04-09,19.103,19.103,18.75,19.007
MIDD,2010-04-12,19.067,19.32,19.067,19.23
MIDD,2010-04-13,19.17,19.417,18.943,19.397
MIDD,2010-04-14,19.403,19.633,19.333,19.623
MIDD,2010-04-15,19.663,19.94,19.61,19.93
MIDD,2010-04-16,19.867,19.933,19.453,19.527
MIDD,2010-04-19,19.503,19.77,19.323,19.747
MIDD,2010-04-20,19.777,20.0,19.763,20.0
MIDD,2010-04-21,19.963,20.303,19.96,20.257
MIDD,2010-04-22,20.0,20.53,19.81,20.517
MIDD,2010-04-23,20.503,21.283,20.503,21.257
MIDD,2010-04-26,21.167,21.737,21.167,21.67
MIDD,2010-04-27,21.633,21.733,20.927,20.973
MIDD,2010-04-28,21.08,21.257,20.713,20.793
MIDD,2010-04-29,20.923,21.02,20.77,20.927
MIDD,2010-04-30,20.99,21.047,20.363,20.373
MIDD,2010-05-03,20.53,20.963,20.337,20.893
MIDD,2010-05-04,20.587,20.71,20.117,20.413
MIDD,2010-05-05,20.1,20.253,19.537,20.007
MIDD,2010-05-06,19.96,20.353,18.267,19.37
MIDD,2010-05-07,19.27,19.38,18.72,18.913
MIDD,2010-05-10,19.58,19.89,19.45,19.793
MIDD,2010-05-11,19.57,20.307,19.57,20.247
MIDD,2010-05-12,20.29,21.183,20.29,20.917
MIDD,2010-05-13,20.0,20.107,19.333,19.577
MIDD,2010-05-14,19.33,19.8,19.19,19.717
MIDD,2010-05-17,19.71,19.967,18.76,19.01
MIDD,2010-05-18,19.28,19.647,19.09,19.143
MIDD,2010-05-19,19.027,19.13,18.083,18.493
MIDD,2010-05-20,18.043,18.207,17.543,17.553
MIDD,2010-05-21,17.39,17.843,16.893,17.683
MIDD,2010-05-24,17.713,18.073,17.713,17.843
MIDD,2010-05-25,17.607,17.66,17.187,17.567
MIDD,2010-05-26,17.667,18.257,17.667,18.117
MIDD,2010-05-27,18.333,19.04,18.333,19.03
MIDD,2010-05-28,19.0,19.0,18.577,18.77
MIDD,2010-06-01,18.523,18.833,18.333,18.343
MIDD,2010-06-02,18.357,18.76,18.283,18.757
MIDD,2010-06-03,18.65,19.063,18.61,19.01
MIDD,2010-06-04,18.657,18.777,18.153,18.207
MIDD,2010-06-07,18.237,18.35,17.837,17.89
MIDD,2010-06-08,17.917,18.09,17.73,18.05
MIDD,2010-06-09,18.24,18.347,17.783,17.897
MIDD,2010-06-10,18.12,18.547,18.12,18.53
MIDD,2010-06-11,18.36,18.937,18.207,18.86
MIDD,2010-06-14,19.1,19.327,18.947,19.297
MIDD,2010-06-15,19.333,19.833,19.023,19.813
MIDD,2010-06-16,19.64,20.043,19.407,19.937
MIDD,2010-06-17,20.003,20.273,19.767,19.943
MIDD,2010-06-18,20.04,20.083,19.69,19.863
MIDD,2010-06-21,20.083,20.333,19.683,19.823
MIDD,2010-06-22,19.953,20.173,19.497,19.557
MIDD,2010-06-23,19.547,19.617,19.053,19.39
MIDD,2010-06-24,19.197,19.303,18.67,18.76
MIDD,2010-06-25,18.793,18.963,18.543,18.807
MIDD,2010-06-28,18.843,19.113,18.567,18.583
MIDD,2010-06-29,18.237,18.417,17.7,17.887
MIDD,2010-06-30,17.837,18.203,17.6,17.73
MIDD,2010-07-01,17.78,18.37,17.667,18.17
MIDD,2010-07-02,18.333,18.88,18.243,18.753
MIDD,2010-07-06,19.063,19.54,18.76,19.04
MIDD,2010-07-07,19.16,19.583,18.823,19.523
MIDD,2010-07-08,19.67,19.75,18.957,19.68
MIDD,2010-07-09,19.7,19.973,19.623,19.943
MIDD,2010-07-12,19.833,20.087,19.44,19.657
MIDD,2010-07-13,19.877,20.2,19.807,20.02
MIDD,2010-07-14,19.913,19.96,19.547,19.63
MIDD,2010-07-15,19.713,19.713,18.793,18.977
MIDD,2010-07-16,18.79,19.01,18.157,18.223
MIDD,2010-07-19,18.267,18.433,17.947,18.4
MIDD,2010-07-20,18.203,18.877,18.097,18.827
MIDD,2010-07-21,18.97,19.083,18.517,18.693
MIDD,2010-07-22,19.0,19.407,18.61,19.353
MIDD,2010-07-23,19.32,19.51,19.223,19.407
MIDD,2010-07-26,19.41,19.843,19.37,19.843
MIDD,2010-07-27,19.92,20.123,19.663,19.77
MIDD,2010-07-28,19.643,19.85,19.25,19.38
MIDD,2010-07-29,19.453,19.597,19.0,19.283
MIDD,2010-07-30,18.967,19.37,18.913,19.17
MIDD,2010-08-02,19.463,20.02,19.297,19.98
MIDD,2010-08-03,19.85,20.167,19.753,19.933
MIDD,2010-08-04,19.987,20.077,19.82,20.063
MIDD,2010-08-05,19.933,20.317,19.697,20.157
MIDD,2010-08-06,19.907,20.097,19.27,19.547
MIDD,2010-08-09,19.677,19.923,19.403,19.58
MIDD,2010-08-10,19.43,19.577,18.843,19.313
MIDD,2010-08-11,18.887,19.163,18.497,18.507
MIDD,2010-08-12,18.24,19.11,18.24,18.95
MIDD,2010-08-13,18.883,18.96,18.173,18.203
MIDD,2010-08-16,18.093,18.487,17.873,18.473
MIDD,2010-08-17,18.647,19.03,18.49,18.787
MIDD,2010-08-18,18.82,18.887,18.53,18.623
MIDD,2010-08-19,18.597,18.633,18.143,18.197
MIDD,2010-08-20,18.067,18.317,17.9,18.16
MIDD,2010-08-23,18.19,18.48,17.997,18.047
MIDD,2010-08-24,17.963,18.073,17.533,17.76
MIDD,2010-08-25,17.657,18.477,17.593,18.37
MIDD,2010-08-26,18.423,18.653,17.96,18.25
MIDD,2010-08-27,18.433,18.63,18.183,18.617
MIDD,2010-08-30,18.523,18.75,18.21,18.217
MIDD,2010-08-31,18.163,18.66,18.05,18.33
MIDD,2010-09-01,18.667,19.05,18.36,19.043
MIDD,2010-09-02,19.0,19.21,18.737,19.183
MIDD,2010-09-03,19.363,19.65,19.263,19.59
MIDD,2010-09-07,19.557,19.667,19.16,19.293
MIDD,2010-09-08,19.387,19.79,19.25,19.46
MIDD,2010-09-09,19.637,19.86,19.223,19.39
MIDD,2010-09-10,19.4,19.707,19.4,19.563
MIDD,2010-09-13,19.703,20.32,19.703,20.27
MIDD,2010-09-14,20.07,20.25,19.677,20.173
MIDD,2010-09-15,20.06,20.347,19.973,20.337
MIDD,2010-09-16,20.24,20.353,20.117,20.18
MIDD,2010-09-17,20.33,20.373,19.993,20.237
MIDD,2010-09-20,20.25,20.613,20.117,20.357
MIDD,2010-09-21,20.333,20.377,20.25,20.33
MIDD,2010-09-22,20.237,20.433,20.077,20.29
MIDD,2010-09-23,20.15,20.333,20.027,20.043
MIDD,2010-09-24,20.333,20.997,20.153,20.837
MIDD,2010-09-27,20.797,20.997,20.797,20.963
MIDD,2010-09-28,20.98,20.99,20.44,20.833
MIDD,2010-09-29,20.697,21.11,20.697,20.94
MIDD,2010-09-30,21.023,21.25,20.983,21.13
MIDD,2010-10-01,21.29,21.4,21.19,21.31
MIDD,2010-10-04,21.317,21.603,21.13,21.287
MIDD,2010-10-05,21.54,21.997,21.453,21.753
MIDD,2010-10-06,21.647,21.92,21.517,21.877
MIDD,2010-10-07,22.003,22.01,21.8,21.97
MIDD,2010-10-08,21.97,22.873,21.97,22.77
MIDD,2010-10-11,22.753,22.977,22.593,22.853
MIDD,2010-10-12,22.833,22.94,22.497,22.81
MIDD,2010-10-13,22.933,23.127,22.893,22.963
MIDD,2010-10-14,22.887,23.09,22.667,22.713
MIDD,2010-10-15,22.8,23.1,22.673,22.817
MIDD,2010-10-18,22.753,23.327,22.753,23.2
MIDD,2010-10-19,22.813,23.313,22.417,23.21
MIDD,2010-10-20,23.25,24.067,23.183,23.953
MIDD,2010-10-21,24.033,24.527,24.033,24.343
MIDD,2010-10-22,24.417,24.417,24.167,24.303
MIDD,2010-10-25,24.333,24.67,24.18,24.55
MIDD,2010-10-26,24.353,24.98,24.237,24.663
MIDD,2010-10-27,24.443,24.72,24.333,24.667
MIDD,2010-10-28,24.85,24.88,24.35,24.58
MIDD,2010-10-29,24.437,24.98,24.333,24.887
MIDD,2010-11-01,24.993,25.403,24.81,24.973
MIDD,2010-11-02,25.26,25.663,25.19,25.61
MIDD,2010-11-03,25.607,25.607,24.27,24.553
MIDD,2010-11-04,24.713,24.967,24.713,24.923
MIDD,2010-11-05,24.773,25.5,24.747,25.153
MIDD,2010-11-08,24.89,25.117,24.487,24.53
MIDD,2010-11-09,24.833,26.253,24.517,25.073
MIDD,2010-11-10,25.267,25.487,24.997,25.207
MIDD,2010-11-11,24.877,25.52,24.837,25.437
MIDD,2010-11-12,25.317,25.767,25.277,25.723
MIDD,2010-11-15,25.88,26.517,25.103,25.947
MIDD,2010-11-16,25.707,25.907,25.607,25.783
MIDD,2010-11-17,25.813,26.247,25.813,26.08
MIDD,2010-11-18,26.333,26.633,26.327,26.53
MIDD,2010-11-19,26.44,26.613,26.27,26.453
MIDD,2010-11-22,26.287,26.43,25.92,26.303
MIDD,2010-11-23,26.033,26.303,26.0,26.17
MIDD,2010-11-24,26.41,26.66,26.007,26.543
MIDD,2010-11-26,26.35,26.747,26.14,26.557
MIDD,2010-11-29,26.363,26.777,26.197,26.663
MIDD,2010-11-30,26.5,27.333,26.293,26.823
MIDD,2010-12-01,27.337,27.693,27.127,27.167
MIDD,2010-12-02,27.16,27.407,27.13,27.227
MIDD,2010-12-03,27.077,27.283,26.853,27.233
MIDD,2010-12-06,27.137,27.927,27.137,27.777
MIDD,2010-12-07,28.0,28.833,28.0,28.46
MIDD,2010-12-08,28.503,28.79,28.083,28.38
MIDD,2010-12-09,28.64,28.68,28.263,28.29
MIDD,2010-12-10,28.27,28.64,28.15,28.233
MIDD,2010-12-13,28.203,28.37,28.083,28.09
MIDD,2010-12-14,28.073,28.333,27.28,27.997
MIDD,2010-12-15,27.967,28.333,27.58,27.803
MIDD,2010-12-16,27.8,28.333,27.61,28.23
MIDD,2010-12-17,28.24,28.34,27.893,28.187
MIDD,2010-12-20,28.233,28.467,28.087,28.29
MIDD,2010-12-21,28.357,28.85,28.163,28.783
MIDD,2010-12-22,28.85,28.85,28.363,28.733
MIDD,2010-12-23,28.667,28.773,28.413,28.633
MIDD,2010-12-27,28.687,28.83,28.52,28.78
MIDD,2010-12-28,28.767,28.767,28.493,28.677
MIDD,2010-12-29,28.693,28.843,28.507,28.673
MIDD,2010-12-30,28.707,28.83,28.463,28.463
MIDD,2010-12-31,28.467,28.51,28.113,28.14
MIDD,2011-01-03,28.567,29.28,28.32,28.977
MIDD,2011-01-04,29.12,29.273,28.433,28.967
MIDD,2011-01-05,28.993,28.993,28.62,28.84
MIDD,2011-01-06,28.893,29.373,28.837,28.963
MIDD,2011-01-07,29.257,29.61,28.973,29.353
MIDD,2011-01-10,29.277,29.523,29.013,29.237
MIDD,2011-01-11,29.287,29.34,28.877,28.887
MIDD,2011-01-12,29.01,29.18,28.787,29.073
MIDD,2011-01-13,28.967,29.127,28.027,28.92
MIDD,2011-01-14,28.833,29.267,28.407,29.167
MIDD,2011-01-18,28.973,29.23,28.73,29.187
MIDD,2011-01-19,29.097,29.293,28.333,28.507
MIDD,2011-01-20,28.32,28.397,27.557,27.863
MIDD,2011-01-21,27.85,28.063,27.557,27.737
MIDD,2011-01-24,27.73,27.767,26.99,27.313
MIDD,2011-01-25,27.1,27.773,26.85,27.753
MIDD,2011-01-26,27.92,28.52,27.793,28.3
MIDD,2011-01-27,28.32,28.567,27.877,28.0
MIDD,2011-01-28,27.943,28.037,27.103,27.233
MIDD,2011-01-31,27.287,27.37,27.11,27.27
MIDD,2011-02-01,27.433,28.3,27.43,28.107
MIDD,2011-02-02,28.187,28.827,27.853,28.667
MIDD,2011-02-03,28.337,29.03,28.337,28.857
MIDD,2011-02-04,28.783,28.913,28.577,28.763
MIDD,2011-02-07,28.733,29.43,28.59,29.423
MIDD,2011-02-08,29.313,29.447,29.263,29.447
MIDD,2011-02-09,29.333,29.493,29.27,29.45
MIDD,2011-02-10,29.333,29.587,29.333,29.443
MIDD,2011-02-11,29.307,30.0,29.307,30.0
MIDD,2011-02-14,29.963,30.39,29.667,30.187
MIDD,2011-02-15,30.097,30.3,30.033,30.167
MIDD,2011-02-16,30.213,30.273,30.077,30.13
MIDD,2011-02-17,30.01,30.46,29.59,30.46
MIDD,2011-02-18,30.333,30.54,30.333,30.54
MIDD,2011-02-22,30.053,30.223,28.977,29.093
MIDD,2011-02-23,29.027,29.19,28.517,29.083
MIDD,2011-02-24,29.08,29.41,28.69,29.347
MIDD,2011-02-25,29.323,30.153,29.233,29.997
MIDD,2011-02-28,30.067,30.433,29.647,29.89
MIDD,2011-03-01,29.953,30.65,29.797,29.92
MIDD,2011-03-02,30.26,30.617,29.217,29.327
MIDD,2011-03-03,29.613,29.867,29.387,29.79
MIDD,2011-03-04,29.837,30.33,29.503,29.76
MIDD,2011-03-07,29.693,30.263,29.2,29.29
MIDD,2011-03-08,29.283,29.89,28.963,29.72
MIDD,2011-03-09,29.673,29.943,29.233,29.577
MIDD,2011-03-10,29.15,29.363,28.67,28.74
MIDD,2011-03-11,28.69,28.813,28.063,28.493
MIDD,2011-03-14,28.267,28.443,27.773,27.94
MIDD,2011-03-15,27.503,27.847,27.017,27.593
MIDD,2011-03-16,27.473,27.87,27.217,27.317
MIDD,2011-03-17,27.813,27.94,27.077,27.677
MIDD,2011-03-18,27.903,28.093,27.593,28.02
MIDD,2011-03-21,28.327,28.967,28.197,28.88
MIDD,2011-03-22,28.75,29.107,28.457,28.54
MIDD,2011-03-23,28.47,29.0,28.437,28.83
MIDD,2011-03-24,29.04,29.38,28.733,29.36
MIDD,2011-03-25,29.487,30.17,29.353,29.853
MIDD,2011-03-28,29.973,30.137,29.857,29.993
MIDD,2011-03-29,29.953,30.42,29.877,30.343
MIDD,2011-03-30,30.693,30.833,30.377,30.833
MIDD,2011-03-31,30.657,31.073,30.633,31.04
MIDD,2011-04-01,31.067,31.613,31.067,31.483
MIDD,2011-04-04,31.593,31.667,31.097,31.14
MIDD,2011-04-05,31.207,32.083,30.927,31.983
MIDD,2011-04-06,32.077,32.083,31.363,31.573
MIDD,2011-04-07,31.543,31.77,31.08,31.103
MIDD,2011-04-08,31.357,31.64,30.437,30.623
MIDD,2011-04-11,30.577,30.797,29.813,29.97
MIDD,2011-04-12,29.72,29.797,29.507,29.507
MIDD,2011-04-13,29.707,29.733,29.0,29.303
MIDD,2011-04-14,29.17,29.38,29.007,29.32
MIDD,2011-04-15,29.2,29.687,29.2,29.427
MIDD,2011-04-18,29.007,29.113,28.567,29.017
MIDD,2011-04-19,29.0,29.153,28.823,29.027
MIDD,2011-04-20,29.327,29.813,29.297,29.627
MIDD,2011-04-21,29.863,29.96,29.003,29.777
MIDD,2011-04-25,29.35,29.743,28.98,29.263
MIDD,2011-04-26,29.39,30.417,29.39,29.967
MIDD,2011-04-27,29.997,29.997,29.533,29.92
MIDD,2011-04-28,29.867,30.287,29.867,29.973
MIDD,2011-04-29,30.107,30.31,29.87,29.89
MIDD,2011-05-02,30.073,30.073,29.517,29.517
MIDD,2011-05-03,29.467,29.73,28.807,28.9
MIDD,2011-05-04,29.063,30.043,28.837,29.51
MIDD,2011-05-05,29.787,30.053,29.12,29.49
MIDD,2011-05-06,29.557,29.997,29.46,29.523
MIDD,2011-05-09,29.55,30.567,29.42,30.157
MIDD,2011-05-10,29.85,30.817,29.763,30.807
MIDD,2011-05-11,30.637,30.82,30.407,30.65
MIDD,2011-05-12,29.793,29.85,28.53,29.673
MIDD,2011-05-13,29.893,29.91,28.537,28.72
MIDD,2011-05-16,28.487,28.717,27.817,27.86
MIDD,2011-05-17,27.517,27.633,26.943,26.947
MIDD,2011-05-18,27.057,27.64,26.78,27.573
MIDD,2011-05-19,27.807,27.99,27.247,27.31
MIDD,2011-05-20,27.093,27.457,26.85,27.337
MIDD,2011-05-23,27.027,27.253,26.903,26.923
MIDD,2011-05-24,27.06,28.137,26.857,28.053
MIDD,2011-05-25,27.927,28.68,27.763,28.543
MIDD,2011-05-26,28.473,28.727,28.187,28.643
MIDD,2011-05-27,28.707,28.78,28.44,28.697
MIDD,2011-05-31,28.937,28.937,28.273,28.683
MIDD,2011-06-01,28.62,28.62,27.893,27.977
MIDD,2011-06-02,28.017,28.327,27.853,28.02
MIDD,2011-06-03,27.537,27.967,27.537,27.703
MIDD,2011-06-06,27.683,27.803,27.28,27.357
MIDD,2011-06-07,27.527,27.62,27.157,27.253
MIDD,2011-06-08,27.117,27.297,26.923,27.037
MIDD,2011-06-09,27.16,27.437,27.107,27.327
MIDD,2011-06-10,27.13,27.13,26.567,26.753
MIDD,2011-06-13,26.78,27.28,26.77,27.117
MIDD,2011-06-14,27.373,27.997,27.263,27.91
MIDD,2011-06-15,27.49,27.977,27.437,27.8
MIDD,2011-06-16,27.777,28.843,27.583,28.84
MIDD,2011-06-17,28.923,29.687,28.827,29.63
MIDD,2011-06-20,29.36,29.817,29.36,29.67
MIDD,2011-06-21,29.827,30.933,29.65,30.68
MIDD,2011-06-22,30.537,30.753,30.253,30.33
MIDD,2011-06-23,29.887,30.48,29.5,30.463
MIDD,2011-06-24,30.493,30.68,30.103,30.37
MIDD,2011-06-27,30.353,31.567,30.083,31.01
MIDD,2011-06-28,31.203,31.27,30.813,30.9
MIDD,2011-06-29,30.737,31.123,30.737,31.073
MIDD,2011-06-30,31.19,31.667,31.07,31.347
MIDD,2011-07-01,31.313,32.083,31.277,32.037
MIDD,2011-07-05,32.007,32.073,31.77,32.063
MIDD,2011-07-06,32.02,32.167,31.927,32.157
MIDD,2011-07-07,32.167,32.58,32.06,32.183
MIDD,2011-07-08,31.847,32.317,31.677,32.23
MIDD,2011-07-11,31.877,31.997,31.157,31.327
MIDD,2011-07-12,31.147,31.567,30.937,31.253
MIDD,2011-07-13,31.39,31.56,30.973,31.09
MIDD,2011-07-14,31.237,31.26,30.49,30.653
MIDD,2011-07-15,30.75,31.067,29.79,30.04
MIDD,2011-07-18,29.89,29.93,29.177,29.257
MIDD,2011-07-19,29.587,30.037,29.24,30.033
MIDD,2011-07-20,30.003,30.437,29.683,29.94
MIDD,2011-07-21,29.723,30.6,29.723,30.477
MIDD,2011-07-22,30.477,30.577,30.31,30.34
MIDD,2011-07-25,30.1,30.177,29.817,29.897
MIDD,2011-07-26,29.867,29.867,28.907,29.007
MIDD,2011-07-27,28.76,28.76,27.9,28.09
MIDD,2011-07-28,28.1,28.487,27.923,27.99
MIDD,2011-07-29,27.68,28.347,27.66,28.16
MIDD,2011-08-01,28.45,28.45,27.267,27.647
MIDD,2011-08-02,27.343,28.557,26.867,26.92
MIDD,2011-08-03,27.253,27.667,26.367,27.46
MIDD,2011-08-04,27.283,27.317,25.183,25.26
MIDD,2011-08-05,25.567,26.207,24.24,25.5
MIDD,2011-08-08,23.977,25.25,22.803,22.953
MIDD,2011-08-09,25.02,25.02,22.35,24.437
MIDD,2011-08-10,24.527,24.527,23.167,23.333
MIDD,2011-08-11,23.817,25.37,23.56,24.98
MIDD,2011-08-12,25.433,25.813,24.843,25.667
MIDD,2011-08-15,25.857,26.157,25.763,26.11
MIDD,2011-08-16,25.777,26.123,25.387,25.667
MIDD,2011-08-17,25.757,26.117,25.04,25.37
MIDD,2011-08-18,24.6,24.67,23.167,23.39
MIDD,2011-08-19,22.833,24.0,22.673,23.42
MIDD,2011-08-22,24.123,24.243,23.247,23.547
MIDD,2011-08-23,23.423,25.207,23.357,25.147
MIDD,2011-08-24,25.183,25.587,24.617,25.487
MIDD,2011-08-25,25.65,25.74,24.583,24.663
MIDD,2011-08-26,24.47,25.77,24.073,25.733
MIDD,2011-08-29,26.017,27.65,26.017,27.59
MIDD,2011-08-30,27.39,27.977,26.737,27.8
MIDD,2011-08-31,28.0,28.347,26.807,26.857
MIDD,2011-09-01,27.18,27.317,26.007,26.127
MIDD,2011-09-02,25.117,25.783,24.547,24.81
MIDD,2011-09-06,23.9,24.807,23.707,24.733
MIDD,2011-09-07,25.243,25.43,24.883,24.963
MIDD,2011-09-08,24.847,25.443,24.36,24.607
MIDD,2011-09-09,24.32,24.353,23.163,23.473
MIDD,2011-09-12,23.357,23.743,22.957,23.667
MIDD,2011-09-13,23.72,24.29,23.34,24.147
MIDD,2011-09-14,24.397,25.123,23.39,24.733
MIDD,2011-09-15,24.93,25.003,24.483,24.703
MIDD,2011-09-16,24.903,24.917,24.42,24.843
MIDD,2011-09-19,24.337,24.99,23.767,24.62
MIDD,2011-09-20,24.627,25.063,24.33,24.333
MIDD,2011-09-21,24.26,24.423,23.003,23.037
MIDD,2011-09-22,22.0,23.087,21.797,22.71
MIDD,2011-09-23,22.233,23.617,22.233,23.52
MIDD,2011-09-26,23.173,24.347,22.95,24.28
MIDD,2011-09-27,24.63,25.593,24.38,24.69
MIDD,2011-09-28,24.677,24.697,23.34,23.37
MIDD,2011-09-29,24.0,24.303,23.333,24.067
MIDD,2011-09-30,23.65,24.227,23.423,23.487
MIDD,2011-10-03,23.733,23.97,22.513,22.63
MIDD,2011-10-04,22.337,24.807,22.12,24.733
MIDD,2011-10-05,24.653,25.15,24.14,24.29
MIDD,2011-10-06,24.273,24.633,24.03,24.383
MIDD,2011-10-07,24.527,24.627,23.533,24.343
MIDD,2011-10-10,24.91,25.333,24.617,25.317
MIDD,2011-10-11,25.013,25.523,24.93,25.383
MIDD,2011-10-12,25.68,26.62,25.49,26.31
MIDD,2011-10-13,26.14,26.14,25.377,25.87
MIDD,2011-10-14,26.127,26.3,25.297,26.26
MIDD,2011-10-17,25.883,25.937,24.91,25.127
MIDD,2011-10-18,25.31,26.127,24.88,25.99
MIDD,2011-10-19,25.563,26.18,25.433,25.707
MIDD,2011-10-20,25.673,26.28,25.327,26.1
MIDD,2011-10-21,26.25,26.657,25.787,26.37
MIDD,2011-10-24,26.337,27.313,26.263,27.2
MIDD,2011-10-25,27.52,27.52,26.423,26.943
MIDD,2011-10-26,27.38,27.543,26.377,27.407
MIDD,2011-10-27,28.137,30.3,27.69,29.86
MIDD,2011-10-28,29.6,29.957,28.823,28.847
MIDD,2011-10-31,28.45,28.59,27.883,28.093
MIDD,2011-11-01,26.887,27.817,26.87,27.15
MIDD,2011-11-02,27.83,28.51,27.593,28.237
MIDD,2011-11-03,28.673,29.113,28.09,29.007
MIDD,2011-11-04,28.747,29.38,28.057,29.147
MIDD,2011-11-07,29.02,29.14,27.993,28.8
MIDD,2011-11-08,29.003,29.143,28.253,29.017
MIDD,2011-11-09,27.533,29.58,27.533,29.093
MIDD,2011-11-10,29.47,29.67,28.817,29.53
MIDD,2011-11-11,29.803,30.53,29.693,29.967
MIDD,2011-11-14,29.667,29.773,29.147,29.357
MIDD,2011-11-15,29.233,30.71,29.07,30.463
MIDD,2011-11-16,30.24,31.057,29.76,29.853
MIDD,2011-11-17,29.883,30.157,29.697,29.863
MIDD,2011-11-18,29.857,30.187,29.6,29.977
MIDD,2011-11-21,29.537,29.787,28.97,29.05
MIDD,2011-11-22,28.967,29.043,28.603,28.67
MIDD,2011-11-23,28.317,28.457,27.35,27.51
MIDD,2011-11-25,27.323,27.813,27.323,27.363
MIDD,2011-11-28,28.82,28.82,28.01,28.583
MIDD,2011-11-29,28.673,28.73,28.153,28.307
MIDD,2011-11-30,29.52,30.427,29.437,30.427
MIDD,2011-12-01,30.297,30.573,30.0,30.233
MIDD,2011-12-02,30.627,31.09,30.557,30.787
MIDD,2011-12-05,30.923,31.55,30.673,30.913
MIDD,2011-12-06,30.89,31.14,30.153,30.933
MIDD,2011-12-07,30.873,31.933,30.5,31.853
MIDD,2011-12-08,31.443,31.767,31.147,31.43
MIDD,2011-12-09,31.537,32.2,31.49,32.01
MIDD,2011-12-12,31.95,31.95,31.08,31.747
MIDD,2011-12-13,31.717,32.137,30.623,30.93
MIDD,2011-12-14,30.663,30.863,30.18,30.38
MIDD,2011-12-15,31.0,31.23,30.703,30.95
MIDD,2011-12-16,31.413,32.133,31.343,31.74
MIDD,2011-12-19,31.87,31.943,30.913,31.093
MIDD,2011-12-20,31.577,32.417,31.577,32.37
MIDD,2011-12-21,32.45,32.45,31.32,32.01
MIDD,2011-12-22,31.993,32.567,31.86,32.333
MIDD,2011-12-23,32.397,32.5,32.033,32.417
MIDD,2011-12-27,32.213,32.667,32.07,32.54
MIDD,2011-12-28,32.53,32.53,31.793,31.813
MIDD,2011-12-29,31.757,32.133,31.167,31.697
MIDD,2011-12-30,31.613,31.65,31.277,31.347
MIDD,2012-01-03,32.27,32.477,31.733,32.077
MIDD,2012-01-04,31.793,31.847,31.39,31.507
MIDD,2012-01-05,31.33,31.497,30.603,31.333
MIDD,2012-01-06,31.61,31.61,30.717,31.007
MIDD,2012-01-09,31.05,31.38,30.743,31.253
MIDD,2012-01-10,31.457,31.63,31.203,31.317
MIDD,2012-01-11,31.077,31.647,31.077,31.25
MIDD,2012-01-12,31.477,31.477,30.86,31.313
MIDD,2012-01-13,30.863,31.343,30.857,31.24
MIDD,2012-01-17,31.41,31.837,31.217,31.55
MIDD,2012-01-18,31.597,32.263,31.32,32.173
MIDD,2012-01-19,32.623,32.913,32.243,32.507
MIDD,2012-01-20,32.683,32.683,31.82,31.96
MIDD,2012-01-23,31.883,32.117,31.423,31.557
MIDD,2012-01-24,31.26,31.807,31.047,31.717
MIDD,2012-01-25,31.7,32.197,31.387,32.05
MIDD,2012-01-26,32.223,32.36,31.803,32.053
MIDD,2012-01-27,31.89,32.407,31.833,32.127
MIDD,2012-01-30,31.77,31.777,31.31,31.647
MIDD,2012-01-31,31.9,32.363,31.41,32.057
MIDD,2012-02-01,32.277,32.807,32.22,32.667
MIDD,2012-02-02,32.62,32.917,32.33,32.717
MIDD,2012-02-03,32.917,33.3,32.48,32.563
MIDD,2012-02-06,32.56,32.663,32.243,32.31
MIDD,2012-02-07,32.183,32.433,31.88,31.987
MIDD,2012-02-08,32.1,32.297,31.7,31.807
MIDD,2012-02-09,31.833,32.137,31.647,31.963
MIDD,2012-02-10,31.007,32.023,31.007,31.767
MIDD,2012-02-13,32.33,32.33,31.923,32.19
MIDD,2012-02-14,32.023,32.55,31.963,32.453
MIDD,2012-02-15,32.59,32.59,31.52,31.693
MIDD,2012-02-16,31.57,32.95,31.52,32.79
MIDD,2012-02-17,33.007,33.01,32.64,32.8
MIDD,2012-02-21,32.827,33.23,32.667,32.96
MIDD,2012-02-22,32.713,33.257,32.713,32.87
MIDD,2012-02-23,32.833,33.333,32.573,33.333
MIDD,2012-02-24,33.273,33.58,32.997,33.317
MIDD,2012-02-27,33.25,33.59,32.5,33.167
MIDD,2012-02-28,33.137,33.583,32.883,33.23
MIDD,2012-02-29,32.937,33.273,32.557,32.58
MIDD,2012-03-01,32.927,33.463,32.137,32.147
MIDD,2012-03-02,32.337,32.337,31.043,31.4
MIDD,2012-03-05,31.09,31.523,31.083,31.423
MIDD,2012-03-06,30.99,31.26,30.747,30.8
MIDD,2012-03-07,31.0,31.383,30.843,31.327
MIDD,2012-03-08,31.327,31.783,31.033,31.657
MIDD,2012-03-09,31.727,31.957,31.15,31.167
MIDD,2012-03-12,31.217,33.907,31.217,32.637
MIDD,2012-03-13,32.99,33.437,32.743,33.14
MIDD,2012-03-14,33.35,33.87,33.113,33.603
MIDD,2012-03-15,33.597,34.577,33.34,34.537
MIDD,2012-03-16,34.343,34.583,33.957,34.147
MIDD,2012-03-19,33.67,34.583,33.67,34.393
MIDD,2012-03-20,34.257,34.257,33.717,33.893
MIDD,2012-03-21,33.94,34.263,33.77,34.06
MIDD,2012-03-22,33.647,33.743,32.733,33.363
MIDD,2012-03-23,33.31,33.517,32.847,33.24
MIDD,2012-03-26,33.313,34.18,33.183,34.103
MIDD,2012-03-27,34.033,34.283,33.77,33.823
MIDD,2012-03-28,33.867,34.06,33.203,33.797
MIDD,2012-03-29,33.513,33.667,33.003,33.623
MIDD,2012-03-30,33.87,34.097,33.44,33.727
MIDD,2012-04-02,33.6,34.13,33.457,34.07
MIDD,2012-04-03,33.913,34.0,33.317,33.763
MIDD,2012-04-04,33.297,33.713,32.837,33.06
MIDD,2012-04-05,32.393,33.44,32.393,33.23
MIDD,2012-04-09,32.613,32.827,31.997,32.307
MIDD,2012-04-10,32.283,32.46,31.407,31.66
MIDD,2012-04-11,31.987,32.683,31.987,32.67
MIDD,2012-04-12,32.68,33.613,32.417,33.443
MIDD,2012-04-13,33.327,33.51,32.49,32.7
MIDD,2012-04-16,32.8,33.347,32.363,33.03
MIDD,2012-04-17,33.307,34.653,33.307,34.437
MIDD,2012-04-18,34.283,34.343,32.683,33.05
MIDD,2012-04-19,33.14,33.21,32.333,32.4
MIDD,2012-04-20,33.17,33.303,32.623,33.0
MIDD,2012-04-23,32.327,32.583,31.56,31.643
MIDD,2012-04-24,31.687,32.14,31.533,32.087
MIDD,2012-04-25,32.583,33.597,32.57,33.5
MIDD,2012-04-26,33.373,33.913,33.303,33.82
MIDD,2012-04-27,33.88,34.667,33.773,34.593
MIDD,2012-04-30,34.457,34.457,33.79,33.823
MIDD,2012-05-01,33.827,34.533,33.333,33.497
MIDD,2012-05-02,33.283,34.05,32.663,34.0
MIDD,2012-05-03,33.853,34.073,33.017,33.33
MIDD,2012-05-04,33.127,33.127,32.32,32.537
MIDD,2012-05-07,32.417,32.977,32.253,32.797
MIDD,2012-05-08,32.5,33.043,32.213,32.927
MIDD,2012-05-09,32.477,32.697,32.007,32.35
MIDD,2012-05-10,32.513,32.833,32.22,32.493
MIDD,2012-05-11,32.153,33.107,32.08,32.85
MIDD,2012-05-14,32.407,32.85,32.18,32.337
MIDD,2012-05-15,32.433,32.9,32.357,32.75
MIDD,2012-05-16,32.96,33.11,32.647,32.783
MIDD,2012-05-17,32.857,33.03,32.33,32.727
MIDD,2012-05-18,32.677,33.713,32.67,33.317
MIDD,2012-05-21,33.56,34.277,33.263,34.233
MIDD,2012-05-22,34.273,34.94,34.09,34.66
MIDD,2012-05-23,34.21,34.267,33.223,34.263
MIDD,2012-05-24,34.07,34.413,33.757,34.413
MIDD,2012-05-25,34.283,34.347,33.89,34.207
MIDD,2012-05-29,34.377,34.823,34.163,34.66
MIDD,2012-05-30,34.273,34.363,33.73,33.963
MIDD,2012-05-31,33.95,34.433,33.313,34.09
MIDD,2012-06-01,33.34,34.477,32.447,32.527
MIDD,2012-06-04,32.667,32.703,31.78,32.133
MIDD,2012-06-05,31.917,32.257,31.48,32.117
MIDD,2012-06-06,32.283,33.077,32.283,33.063
MIDD,2012-06-07,33.557,33.557,32.653,32.773
MIDD,2012-06-08,32.703,33.427,32.21,33.26
MIDD,2012-06-11,33.583,33.84,32.057,32.13
MIDD,2012-06-12,32.233,32.917,31.82,32.59
MIDD,2012-06-13,32.453,32.797,31.86,32.013
MIDD,2012-06-14,31.957,32.263,31.18,31.74
MIDD,2012-06-15,31.733,32.18,31.293,32.083
MIDD,2012-06-18,31.84,31.97,31.507,31.757
MIDD,2012-06-19,31.823,33.25,31.75,33.097
MIDD,2012-06-20,32.987,33.577,32.7,33.197
MIDD,2012-06-21,33.167,33.32,32.41,32.543
MIDD,2012-06-22,32.76,32.76,32.243,32.333
MIDD,2012-06-25,31.817,31.817,31.26,31.49
MIDD,2012-06-26,31.493,32.663,31.307,32.213
MIDD,2012-06-27,32.227,32.227,31.667,31.753
MIDD,2012-06-28,31.39,31.803,31.16,31.747
MIDD,2012-06-29,32.553,33.283,32.553,33.203
MIDD,2012-07-02,33.207,33.433,33.027,33.433
MIDD,2012-07-03,33.437,33.7,33.263,33.7
MIDD,2012-07-05,33.577,34.113,33.557,33.707
MIDD,2012-07-06,33.257,33.633,32.63,33.057
MIDD,2012-07-09,32.89,32.89,32.297,32.653
MIDD,2012-07-10,32.78,33.053,31.343,31.733
MIDD,2012-07-11,31.84,32.263,31.71,32.183
MIDD,2012-07-12,31.797,32.64,31.743,32.547
MIDD,2012-07-13,32.637,33.307,32.637,33.2
MIDD,2012-07-16,33.16,33.257,32.667,32.917
MIDD,2012-07-17,33.083,34.017,32.88,33.717
MIDD,2012-07-18,33.593,34.533,33.563,33.897
MIDD,2012-07-19,33.93,34.017,33.393,33.85
MIDD,2012-07-20,33.42,33.603,33.14,33.527
MIDD,2012-07-23,32.743,33.3,32.553,32.553
MIDD,2012-07-24,32.63,32.94,31.5,31.687
MIDD,2012-07-25,31.973,32.277,31.453,31.673
MIDD,2012-07-26,32.143,32.96,31.687,32.743
MIDD,2012-07-27,32.803,33.33,32.397,33.23
MIDD,2012-07-30,33.21,33.21,32.56,32.713
MIDD,2012-07-31,32.533,33.063,32.517,32.64
MIDD,2012-08-01,32.88,33.087,32.287,32.287
MIDD,2012-08-02,32.143,33.0,31.942,32.943
MIDD,2012-08-03,33.427,33.7,33.243,33.6
MIDD,2012-08-06,33.527,34.02,33.12,33.327
MIDD,2012-08-07,33.573,34.04,33.337,33.493
MIDD,2012-08-08,33.373,33.79,33.11,33.403
MIDD,2012-08-09,35.0,39.913,34.817,37.923
MIDD,2012-08-10,37.46,38.473,36.357,37.937
MIDD,2012-08-13,38.043,39.327,37.993,38.88
MIDD,2012-08-14,39.18,39.493,38.03,38.303
MIDD,2012-08-15,38.25,38.993,38.25,38.96
MIDD,2012-08-16,38.843,39.04,38.207,38.857
MIDD,2012-08-17,38.773,39.573,38.683,39.227
MIDD,2012-08-20,38.973,39.187,38.2,38.71
MIDD,2012-08-21,38.727,39.01,38.057,38.29
MIDD,2012-08-22,38.26,38.26,37.667,37.81
MIDD,2012-08-23,37.64,37.927,37.203,37.367
MIDD,2012-08-24,37.203,37.7,36.783,37.473
MIDD,2012-08-27,37.64,37.91,37.397,37.563
MIDD,2012-08-28,37.593,37.887,37.367,37.677
MIDD,2012-08-29,37.72,38.04,37.597,37.76
MIDD,2012-08-30,37.56,37.827,37.463,37.717
MIDD,2012-08-31,37.873,38.497,37.503,38.383
MIDD,2012-09-04,38.503,39.627,37.98,39.5
MIDD,2012-09-05,39.327,40.503,39.177,39.617
MIDD,2012-09-06,39.967,40.857,39.71,39.897
MIDD,2012-09-07,40.277,40.587,38.917,39.143
MIDD,2012-09-10,39.283,39.283,38.907,39.087
MIDD,2012-09-11,38.967,39.283,38.76,39.117
MIDD,2012-09-12,39.323,39.42,38.937,39.307
MIDD,2012-09-13,39.307,39.42,38.5,38.74
MIDD,2012-09-14,38.873,38.92,38.333,38.887
MIDD,2012-09-17,38.717,38.99,38.417,38.917
MIDD,2012-09-18,39.0,39.68,38.873,39.5
MIDD,2012-09-19,39.73,39.73,38.86,39.003
MIDD,2012-09-20,38.723,39.103,38.553,39.003
MIDD,2012-09-21,39.66,39.66,38.69,38.913
MIDD,2012-09-24,38.693,39.64,37.983,39.067
MIDD,2012-09-25,39.25,40.153,38.787,38.827
MIDD,2012-09-26,38.93,38.93,38.273,38.43
MIDD,2012-09-27,38.653,39.22,38.423,38.9
MIDD,2012-09-28,38.633,38.887,38.22,38.547
MIDD,2012-10-01,38.7,39.473,38.61,39.073
MIDD,2012-10-02,39.267,39.527,38.787,39.383
MIDD,2012-10-03,39.467,39.69,38.537,38.86
MIDD,2012-10-04,39.023,39.677,38.88,39.623
MIDD,2012-10-05,39.753,40.653,39.403,39.607
MIDD,2012-10-08,39.403,39.65,39.11,39.41
MIDD,2012-10-09,39.387,39.693,39.023,39.097
MIDD,2012-10-10,39.227,39.917,39.073,39.667
MIDD,2012-10-11,39.95,40.163,39.343,39.483
MIDD,2012-10-12,39.43,39.867,39.32,39.553
MIDD,2012-10-15,39.497,39.887,39.293,39.783
MIDD,2012-10-16,39.93,40.447,39.613,40.33
MIDD,2012-10-17,40.297,40.99,39.883,40.953
MIDD,2012-10-18,40.963,41.317,40.893,41.25
MIDD,2012-10-19,40.897,41.29,40.27,40.933
MIDD,2012-10-22,40.95,41.25,40.467,40.933
MIDD,2012-10-23,40.59,41.03,40.303,40.89
MIDD,2012-10-24,41.233,41.41,40.66,40.887
MIDD,2012-10-25,41.25,41.34,40.863,41.137
MIDD,2012-10-26,41.19,41.333,41.0,41.213
MIDD,2012-10-31,41.293,41.857,40.99,41.65
MIDD,2012-11-01,41.613,42.353,41.333,42.187
MIDD,2012-11-02,42.307,42.63,41.123,41.133
MIDD,2012-11-05,41.18,41.997,39.7,39.91
MIDD,2012-11-06,40.027,41.233,40.027,40.133
MIDD,2012-11-07,39.783,42.167,39.337,41.55
MIDD,2012-11-08,41.4,41.747,40.81,40.863
MIDD,2012-11-09,40.517,41.783,40.397,41.5
MIDD,2012-11-12,41.52,42.21,40.883,41.667
MIDD,2012-11-13,41.507,42.547,41.137,42.09
MIDD,2012-11-14,42.217,42.313,41.27,41.503
MIDD,2012-11-15,41.577,42.91,40.963,42.273
MIDD,2012-11-16,42.583,42.987,41.537,41.83
MIDD,2012-11-19,42.15,42.957,41.67,42.327
MIDD,2012-11-20,41.773,42.573,41.773,42.507
MIDD,2012-11-21,42.34,42.64,42.003,42.233
MIDD,2012-11-23,42.447,42.447,42.087,42.333
MIDD,2012-11-26,42.357,42.467,41.827,42.163
MIDD,2012-11-27,42.167,42.943,42.047,42.577
MIDD,2012-11-28,42.333,42.853,41.69,42.173
MIDD,2012-11-29,42.557,42.783,41.72,42.783
MIDD,2012-11-30,42.493,42.81,42.08,42.463
MIDD,2012-12-03,42.667,42.793,42.05,42.243
MIDD,2012-12-04,42.507,42.973,41.933,42.74
MIDD,2012-12-05,42.73,43.33,42.613,43.283
MIDD,2012-12-06,43.193,43.193,42.44,42.88
MIDD,2012-12-07,43.153,43.153,41.923,42.167
MIDD,2012-12-10,42.033,42.283,41.517,42.23
MIDD,2012-12-11,42.603,43.327,42.133,43.143
MIDD,2012-12-12,43.103,43.157,42.27,42.413
MIDD,2012-12-13,42.407,43.16,41.73,42.387
MIDD,2012-12-14,42.353,43.147,42.16,42.803
MIDD,2012-12-17,42.573,43.143,42.573,43.117
MIDD,2012-12-18,43.423,44.38,43.083,44.13
MIDD,2012-12-19,44.077,44.837,43.643,44.017
MIDD,2012-12-20,43.95,44.24,42.31,42.81
MIDD,2012-12-21,42.087,42.913,41.797,42.567
MIDD,2012-12-24,42.26,42.48,42.19,42.3
MIDD,2012-12-26,42.297,42.733,41.647,42.307
MIDD,2012-12-27,41.967,42.38,41.68,42.097
MIDD,2012-12-28,42.4,42.4,41.773,41.823
MIDD,2012-12-31,41.75,43.087,41.75,42.737
MIDD,2013-01-02,43.883,44.6,43.5,43.797
MIDD,2013-01-03,43.797,44.09,43.317,43.383
MIDD,2013-01-04,43.627,43.857,43.31,43.483
MIDD,2013-01-07,43.323,44.267,43.293,43.887
MIDD,2013-01-08,43.977,44.33,43.62,43.93
MIDD,2013-01-09,44.0,44.233,43.88,43.947
MIDD,2013-01-10,44.233,44.233,43.583,43.83
MIDD,2013-01-11,43.917,44.187,43.57,43.963
MIDD,2013-01-14,43.96,44.1,43.587,43.813
MIDD,2013-01-15,43.637,44.01,43.493,43.973
MIDD,2013-01-16,43.86,43.86,43.417,43.537
MIDD,2013-01-17,43.823,44.073,43.483,43.763
MIDD,2013-01-18,43.637,44.063,43.583,44.003
MIDD,2013-01-22,44.223,44.91,43.89,44.82
MIDD,2013-01-23,45.0,47.0,45.0,46.07
MIDD,2013-01-24,46.18,47.053,46.07,46.807
MIDD,2013-01-25,46.977,47.727,46.653,47.333
MIDD,2013-01-28,47.91,48.233,46.503,47.193
MIDD,2013-01-29,47.04,48.203,46.827,48.097
MIDD,2013-01-30,47.89,48.237,46.737,46.87
MIDD,2013-01-31,46.873,47.78,46.55,47.12
MIDD,2013-02-01,47.38,48.82,47.38,48.163
MIDD,2013-02-04,48.03,48.03,47.24,47.537
MIDD,2013-02-05,47.84,49.467,47.52,49.173
MIDD,2013-02-06,48.92,49.79,48.757,49.383
MIDD,2013-02-07,49.277,49.62,48.943,49.187
MIDD,2013-02-08,49.253,49.837,49.16,49.68
MIDD,2013-02-11,49.603,49.947,49.397,49.75
MIDD,2013-02-12,49.827,50.497,49.24,49.533
MIDD,2013-02-13,49.943,49.943,49.487,49.73
MIDD,2013-02-14,50.483,50.483,48.533,48.85
MIDD,2013-02-15,49.113,50.413,48.98,49.36
MIDD,2013-02-19,49.287,50.203,49.287,49.903
MIDD,2013-02-20,49.777,50.7,48.983,49.053
MIDD,2013-02-21,49.217,49.35,48.533,48.713
MIDD,2013-02-22,49.003,49.507,48.64,49.48
MIDD,2013-02-25,49.653,50.173,47.803,48.043
MIDD,2013-02-26,48.137,49.263,48.137,48.293
MIDD,2013-02-27,48.837,51.58,48.833,49.367
MIDD,2013-02-28,49.653,50.163,49.533,49.77
MIDD,2013-03-01,49.233,50.32,48.923,50.063
MIDD,2013-03-04,49.95,50.067,49.44,50.033
MIDD,2013-03-05,50.01,50.787,49.573,49.927
MIDD,2013-03-06,50.08,50.363,49.803,49.903
MIDD,2013-03-07,49.937,50.067,49.333,49.607
MIDD,2013-03-08,50.06,50.31,49.807,50.0
MIDD,2013-03-11,50.15,50.183,49.773,50.167
MIDD,2013-03-12,50.0,50.203,49.817,49.99
MIDD,2013-03-13,50.0,50.297,49.793,49.87
MIDD,2013-03-14,49.81,50.317,49.623,49.957
MIDD,2013-03-15,49.77,50.287,49.557,49.997
MIDD,2013-03-18,49.49,49.997,49.333,49.603
MIDD,2013-03-19,49.717,49.973,49.333,49.5
MIDD,2013-03-20,49.663,50.597,49.34,50.597
MIDD,2013-03-21,50.407,50.833,50.27,50.64
MIDD,2013-03-22,50.833,51.113,50.667,50.863
MIDD,2013-03-25,50.903,51.093,49.52,49.657
MIDD,2013-03-26,49.863,50.303,49.27,50.087
MIDD,2013-03-27,49.663,50.403,49.283,50.193
MIDD,2013-03-28,50.587,51.167,50.437,50.717
MIDD,2013-04-01,50.83,50.907,49.463,50.067
MIDD,2013-04-02,50.637,51.053,49.917,49.997
MIDD,2013-04-03,50.0,50.263,49.247,49.383
MIDD,2013-04-04,49.233,49.57,49.14,49.483
MIDD,2013-04-05,49.083,49.53,48.377,49.087
MIDD,2013-04-08,49.067,49.28,48.2,48.817
MIDD,2013-04-09,49.0,49.113,48.23,48.413
MIDD,2013-04-10,48.523,49.26,48.017,49.173
MIDD,2013-04-11,49.283,49.687,48.58,49.16
MIDD,2013-04-12,49.19,49.287,48.783,49.113
MIDD,2013-04-15,48.673,49.333,47.293,47.38
MIDD,2013-04-16,47.653,48.923,47.337,48.537
MIDD,2013-04-17,48.733,48.75,46.837,47.673
MIDD,2013-04-18,47.873,48.63,47.463,48.177
MIDD,2013-04-19,48.21,48.887,47.887,48.737
MIDD,2013-04-22,48.537,49.087,47.96,48.91
MIDD,2013-04-23,48.997,50.1,48.997,50.067
MIDD,2013-04-24,50.337,51.09,49.93,50.993
MIDD,2013-04-25,51.033,51.667,50.133,50.413
MIDD,2013-04-26,50.4,50.407,49.073,49.727
MIDD,2013-04-29,50.003,50.857,49.713,50.13
MIDD,2013-04-30,49.827,49.913,49.027,49.86
MIDD,2013-05-01,49.59,49.59,47.957,47.977
MIDD,2013-05-02,48.073,48.687,47.737,48.043
MIDD,2013-05-03,48.62,49.417,48.073,48.26
MIDD,2013-05-06,48.333,48.37,47.57,47.663
MIDD,2013-05-07,48.997,48.997,47.74,48.447
MIDD,2013-05-08,48.5,48.963,47.823,48.89
MIDD,2013-05-09,51.003,52.3,50.103,50.593
MIDD,2013-05-10,50.857,55.553,50.687,54.76
MIDD,2013-05-13,54.54,54.907,53.023,53.163
MIDD,2013-05-14,53.313,54.22,53.0,54.217
MIDD,2013-05-15,54.35,55.76,53.87,55.057
MIDD,2013-05-16,54.927,54.997,53.857,54.12
MIDD,2013-05-17,54.177,54.87,54.113,54.84
MIDD,2013-05-20,54.917,55.683,54.863,55.397
MIDD,2013-05-21,55.567,56.757,55.4,56.257
MIDD,2013-05-22,56.257,57.177,54.01,54.517
MIDD,2013-05-23,54.047,54.813,53.667,54.75
MIDD,2013-05-24,54.617,55.087,53.853,54.99
MIDD,2013-05-28,55.797,56.657,55.14,56.147
MIDD,2013-05-29,55.797,55.93,55.063,55.123
MIDD,2013-05-30,55.287,55.51,54.737,54.993
MIDD,2013-05-31,54.713,55.227,54.327,54.497
MIDD,2013-06-03,54.643,55.553,54.1,55.523
MIDD,2013-06-04,55.497,55.77,54.627,55.483
MIDD,2013-06-05,55.28,55.63,54.717,54.887
MIDD,2013-06-06,54.397,55.337,54.157,55.33
MIDD,2013-06-07,55.65,56.203,55.107,55.833
MIDD,2013-06-10,55.997,56.66,55.577,56.227
MIDD,2013-06-11,55.647,56.057,55.28,55.39
MIDD,2013-06-12,55.53,56.003,54.763,55.337
MIDD,2013-06-13,55.19,55.98,54.733,55.773
MIDD,2013-06-14,55.74,55.74,54.97,54.983
MIDD,2013-06-17,55.48,56.39,54.943,56.127
MIDD,2013-06-18,56.393,57.21,55.84,56.93
MIDD,2013-06-19,57.097,57.137,56.007,56.01
MIDD,2013-06-20,55.613,55.78,54.623,54.987
MIDD,2013-06-21,55.157,55.957,55.073,55.51
MIDD,2013-06-24,54.99,55.423,53.483,54.85
MIDD,2013-06-25,55.237,56.117,54.887,56.11
MIDD,2013-06-26,56.317,56.807,55.79,56.267
MIDD,2013-06-27,56.6,57.983,56.18,57.737
MIDD,2013-06-28,57.5,58.207,56.64,56.697
MIDD,2013-07-01,56.7,57.997,56.097,57.917
MIDD,2013-07-02,57.843,58.807,57.727,58.217
MIDD,2013-07-03,58.197,58.553,57.5,58.493
MIDD,2013-07-05,59.223,59.757,58.577,59.68
MIDD,2013-07-08,59.967,60.75,59.68,60.21
MIDD,2013-07-09,60.607,61.497,59.833,60.533
MIDD,2013-07-10,60.537,60.807,58.897,58.99
MIDD,2013-07-11,59.813,60.113,59.003,59.847
MIDD,2013-07-12,60.11,61.333,59.873,61.187
MIDD,2013-07-15,61.267,62.413,61.15,61.483
MIDD,2013-07-16,61.537,62.26,61.333,61.847
MIDD,2013-07-17,61.84,62.54,61.36,61.983
MIDD,2013-07-18,62.177,62.9,61.807,62.53
MIDD,2013-07-19,62.65,62.817,62.143,62.297
MIDD,2013-07-22,62.04,62.433,62.04,62.093
MIDD,2013-07-23,62.077,62.333,61.37,61.52
MIDD,2013-07-24,61.75,62.177,61.47,61.827
MIDD,2013-07-25,61.86,62.133,61.073,61.18
MIDD,2013-07-26,60.763,61.167,60.333,60.68
MIDD,2013-07-29,60.77,61.25,60.167,60.18
MIDD,2013-07-30,60.553,60.983,59.71,60.0
MIDD,2013-07-31,60.033,60.543,59.503,59.647
MIDD,2013-08-01,60.493,61.803,60.493,61.683
MIDD,2013-08-02,61.313,61.9,60.753,61.62
MIDD,2013-08-05,61.653,62.653,61.617,62.16
MIDD,2013-08-06,62.147,62.58,60.62,60.723
MIDD,2013-08-07,60.407,61.25,58.167,59.15
MIDD,2013-08-08,59.633,60.267,59.03,59.713
MIDD,2013-08-09,61.713,67.91,60.95,67.517
MIDD,2013-08-12,66.687,70.663,65.667,69.633
MIDD,2013-08-13,69.7,70.037,67.43,67.5
MIDD,2013-08-14,67.827,68.327,66.16,66.333
MIDD,2013-08-15,65.4,65.4,63.787,63.79
MIDD,2013-08-16,63.53,63.54,62.76,63.307
MIDD,2013-08-19,63.25,63.79,62.727,63.26
MIDD,2013-08-20,63.437,64.223,63.13,63.887
MIDD,2013-08-21,63.39,64.25,62.77,63.607
MIDD,2013-08-22,63.68,64.827,63.633,64.73
MIDD,2013-08-23,64.727,64.73,63.293,63.493
MIDD,2013-08-26,63.47,63.887,62.873,63.257
MIDD,2013-08-27,62.65,62.787,61.773,62.143
MIDD,2013-08-28,62.027,62.083,61.093,61.64
MIDD,2013-08-29,61.69,63.16,61.54,62.82
MIDD,2013-08-30,62.61,62.61,61.37,61.98
MIDD,2013-09-03,62.707,63.33,61.933,63.17
MIDD,2013-09-04,63.333,64.653,63.32,64.653
MIDD,2013-09-05,64.863,66.043,64.65,65.387
MIDD,2013-09-06,66.01,66.247,65.17,65.427
MIDD,2013-09-09,65.98,68.307,65.703,67.69
MIDD,2013-09-10,68.333,69.37,67.833,69.223
MIDD,2013-09-11,69.277,70.943,69.263,70.46
MIDD,2013-09-12,71.04,71.167,69.017,69.023
MIDD,2013-09-13,69.38,69.863,67.547,68.523
MIDD,2013-09-16,69.87,70.62,69.2,70.323
MIDD,2013-09-17,70.357,71.957,70.203,71.45
MIDD,2013-09-18,71.243,72.607,70.217,72.07
MIDD,2013-09-19,73.093,73.337,71.333,71.703
MIDD,2013-09-20,71.767,71.927,70.73,70.75
MIDD,2013-09-23,70.867,71.54,69.567,70.55
MIDD,2013-09-24,70.457,71.7,69.833,71.04
MIDD,2013-09-25,71.49,71.49,70.097,70.563
MIDD,2013-09-26,70.893,71.477,70.337,70.62
MIDD,2013-09-27,70.233,70.437,69.7,70.08
MIDD,2013-09-30,69.333,69.997,68.897,69.637
MIDD,2013-10-01,69.83,72.097,69.637,71.6
MIDD,2013-10-02,71.35,72.413,70.753,71.78
MIDD,2013-10-03,71.733,72.303,69.097,69.613
MIDD,2013-10-04,69.613,71.11,69.47,70.527
MIDD,2013-10-07,70.013,70.433,69.17,69.333
MIDD,2013-10-08,69.107,69.25,68.25,68.64
MIDD,2013-10-09,69.01,69.14,67.103,68.237
MIDD,2013-10-10,69.167,69.333,68.753,69.247
MIDD,2013-10-11,69.197,71.883,69.197,71.85
MIDD,2013-10-14,71.25,72.6,70.74,72.483
MIDD,2013-10-15,72.47,72.517,70.58,70.633
MIDD,2013-10-16,71.04,71.66,70.57,70.877
MIDD,2013-10-17,70.653,72.3,70.11,72.23
MIDD,2013-10-18,72.923,74.45,72.393,74.36
MIDD,2013-10-21,74.683,74.993,73.643,74.023
MIDD,2013-10-22,74.667,76.297,74.667,76.217
MIDD,2013-10-23,75.527,76.13,74.703,74.877
MIDD,2013-10-24,75.543,77.163,75.46,76.473
MIDD,2013-10-25,77.203,77.39,75.91,77.193
MIDD,2013-10-28,77.193,77.193,75.84,76.973
MIDD,2013-10-29,76.973,77.813,76.11,76.473
MIDD,2013-10-30,76.293,76.46,75.173,75.837
MIDD,2013-10-31,75.603,76.99,75.093,75.883
MIDD,2013-11-01,75.71,77.0,75.667,75.937
MIDD,2013-11-04,76.667,77.107,75.573,75.707
MIDD,2013-11-05,74.893,76.38,73.86,75.41
MIDD,2013-11-06,79.667,79.667,71.667,75.207
MIDD,2013-11-07,75.807,75.807,72.073,72.09
MIDD,2013-11-08,73.753,75.767,72.05,74.667
MIDD,2013-11-11,74.667,74.843,72.78,73.0
MIDD,2013-11-12,72.967,73.0,71.73,72.253
MIDD,2013-11-13,71.967,73.417,71.267,73.397
MIDD,2013-11-14,73.54,74.88,73.503,73.98
MIDD,2013-11-15,74.003,74.003,71.333,71.977
MIDD,2013-11-18,71.83,72.363,69.533,69.85
MIDD,2013-11-19,69.68,69.993,68.05,68.593
MIDD,2013-11-20,68.87,69.923,68.707,69.12
MIDD,2013-11-21,69.447,71.31,69.22,71.12
MIDD,2013-11-22,71.12,71.403,70.423,71.31
MIDD,2013-11-25,72.113,72.113,70.757,71.2
MIDD,2013-11-26,71.093,72.877,70.687,72.743
MIDD,2013-11-27,72.833,73.64,72.51,73.253
MIDD,2013-11-29,73.667,74.15,73.377,73.613
MIDD,2013-12-02,73.807,75.943,73.217,73.527
MIDD,2013-12-03,73.44,74.32,72.433,72.88
MIDD,2013-12-04,72.78,73.303,72.167,72.85
MIDD,2013-12-05,72.977,73.893,72.5,73.28
MIDD,2013-12-06,73.863,75.093,73.29,74.773
MIDD,2013-12-09,74.62,75.487,74.08,74.81
MIDD,2013-12-10,74.877,75.16,74.037,74.06
MIDD,2013-12-11,74.233,74.333,73.37,73.813
MIDD,2013-12-12,73.813,74.967,73.35,74.407
MIDD,2013-12-13,74.64,75.323,74.263,74.917
MIDD,2013-12-16,75.173,76.783,75.173,76.25
MIDD,2013-12-17,76.003,76.333,74.733,75.48
MIDD,2013-12-18,75.387,75.997,74.167,75.707
MIDD,2013-12-19,75.37,76.647,75.343,76.51
MIDD,2013-12-20,76.84,80.28,76.403,80.107
MIDD,2013-12-23,80.417,81.327,80.107,80.207
MIDD,2013-12-24,80.49,82.563,80.49,81.617
MIDD,2013-12-26,82.267,82.847,81.17,81.513
MIDD,2013-12-27,81.967,81.967,80.537,80.833
MIDD,2013-12-30,81.23,81.477,80.247,80.757
MIDD,2013-12-31,80.757,80.803,79.817,79.907
MIDD,2014-01-02,79.867,82.69,78.913,82.62
MIDD,2014-01-03,82.833,84.657,82.327,83.297
MIDD,2014-01-06,84.207,84.207,83.113,83.96
MIDD,2014-01-07,84.087,85.293,83.713,84.77
MIDD,2014-01-08,84.907,85.267,82.1,82.357
MIDD,2014-01-09,82.473,83.157,81.823,82.843
MIDD,2014-01-10,82.843,83.263,82.41,83.013
MIDD,2014-01-13,82.43,83.133,80.683,81.297
MIDD,2014-01-14,81.873,82.3,80.843,82.007
MIDD,2014-01-15,82.57,83.567,81.837,83.237
MIDD,2014-01-16,83.333,83.863,82.583,83.37
MIDD,2014-01-17,83.333,84.46,83.22,84.207
MIDD,2014-01-21,85.01,86.07,84.657,85.467
MIDD,2014-01-22,85.873,86.663,85.463,85.667
MIDD,2014-01-23,85.523,85.523,84.23,84.717
MIDD,2014-01-24,84.017,84.583,80.91,81.203
MIDD,2014-01-27,81.66,82.103,79.01,79.297
MIDD,2014-01-28,79.337,83.657,79.153,81.33
MIDD,2014-01-29,80.263,81.457,79.53,80.697
MIDD,2014-01-30,81.24,82.447,81.16,81.25
MIDD,2014-01-31,80.043,82.9,79.337,82.193
MIDD,2014-02-03,82.197,83.173,79.193,79.463
MIDD,2014-02-04,80.533,81.467,79.363,80.553
MIDD,2014-02-05,80.323,80.97,78.407,79.483
MIDD,2014-02-06,79.547,80.713,79.087,80.597
MIDD,2014-02-07,81.333,83.007,80.75,82.773
MIDD,2014-02-10,82.887,82.887,81.003,81.887
MIDD,2014-02-11,81.657,82.16,81.047,81.737
MIDD,2014-02-12,81.833,83.323,81.617,82.347
MIDD,2014-02-13,81.663,85.267,81.333,84.79
MIDD,2014-02-14,85.077,85.163,83.477,84.717
MIDD,2014-02-18,85.297,86.473,84.75,86.253
MIDD,2014-02-19,86.487,86.967,85.61,85.757
MIDD,2014-02-20,85.077,86.843,85.077,86.527
MIDD,2014-02-21,87.113,88.25,85.47,87.513
MIDD,2014-02-24,87.557,89.113,86.873,87.797
MIDD,2014-02-25,88.043,88.92,86.88,87.903
MIDD,2014-02-26,98.337,101.1,96.667,99.83
MIDD,2014-02-27,100.0,102.04,99.65,99.92
MIDD,2014-02-28,100.27,101.61,98.543,98.853
MIDD,2014-03-03,97.253,97.57,95.173,96.323
MIDD,2014-03-04,97.667,99.96,95.413,96.583
MIDD,2014-03-05,96.45,97.307,94.173,95.067
MIDD,2014-03-06,94.77,96.44,93.667,95.52
MIDD,2014-03-07,95.56,96.35,95.027,95.823
MIDD,2014-03-10,95.673,96.11,94.287,95.14
MIDD,2014-03-11,94.983,95.44,92.317,92.883
MIDD,2014-03-12,92.367,93.107,91.237,93.107
MIDD,2014-03-13,93.55,94.913,93.26,93.91
MIDD,2014-03-14,93.443,96.123,93.443,95.103
MIDD,2014-03-17,96.08,97.663,95.603,95.833
MIDD,2014-03-18,95.85,96.673,94.343,94.697
MIDD,2014-03-19,94.47,95.157,92.59,93.593
MIDD,2014-03-20,93.09,93.71,92.153,92.39
MIDD,2014-03-21,93.207,93.8,92.08,92.313
MIDD,2014-03-24,92.24,92.63,89.003,89.363
MIDD,2014-03-25,90.257,91.64,88.807,89.167
MIDD,2014-03-26,90.113,90.533,86.383,86.387
MIDD,2014-03-27,86.457,87.317,85.45,86.9
MIDD,2014-03-28,86.777,88.383,86.12,86.467
MIDD,2014-03-31,87.22,88.333,86.407,88.07
MIDD,2014-04-01,88.24,92.017,87.263,91.37
MIDD,2014-04-02,91.86,92.147,90.067,90.837
MIDD,2014-04-03,91.03,91.483,88.593,88.62
MIDD,2014-04-04,89.18,90.163,85.257,85.61
MIDD,2014-04-07,84.807,84.903,83.383,84.09
MIDD,2014-04-08,84.09,85.28,83.08,85.157
MIDD,2014-04-09,85.867,87.707,85.663,87.42
MIDD,2014-04-10,87.263,87.263,83.5,83.78
MIDD,2014-04-11,82.033,84.733,81.693,83.197
MIDD,2014-04-14,84.177,84.307,82.067,83.607
MIDD,2014-04-15,83.757,86.21,83.34,85.533
MIDD,2014-04-16,85.937,88.667,85.937,88.203
MIDD,2014-04-17,88.203,88.99,87.17,87.923
MIDD,2014-04-21,88.063,88.767,86.133,87.217
MIDD,2014-04-22,87.13,88.19,86.71,87.237
MIDD,2014-04-23,87.057,87.307,84.547,86.05
MIDD,2014-04-24,86.667,86.933,84.967,85.647
MIDD,2014-04-25,84.333,87.16,83.603,84.203
MIDD,2014-04-28,84.397,86.223,81.683,83.543
MIDD,2014-04-29,83.653,84.387,82.15,83.247
MIDD,2014-04-30,83.533,84.723,82.453,84.16
MIDD,2014-05-01,83.883,85.51,83.417,84.717
MIDD,2014-05-02,84.457,86.847,84.457,85.8
MIDD,2014-05-05,85.333,86.697,85.257,85.943
MIDD,2014-05-06,85.2,85.55,82.737,83.303
MIDD,2014-05-07,83.053,84.62,81.753,82.92
MIDD,2014-05-08,81.66,86.163,75.817,83.49
MIDD,2014-05-09,81.867,82.383,76.303,76.963
MIDD,2014-05-12,77.027,78.333,72.603,76.437
MIDD,2014-05-13,76.58,78.393,74.987,75.47
MIDD,2014-05-14,75.333,75.5,72.423,72.517
MIDD,2014-05-15,73.05,74.997,72.057,74.89
MIDD,2014-05-16,74.797,75.303,73.527,74.73
MIDD,2014-05-19,74.087,77.12,73.567,77.06
MIDD,2014-05-20,77.0,78.113,74.547,75.743
MIDD,2014-05-21,75.797,76.667,74.54,74.977
MIDD,2014-05-22,74.94,76.137,74.61,75.833
MIDD,2014-05-23,76.093,78.293,75.48,78.057
MIDD,2014-05-27,78.083,79.703,78.063,78.823
MIDD,2014-05-28,78.157,79.01,77.553,78.677
MIDD,2014-05-29,79.307,79.637,77.863,79.503
MIDD,2014-05-30,79.853,79.853,78.64,79.607
MIDD,2014-06-02,80.013,84.173,79.713,83.827
MIDD,2014-06-03,83.67,85.227,82.107,82.177
MIDD,2014-06-04,81.89,82.653,81.02,81.807
MIDD,2014-06-05,81.807,83.64,80.74,83.117
MIDD,2014-06-06,83.77,84.303,83.12,84.137
MIDD,2014-06-09,83.437,84.87,82.783,84.193
MIDD,2014-06-10,83.667,84.413,81.96,82.747
MIDD,2014-06-11,82.55,83.217,81.973,82.263
MIDD,2014-06-12,82.533,82.683,81.11,81.713
MIDD,2014-06-13,82.163,82.533,80.633,81.0
MIDD,2014-06-16,80.66,80.95,79.533,80.87
MIDD,2014-06-17,80.837,83.589,80.263,82.4
MIDD,2014-06-18,82.4,83.117,81.667,82.947
MIDD,2014-06-19,82.883,82.9,81.133,81.38
MIDD,2014-06-20,81.887,82.93,81.16,81.47
MIDD,2014-06-23,81.967,82.218,81.2,81.333
MIDD,2014-06-24,81.967,82.093,80.787,81.12
MIDD,2014-06-25,80.813,81.817,80.62,81.697
MIDD,2014-06-26,81.74,82.333,80.354,81.363
MIDD,2014-06-27,82.65,82.65,79.6,80.24
MIDD,2014-06-30,80.89,84.45,80.75,82.72
MIDD,2014-07-01,83.01,84.25,83.01,83.2
MIDD,2014-07-02,83.25,84.12,82.61,82.78
MIDD,2014-07-03,82.68,83.45,82.51,83.36
MIDD,2014-07-07,83.06,83.82,81.22,81.29
MIDD,2014-07-08,81.35,81.35,79.31,79.93
MIDD,2014-07-09,80.04,80.68,79.38,79.95
MIDD,2014-07-10,79.01,80.02,78.72,79.85
MIDD,2014-07-11,79.9,80.77,78.53,78.59
MIDD,2014-07-14,79.33,79.85,78.07,78.15
MIDD,2014-07-15,78.38,79.1,76.68,77.37
MIDD,2014-07-16,78.19,78.755,76.56,76.67
MIDD,2014-07-17,76.36,76.66,74.69,74.78
MIDD,2014-07-18,74.79,76.09,74.66,75.73
MIDD,2014-07-21,75.5,75.62,74.33,74.86
MIDD,2014-07-22,74.9,75.72,74.5,74.84
MIDD,2014-07-23,75.01,76.63,74.7,75.73
MIDD,2014-07-24,75.66,76.699,74.358,74.53
MIDD,2014-07-25,74.27,75.34,74.25,74.49
MIDD,2014-07-28,74.5,74.99,74.24,74.28
MIDD,2014-07-29,74.28,74.73,73.12,73.18
MIDD,2014-07-30,74.3,74.772,73.41,74.06
MIDD,2014-07-31,73.67,73.67,72.42,72.86
MIDD,2014-08-01,72.75,72.8,70.55,72.0
MIDD,2014-08-04,72.24,72.67,71.47,72.43
MIDD,2014-08-05,71.93,72.68,71.4,71.77
MIDD,2014-08-06,71.73,72.64,71.58,72.16
MIDD,2014-08-07,80.77,85.55,75.0,82.69
MIDD,2014-08-08,82.82,83.85,80.51,81.99
MIDD,2014-08-11,82.78,85.895,82.028,84.35
MIDD,2014-08-12,84.32,85.73,83.51,83.6
MIDD,2014-08-13,83.58,84.77,83.58,84.7
MIDD,2014-08-14,84.724,87.95,84.724,87.77
MIDD,2014-08-15,88.0,88.19,85.7,86.72
MIDD,2014-08-18,87.45,88.86,87.02,88.74
MIDD,2014-08-19,89.3,89.472,87.96,88.13
MIDD,2014-08-20,87.95,88.09,87.1,87.59
MIDD,2014-08-21,87.68,87.73,86.07,87.55
MIDD,2014-08-22,87.55,88.16,86.91,87.56
MIDD,2014-08-25,87.83,87.99,87.08,87.25
MIDD,2014-08-26,87.44,87.625,86.24,86.29
MIDD,2014-08-27,86.27,86.97,85.47,85.86
MIDD,2014-08-28,85.16,86.42,84.95,86.12
MIDD,2014-08-29,86.31,86.52,85.595,86.23
MIDD,2014-09-02,86.73,88.974,86.5,88.29
MIDD,2014-09-03,88.94,89.0,86.94,87.18
MIDD,2014-09-04,87.16,87.936,86.42,86.7
MIDD,2014-09-05,86.49,87.22,86.145,87.18
MIDD,2014-09-08,87.02,87.91,86.32,87.63
MIDD,2014-09-09,87.93,87.93,85.41,85.8
MIDD,2014-09-10,85.67,86.59,85.08,86.22
MIDD,2014-09-11,86.0,87.48,85.596,86.95
MIDD,2014-09-12,86.76,87.14,85.52,86.38
MIDD,2014-09-15,85.91,86.46,84.91,86.31
MIDD,2014-09-16,85.86,87.77,85.66,87.51
MIDD,2014-09-17,87.48,91.397,86.75,90.18
MIDD,2014-09-18,90.15,93.15,89.0,91.85
MIDD,2014-09-19,92.58,92.904,89.08,89.23
MIDD,2014-09-22,88.77,88.96,87.17,88.73
MIDD,2014-09-23,88.73,89.31,87.86,88.53
MIDD,2014-09-24,88.99,89.73,87.7,89.41
MIDD,2014-09-25,89.09,89.205,87.1,87.84
MIDD,2014-09-26,87.92,89.31,87.1,89.01
MIDD,2014-09-29,88.08,90.39,88.08,89.81
MIDD,2014-09-30,89.54,89.63,88.12,88.13
MIDD,2014-10-01,88.21,88.21,85.61,86.36
MIDD,2014-10-02,86.54,87.26,85.38,87.2
MIDD,2014-10-03,88.44,88.61,87.55,88.22
MIDD,2014-10-06,88.77,88.86,88.1,88.45
MIDD,2014-10-07,87.5,88.4,87.5,87.6
MIDD,2014-10-08,88.0,88.875,86.67,88.76
MIDD,2014-10-09,88.92,89.14,86.8,86.86
MIDD,2014-10-10,86.43,86.43,81.88,82.31
MIDD,2014-10-13,82.35,82.46,79.54,79.66
MIDD,2014-10-14,79.7,81.17,79.36,79.74
MIDD,2014-10-15,78.69,80.7,78.0,79.83
MIDD,2014-10-16,78.47,82.74,78.43,82.45
MIDD,2014-10-17,83.44,83.83,81.78,82.52
MIDD,2014-10-20,82.03,82.65,81.32,82.61
MIDD,2014-10-21,83.62,85.91,83.32,85.71
MIDD,2014-10-22,86.27,86.65,83.11,83.31
MIDD,2014-10-23,84.4,86.11,83.864,85.18
MIDD,2014-10-24,84.86,85.48,84.23,85.01
MIDD,2014-10-27,84.42,85.51,83.78,85.42
MIDD,2014-10-28,85.58,87.75,85.58,87.47
MIDD,2014-10-29,87.75,88.44,86.51,87.43
MIDD,2014-10-30,87.49,88.79,86.34,87.72
MIDD,2014-10-31,87.5,88.97,87.5,88.5
MIDD,2014-11-03,88.2,91.021,88.2,89.25
MIDD,2014-11-04,85.35,89.84,85.32,88.62
MIDD,2014-11-05,88.59,89.92,88.18,88.52
MIDD,2014-11-06,86.34,94.47,85.56,92.21
MIDD,2014-11-07,92.68,94.06,90.0,94.0
MIDD,2014-11-10,92.167,94.67,92.167,94.01
MIDD,2014-11-11,94.11,94.46,93.17,93.84
MIDD,2014-11-12,93.4,94.85,92.68,94.01
MIDD,2014-11-13,94.3,94.83,93.36,93.9
MIDD,2014-11-14,93.75,94.36,93.025,93.7
MIDD,2014-11-17,93.47,94.23,92.64,93.24
MIDD,2014-11-18,93.32,94.97,93.09,93.13
MIDD,2014-11-19,92.96,92.96,91.25,92.35
MIDD,2014-11-20,92.24,93.22,91.59,92.83
MIDD,2014-11-21,93.55,94.82,92.92,93.25
MIDD,2014-11-24,94.08,94.63,92.96,93.69
MIDD,2014-11-25,93.7,96.17,93.46,96.04
MIDD,2014-11-26,96.28,96.28,94.78,95.62
MIDD,2014-11-28,95.73,95.86,95.14,95.64
MIDD,2014-12-01,95.05,97.0,95.05,96.6
MIDD,2014-12-02,96.46,97.58,94.15,94.34
MIDD,2014-12-03,94.62,95.59,94.49,95.45
MIDD,2014-12-04,95.53,97.42,95.35,97.29
MIDD,2014-12-05,97.87,97.92,96.92,97.34
MIDD,2014-12-08,96.5,97.73,95.61,96.09
MIDD,2014-12-09,94.42,97.33,94.42,97.25
MIDD,2014-12-10,96.69,97.895,94.43,95.15
MIDD,2014-12-11,95.37,96.59,95.18,95.56
MIDD,2014-12-12,94.86,95.89,94.05,95.83
MIDD,2014-12-15,96.26,96.94,94.42,95.35
MIDD,2014-12-16,95.0,95.82,93.44,93.59
MIDD,2014-12-17,93.75,93.75,91.53,93.36
MIDD,2014-12-18,94.15,96.81,93.33,95.68
MIDD,2014-12-19,95.59,95.63,93.5,94.39
MIDD,2014-12-22,95.0,96.51,94.49,96.37
MIDD,2014-12-23,96.58,99.225,96.04,98.95
MIDD,2014-12-24,99.33,99.54,98.94,99.1
MIDD,2014-12-26,99.5,99.76,99.01,99.33
MIDD,2014-12-29,98.83,99.75,98.05,99.56
MIDD,2014-12-30,99.68,100.07,98.33,99.93
MIDD,2014-12-31,100.08,100.27,99.0,99.1
MIDD,2015-01-02,99.77,100.64,97.07,99.04
MIDD,2015-01-05,98.14,99.47,96.428,96.98
MIDD,2015-01-06,97.03,97.03,94.18,95.42
MIDD,2015-01-07,96.81,96.81,94.41,94.91
MIDD,2015-01-08,96.07,97.093,95.1,96.99
MIDD,2015-01-09,97.39,97.5,95.61,95.7
MIDD,2015-01-12,96.05,96.07,93.04,93.34
MIDD,2015-01-13,93.73,96.84,93.73,95.37
MIDD,2015-01-14,94.64,96.04,94.32,95.5
MIDD,2015-01-15,95.85,97.35,94.461,94.83
MIDD,2015-01-16,94.8,95.31,93.85,94.93
MIDD,2015-01-20,95.5,97.66,94.66,96.92
MIDD,2015-01-21,96.39,98.5,96.39,97.48
MIDD,2015-01-22,97.73,98.56,97.01,97.49
MIDD,2015-01-23,97.6,97.71,96.61,96.75
MIDD,2015-01-26,97.15,97.96,96.32,96.825
MIDD,2015-01-27,95.46,96.76,94.43,96.39
MIDD,2015-01-28,96.5,97.0,94.55,94.68
MIDD,2015-01-29,95.14,96.18,93.22,96.03
MIDD,2015-01-30,95.29,96.01,94.295,95.02
MIDD,2015-02-02,94.88,96.04,94.03,95.92
MIDD,2015-02-03,95.86,97.95,95.86,96.92
MIDD,2015-02-04,96.52,97.419,95.77,96.215
MIDD,2015-02-05,96.53,97.9,96.24,97.72
MIDD,2015-02-06,97.72,99.35,97.42,98.67
MIDD,2015-02-09,98.61,99.27,97.72,97.87
MIDD,2015-02-10,98.54,100.0,97.52,99.62
MIDD,2015-02-11,99.86,102.9,99.37,102.73
MIDD,2015-02-12,103.89,104.96,102.5,104.11
MIDD,2015-02-13,104.48,105.7,104.48,105.62
MIDD,2015-02-17,105.62,105.98,103.0,104.11
MIDD,2015-02-18,104.17,105.15,103.62,105.07
MIDD,2015-02-19,105.0,105.97,104.16,105.07
MIDD,2015-02-20,105.06,109.9,104.11,109.0
MIDD,2015-02-23,109.51,110.0,106.83,107.37
MIDD,2015-02-24,106.5,108.85,106.5,108.08
MIDD,2015-02-25,108.48,109.74,107.55,108.13
MIDD,2015-02-26,108.2,108.6,106.49,107.29
MIDD,2015-02-27,107.37,107.69,105.5,106.61
MIDD,2015-03-02,106.86,108.02,105.64,107.62
MIDD,2015-03-03,107.62,107.62,105.31,106.89
MIDD,2015-03-04,101.5,103.15,97.8,101.31
MIDD,2015-03-05,101.12,104.55,101.12,104.46
MIDD,2015-03-06,104.0,105.38,103.37,105.24
MIDD,2015-03-09,105.8,107.88,105.47,107.19
MIDD,2015-03-10,106.81,106.99,105.46,106.61
MIDD,2015-03-11,106.99,107.64,106.77,107.49
MIDD,2015-03-12,108.36,108.74,106.88,108.61
MIDD,2015-03-13,108.18,108.59,106.91,107.75
MIDD,2015-03-16,107.55,107.89,106.79,107.81
MIDD,2015-03-17,107.21,108.13,106.92,107.98
MIDD,2015-03-18,107.47,108.04,106.62,107.23
MIDD,2015-03-19,106.41,107.43,104.73,106.64
MIDD,2015-03-20,107.21,107.47,105.53,106.54
MIDD,2015-03-23,106.5,106.5,104.22,104.3
MIDD,2015-03-24,104.08,104.57,103.0,103.71
MIDD,2015-03-25,104.9,104.9,102.58,102.67
MIDD,2015-03-26,102.5,102.59,100.64,100.9
MIDD,2015-03-27,100.96,103.17,100.81,102.62
MIDD,2015-03-30,103.06,104.39,102.4,103.01
MIDD,2015-03-31,102.54,102.86,101.31,102.65
MIDD,2015-04-01,102.76,105.11,101.71,104.76
MIDD,2015-04-02,104.91,105.78,103.99,104.17
MIDD,2015-04-06,103.51,105.32,103.0,104.21
MIDD,2015-04-07,104.23,105.39,103.85,104.25
MIDD,2015-04-08,104.18,104.56,102.92,103.64
MIDD,2015-04-09,103.5,104.56,102.31,103.37
MIDD,2015-04-10,104.0,104.24,101.47,102.2
MIDD,2015-04-13,102.98,103.84,102.28,103.5
MIDD,2015-04-14,103.81,104.1,102.35,103.02
MIDD,2015-04-15,103.32,105.32,102.9,104.98
MIDD,2015-04-16,104.96,105.26,104.17,105.16
MIDD,2015-04-17,104.27,104.27,101.5,102.6
MIDD,2015-04-20,102.53,103.23,101.76,101.85
MIDD,2015-04-21,103.21,104.76,101.84,104.04
MIDD,2015-04-22,104.11,104.14,102.96,103.24
MIDD,2015-04-23,102.9,104.52,102.59,103.69
MIDD,2015-04-24,103.53,103.8,102.89,103.17
MIDD,2015-04-27,103.39,103.92,103.07,103.49
MIDD,2015-04-28,103.77,104.65,102.73,104.55
MIDD,2015-04-29,103.94,104.63,102.96,103.8
MIDD,2015-04-30,103.49,103.49,101.07,101.34
MIDD,2015-05-01,101.74,103.16,101.36,102.62
MIDD,2015-05-04,102.3,103.16,101.89,102.08
MIDD,2015-05-05,102.16,103.15,101.01,101.78
MIDD,2015-05-06,101.65,102.46,101.0,102.22
MIDD,2015-05-07,101.37,103.33,101.01,102.74
MIDD,2015-05-08,103.56,104.19,102.61,102.91
MIDD,2015-05-11,103.2,104.35,102.43,102.87
MIDD,2015-05-12,103.05,103.05,99.0,100.98
MIDD,2015-05-13,101.0,103.78,100.97,101.61
MIDD,2015-05-14,105.81,109.88,102.0,109.25
MIDD,2015-05-15,109.5,109.88,108.26,108.7
MIDD,2015-05-18,109.0,109.42,107.87,108.95
MIDD,2015-05-19,108.95,109.0,107.0,108.54
MIDD,2015-05-20,108.3,110.63,107.85,110.15
MIDD,2015-05-21,110.15,111.94,110.15,111.31
MIDD,2015-05-22,111.44,111.52,110.31,110.8
MIDD,2015-05-26,110.2,110.72,109.19,110.44
MIDD,2015-05-27,110.52,111.92,109.79,111.4
MIDD,2015-05-28,111.6,111.6,109.8,111.15
MIDD,2015-05-29,111.48,111.48,108.01,108.7
MIDD,2015-06-01,109.09,109.45,106.94,108.15
MIDD,2015-06-02,107.6,109.63,107.6,109.33
MIDD,2015-06-03,109.68,110.49,108.37,109.58
MIDD,2015-06-04,109.23,109.23,107.92,108.32
MIDD,2015-06-05,107.89,109.23,107.49,109.16
MIDD,2015-06-08,109.1,109.1,107.83,108.1
MIDD,2015-06-09,107.62,109.58,107.57,108.47
MIDD,2015-06-10,109.11,109.96,108.83,109.48
MIDD,2015-06-11,109.5,109.9,108.65,109.33
MIDD,2015-06-12,109.09,109.59,108.2,108.81
MIDD,2015-06-15,108.07,108.35,106.77,107.57
MIDD,2015-06-16,107.24,107.91,107.13,107.5
MIDD,2015-06-17,107.5,115.19,107.5,113.6
MIDD,2015-06-18,114.03,115.12,113.36,114.03
MIDD,2015-06-19,114.76,114.97,113.39,114.49
MIDD,2015-06-22,115.33,116.38,114.03,114.42
MIDD,2015-06-23,113.65,114.58,112.19,112.64
MIDD,2015-06-24,112.54,112.94,111.27,112.6
MIDD,2015-06-25,112.78,114.36,112.61,113.1
MIDD,2015-06-26,113.05,113.94,112.49,113.81
MIDD,2015-06-29,112.92,113.85,111.6,111.72
MIDD,2015-06-30,112.44,113.55,112.07,112.23
MIDD,2015-07-01,112.68,112.97,111.93,112.67
MIDD,2015-07-02,113.3,114.99,112.45,114.75
MIDD,2015-07-06,114.23,117.3,113.73,115.73
MIDD,2015-07-07,115.76,115.88,114.59,115.7
MIDD,2015-07-08,114.1,115.75,112.25,112.9
MIDD,2015-07-09,114.18,114.8,113.07,113.18
MIDD,2015-07-10,114.52,114.56,113.04,114.23
MIDD,2015-07-13,114.84,118.66,114.84,118.55
MIDD,2015-07-14,118.5,120.0,116.88,118.8
MIDD,2015-07-15,119.75,122.43,119.2,120.67
MIDD,2015-07-16,121.99,123.91,121.08,123.49
MIDD,2015-07-17,124.16,125.31,122.37,123.31
MIDD,2015-07-20,123.38,124.98,123.1,123.19
MIDD,2015-07-21,122.53,123.15,120.4,121.09
MIDD,2015-07-22,120.54,122.44,119.87,121.78
MIDD,2015-07-23,121.94,122.82,121.05,121.44
MIDD,2015-07-24,121.83,121.85,119.85,120.57
MIDD,2015-07-27,119.66,120.08,118.44,119.5
MIDD,2015-07-28,119.33,121.49,119.0,120.95
MIDD,2015-07-29,121.18,123.45,120.62,122.16
MIDD,2015-07-30,121.56,122.83,120.5,121.57
MIDD,2015-07-31,121.97,123.23,121.74,122.7
MIDD,2015-08-03,122.9,122.9,121.07,122.28
MIDD,2015-08-04,122.16,123.63,121.75,121.89
MIDD,2015-08-05,122.17,124.15,121.9,123.21
MIDD,2015-08-06,123.05,124.76,121.93,122.32
MIDD,2015-08-07,121.32,122.93,121.0,122.57
MIDD,2015-08-10,122.6,124.58,122.6,124.08
MIDD,2015-08-11,123.08,124.31,122.18,122.79
MIDD,2015-08-12,121.79,122.72,118.47,121.52
MIDD,2015-08-13,111.07,120.57,110.05,119.9
MIDD,2015-08-14,119.25,120.94,117.76,120.33
MIDD,2015-08-17,119.58,121.06,117.98,121.0
MIDD,2015-08-18,121.39,121.39,119.26,119.59
MIDD,2015-08-19,119.33,119.33,117.0,118.61
MIDD,2015-08-20,117.78,117.78,115.13,115.22
MIDD,2015-08-21,114.42,115.34,112.79,112.88
MIDD,2015-08-24,106.21,110.0,101.51,105.71
MIDD,2015-08-25,108.72,109.83,105.7,105.8
MIDD,2015-08-26,107.29,107.4,104.69,106.37
MIDD,2015-08-27,108.08,109.79,107.22,109.35
MIDD,2015-08-28,109.13,110.59,108.82,110.14
MIDD,2015-08-31,109.72,110.01,108.29,108.55
MIDD,2015-09-01,106.61,107.3,104.1,105.0
MIDD,2015-09-02,106.14,107.68,104.35,107.47
MIDD,2015-09-03,107.71,110.02,107.51,109.34
MIDD,2015-09-04,108.24,109.67,107.96,108.11
MIDD,2015-09-08,110.11,110.67,109.04,109.92
MIDD,2015-09-09,111.02,112.49,108.96,109.07
MIDD,2015-09-10,108.75,110.57,108.61,109.18
MIDD,2015-09-11,108.5,111.18,108.3,111.16
MIDD,2015-09-14,111.4,112.06,110.27,111.73
MIDD,2015-09-15,112.18,113.59,111.34,113.04
MIDD,2015-09-16,113.32,114.58,112.79,114.45
MIDD,2015-09-17,113.81,114.99,112.86,113.76
MIDD,2015-09-18,112.69,113.49,112.09,112.28
MIDD,2015-09-21,113.17,113.64,111.52,112.28
MIDD,2015-09-22,111.38,112.29,110.2,111.59
MIDD,2015-09-23,111.39,111.97,110.52,111.48
MIDD,2015-09-24,110.71,111.29,107.55,108.93
MIDD,2015-09-25,110.33,110.33,107.55,108.0
MIDD,2015-09-28,107.5,107.82,104.43,104.69
MIDD,2015-09-29,104.38,105.55,101.93,102.71
MIDD,2015-09-30,103.6,105.47,103.18,105.19
MIDD,2015-10-01,105.19,105.81,103.17,104.34
MIDD,2015-10-02,103.22,107.2,102.39,107.19
MIDD,2015-10-05,108.19,109.77,107.8,109.52
MIDD,2015-10-06,109.6,110.33,108.84,109.53
MIDD,2015-10-07,109.89,112.17,109.66,111.99
MIDD,2015-10-08,111.81,115.78,111.81,115.27
MIDD,2015-10-09,115.14,116.31,114.85,115.81
MIDD,2015-10-12,116.07,116.5,115.54,116.1
MIDD,2015-10-13,115.73,116.53,114.74,114.88
MIDD,2015-10-14,115.14,115.49,113.89,114.04
MIDD,2015-10-15,114.02,116.38,112.94,116.07
MIDD,2015-10-16,115.75,115.75,113.9,115.14
MIDD,2015-10-19,114.76,116.32,114.11,115.09
MIDD,2015-10-20,114.53,116.16,114.22,114.35
MIDD,2015-10-21,115.12,116.58,114.61,115.24
MIDD,2015-10-22,115.57,118.43,115.57,117.09
MIDD,2015-10-23,118.09,118.49,115.71,116.01
MIDD,2015-10-26,115.6,116.31,113.68,114.23
MIDD,2015-10-27,113.78,116.27,112.64,115.56
MIDD,2015-10-28,115.97,118.47,115.17,118.22
MIDD,2015-10-29,117.76,118.62,116.81,118.35
MIDD,2015-10-30,118.4,119.0,116.74,116.94
MIDD,2015-11-02,117.51,119.07,116.54,118.95
MIDD,2015-11-03,118.31,119.34,117.42,118.1
MIDD,2015-11-04,118.84,119.81,117.56,119.37
MIDD,2015-11-05,118.97,120.22,118.32,119.09
MIDD,2015-11-06,118.61,119.8,117.37,119.42
MIDD,2015-11-09,118.88,120.74,117.01,117.59
MIDD,2015-11-10,120.06,120.62,117.52,120.33
MIDD,2015-11-11,111.76,117.14,104.0,112.84
MIDD,2015-11-12,111.68,113.43,108.44,108.94
MIDD,2015-11-13,107.96,108.81,104.72,105.55
MIDD,2015-11-16,105.11,106.34,103.24,104.16
MIDD,2015-11-17,103.43,105.43,101.7,102.65
MIDD,2015-11-18,105.73,106.46,103.49,105.74
MIDD,2015-11-19,105.09,105.85,103.94,104.97
MIDD,2015-11-20,105.0,105.88,104.5,105.58
MIDD,2015-11-23,105.5,107.55,105.4,106.5
MIDD,2015-11-24,106.31,106.93,105.09,106.55
MIDD,2015-11-25,106.98,108.61,105.0,108.2
MIDD,2015-11-27,108.41,109.02,108.14,108.92
MIDD,2015-11-30,108.9,110.34,108.61,110.04
MIDD,2015-12-01,110.03,111.31,109.5,111.02
MIDD,2015-12-02,110.42,111.34,109.93,110.51
MIDD,2015-12-03,110.62,111.27,108.7,109.55
MIDD,2015-12-04,109.71,111.04,108.14,110.1
MIDD,2015-12-07,110.0,111.25,108.96,110.84
MIDD,2015-12-08,110.05,110.84,108.34,109.1
MIDD,2015-12-09,109.0,110.07,107.85,108.69
MIDD,2015-12-10,107.32,108.24,106.21,107.34
MIDD,2015-12-11,106.06,106.7,104.43,104.88
MIDD,2015-12-14,104.66,108.27,104.49,108.06
MIDD,2015-12-15,108.41,109.43,107.5,109.05
MIDD,2015-12-16,108.82,111.94,107.03,111.46
MIDD,2015-12-17,111.78,112.0,110.15,110.24
MIDD,2015-12-18,110.0,110.24,106.83,107.01
MIDD,2015-12-21,107.81,109.51,106.39,107.09
MIDD,2015-12-22,107.35,108.88,106.71,108.13
MIDD,2015-12-23,108.59,110.0,108.18,109.09
MIDD,2015-12-24,108.89,109.7,108.06,109.1
MIDD,2015-12-28,108.91,108.91,107.37,108.38
MIDD,2015-12-29,108.75,109.9,108.07,109.09
MIDD,2015-12-30,109.09,109.63,107.003,108.21
MIDD,2015-12-31,107.9,108.245,107.2,107.87
MIDD,2016-01-04,106.66,106.95,104.23,106.35
MIDD,2016-01-05,107.02,108.88,106.7,107.92
MIDD,2016-01-06,105.75,107.91,101.18,101.75
MIDD,2016-01-07,100.32,100.638,95.84,96.53
MIDD,2016-01-08,97.3,97.95,94.14,94.39
MIDD,2016-01-11,94.47,94.985,90.65,91.71
MIDD,2016-01-12,92.02,94.49,92.02,93.85
MIDD,2016-01-13,95.58,96.89,92.04,92.49
MIDD,2016-01-14,92.6,93.45,90.6,93.0
MIDD,2016-01-15,90.28,92.21,88.88,91.35
MIDD,2016-01-19,92.1,92.35,90.46,91.01
MIDD,2016-01-20,89.67,90.68,86.12,89.6
MIDD,2016-01-21,89.51,90.04,86.86,86.98
MIDD,2016-01-22,88.27,90.09,87.4,88.17
MIDD,2016-01-25,87.17,88.03,83.465,83.74
MIDD,2016-01-26,84.27,86.29,84.27,84.73
MIDD,2016-01-27,84.59,88.2,81.3241,86.07
MIDD,2016-01-28,86.56,88.165,85.0,86.38
MIDD,2016-01-29,87.09,90.42,87.09,90.42
MIDD,2016-02-01,89.46,90.29,88.76,90.25
MIDD,2016-02-02,89.51,90.0,87.8,88.27
MIDD,2016-02-03,88.73,89.01,85.99,87.42
MIDD,2016-02-04,87.28,88.8,85.9,87.54
MIDD,2016-02-05,87.18,87.66,84.24,84.38
MIDD,2016-02-08,82.98,84.12,80.59,81.5
MIDD,2016-02-09,80.29,84.38,80.29,83.34
MIDD,2016-02-10,83.34,85.015,82.3,82.55
MIDD,2016-02-11,80.47,82.38,79.11,80.62
MIDD,2016-02-12,81.24,83.27,80.78,82.55
MIDD,2016-02-16,83.77,85.31,83.06,84.92
MIDD,2016-02-17,85.83,86.88,85.51,86.57
MIDD,2016-02-18,86.66,87.15,84.05,84.73
MIDD,2016-02-19,83.96,87.41,83.81,87.25
MIDD,2016-02-22,88.67,90.2,87.97,88.56
MIDD,2016-02-23,88.26,89.323,85.85,86.36
MIDD,2016-02-24,85.67,89.25,84.46,88.92
MIDD,2016-02-25,89.05,91.34,88.24,90.82
MIDD,2016-02-26,90.93,91.35,89.86,90.56
MIDD,2016-02-29,90.5,93.38,89.0301,92.6
MIDD,2016-03-01,93.6,94.98,91.915,94.88
MIDD,2016-03-02,95.26,99.605,93.06,98.7
MIDD,2016-03-03,97.76,99.18,97.39,98.34
MIDD,2016-03-04,98.59,101.33,97.51,101.11
MIDD,2016-03-07,100.76,102.07,100.12,101.95
MIDD,2016-03-08,101.16,101.96,100.0,101.02
MIDD,2016-03-09,101.08,102.51,100.0,101.28
MIDD,2016-03-10,101.3,102.17,100.46,101.19
MIDD,2016-03-11,101.93,103.36,101.93,102.94
MIDD,2016-03-14,102.56,102.64,100.484,101.75
MIDD,2016-03-15,100.91,101.29,100.0,100.49
MIDD,2016-03-16,100.94,102.61,99.543,102.33
MIDD,2016-03-17,102.03,103.51,100.9,102.45
MIDD,2016-03-18,102.83,103.91,101.925,102.84
MIDD,2016-03-21,102.28,102.98,101.26,102.91
MIDD,2016-03-22,102.15,105.05,100.94,104.89
MIDD,2016-03-23,104.48,107.0,102.76,102.76
MIDD,2016-03-24,102.01,103.14,100.575,103.13
MIDD,2016-03-28,102.94,103.595,101.452,103.45
MIDD,2016-03-29,102.82,105.79,101.995,105.55
MIDD,2016-03-30,106.27,107.38,105.45,106.03
MIDD,2016-03-31,105.75,106.98,105.125,106.77
MIDD,2016-04-01,106.09,108.4,105.77,108.38
MIDD,2016-04-04,108.01,108.375,105.8,106.08
MIDD,2016-04-05,105.08,106.375,104.25,104.62
MIDD,2016-04-06,104.95,105.7,103.8,105.44
MIDD,2016-04-07,104.61,105.775,103.67,104.13
MIDD,2016-04-08,104.97,105.38,103.22,104.22
MIDD,2016-04-11,104.82,105.5,102.96,103.39
MIDD,2016-04-12,103.26,104.402,102.87,103.41
MIDD,2016-04-13,104.04,108.35,103.5,107.91
MIDD,2016-04-14,108.18,108.62,105.6,107.48
MIDD,2016-04-15,107.33,107.9,106.247,107.62
MIDD,2016-04-18,107.0,108.66,106.855,107.33
MIDD,2016-04-19,107.82,108.26,106.7,107.17
MIDD,2016-04-20,107.16,109.0,106.605,107.88
MIDD,2016-04-21,107.61,109.17,107.0,108.19
MIDD,2016-04-22,108.13,108.97,106.94,108.82
MIDD,2016-04-25,108.85,109.06,106.7,108.74
MIDD,2016-04-26,109.47,112.13,108.87,111.81
MIDD,2016-04-27,111.75,113.13,111.04,112.82
MIDD,2016-04-28,112.09,112.41,109.89,109.98
MIDD,2016-04-29,109.85,111.16,108.275,109.65
MIDD,2016-05-02,110.19,111.07,109.31,110.8
MIDD,2016-05-03,110.2,110.42,107.92,108.52
MIDD,2016-05-04,107.76,107.975,106.02,107.54
MIDD,2016-05-05,107.54,108.29,106.685,107.48
MIDD,2016-05-06,106.6,108.32,105.98,108.0
MIDD,2016-05-09,107.6,108.965,107.01,108.32
MIDD,2016-05-10,109.35,111.45,107.21,111.02
MIDD,2016-05-11,110.69,110.89,108.955,109.26
MIDD,2016-05-12,112.5,115.39,111.15,114.65
MIDD,2016-05-13,114.74,120.25,113.97,117.51
MIDD,2016-05-16,117.92,118.84,116.44,118.24
MIDD,2016-05-17,118.22,118.82,116.065,118.03
MIDD,2016-05-18,117.6,118.95,116.53,118.41
MIDD,2016-05-19,118.03,119.17,117.4,118.96
MIDD,2016-05-20,119.55,120.52,119.0,119.39
MIDD,2016-05-23,119.2,119.67,118.26,118.83
MIDD,2016-05-24,119.95,122.68,119.04,122.12
MIDD,2016-05-25,121.97,123.77,120.63,123.65
MIDD,2016-05-26,124.09,124.293,122.45,123.19
MIDD,2016-05-27,122.78,124.62,121.635,124.62
MIDD,2016-05-31,124.78,125.15,123.41,124.2
MIDD,2016-06-01,124.0,124.98,123.5,124.51
MIDD,2016-06-02,124.49,125.74,123.67,125.7
MIDD,2016-06-03,125.05,125.21,123.35,123.96
MIDD,2016-06-06,124.45,125.75,123.68,125.51
MIDD,2016-06-07,125.72,126.13,125.28,125.57
MIDD,2016-06-08,125.99,127.0,125.15,126.52
MIDD,2016-06-09,126.2,126.7,125.57,126.07
MIDD,2016-06-10,124.71,125.955,123.8,124.54
MIDD,2016-06-13,123.53,124.7,122.8,122.96
MIDD,2016-06-14,122.67,123.42,121.75,122.93
MIDD,2016-06-15,123.32,124.92,123.052,123.9
MIDD,2016-06-16,121.99,122.31,117.29,120.62
MIDD,2016-06-17,120.99,121.66,119.11,119.23
MIDD,2016-06-20,120.8,122.725,120.52,121.24
MIDD,2016-06-21,120.94,121.83,117.9,117.93
MIDD,2016-06-22,117.92,118.95,117.09,117.2
MIDD,2016-06-23,118.58,119.18,117.1,119.05
MIDD,2016-06-24,114.73,116.763,112.74,113.32
MIDD,2016-06-27,112.26,112.925,109.4,110.17
MIDD,2016-06-28,111.55,115.21,110.21,114.88
MIDD,2016-06-29,116.15,116.7,114.96,115.74
MIDD,2016-06-30,116.41,116.41,114.43,115.25
MIDD,2016-07-01,115.28,116.53,114.24,115.11
MIDD,2016-07-05,114.2,115.14,112.65,113.04
MIDD,2016-07-06,112.29,113.31,111.27,112.94
MIDD,2016-07-07,112.83,114.075,112.83,113.64
MIDD,2016-07-08,114.5,116.25,114.418,115.49
MIDD,2016-07-11,115.86,117.01,115.66,116.6
MIDD,2016-07-12,117.0,118.58,116.675,117.89
MIDD,2016-07-13,118.16,118.78,116.41,116.45
MIDD,2016-07-14,117.22,117.67,116.65,116.92
MIDD,2016-07-15,117.0,117.0,115.963,116.15
MIDD,2016-07-18,117.48,117.48,115.48,115.97
MIDD,2016-07-19,115.62,116.07,114.85,115.4
MIDD,2016-07-20,116.2,118.41,115.439,118.12
MIDD,2016-07-21,118.02,118.89,117.56,117.87
MIDD,2016-07-22,118.22,118.86,117.45,118.16
MIDD,2016-07-25,118.09,118.32,116.96,117.44
MIDD,2016-07-26,117.21,118.5,116.93,117.85
MIDD,2016-07-27,118.53,118.99,116.67,117.38
MIDD,2016-07-28,117.13,118.52,116.31,117.87
MIDD,2016-07-29,117.92,120.45,117.81,120.39
MIDD,2016-08-01,120.81,121.0,119.56,120.3
MIDD,2016-08-02,119.97,121.355,117.17,117.75
MIDD,2016-08-03,117.04,118.2,116.32,118.01
MIDD,2016-08-04,118.85,122.53,117.95,121.88
MIDD,2016-08-05,122.49,122.5,118.85,122.1
MIDD,2016-08-08,122.36,122.949,120.681,121.89
MIDD,2016-08-09,122.13,122.86,121.08,121.77
MIDD,2016-08-10,121.88,123.45,121.48,122.99
MIDD,2016-08-11,134.31,140.98,130.751,132.17
MIDD,2016-08-12,132.14,132.6,129.69,130.55
MIDD,2016-08-15,130.58,131.34,127.43,129.76
MIDD,2016-08-16,129.51,129.51,127.56,128.62
MIDD,2016-08-17,128.63,128.68,126.37,126.98
MIDD,2016-08-18,127.26,129.33,126.78,128.81
MIDD,2016-08-19,128.49,129.09,128.16,128.87
MIDD,2016-08-22,128.39,129.46,127.71,129.36
MIDD,2016-08-23,130.0,132.13,129.55,131.94
MIDD,2016-08-24,131.56,132.24,130.63,131.08
MIDD,2016-08-25,131.14,131.67,129.99,130.73
MIDD,2016-08-26,130.73,131.19,127.92,128.9
MIDD,2016-08-29,128.76,130.535,128.56,128.75
MIDD,2016-08-30,128.25,129.49,128.25,128.93
MIDD,2016-08-31,128.67,129.52,127.37,128.23
MIDD,2016-09-01,128.65,128.96,126.51,127.85
MIDD,2016-09-02,128.6,129.52,128.22,128.74
MIDD,2016-09-06,128.96,129.51,126.78,127.09
MIDD,2016-09-07,126.59,127.0,125.56,126.33
MIDD,2016-09-08,126.24,126.83,125.54,125.82
MIDD,2016-09-09,125.12,125.12,122.28,122.93
MIDD,2016-09-12,122.61,124.22,122.02,123.69
MIDD,2016-09-13,122.62,122.92,120.32,121.42
MIDD,2016-09-14,121.21,122.37,120.341,121.97
MIDD,2016-09-15,121.56,123.12,120.88,123.05
MIDD,2016-09-16,122.27,123.62,121.28,122.88
MIDD,2016-09-19,123.07,125.77,123.07,124.32
MIDD,2016-09-20,124.65,125.707,122.97,123.72
MIDD,2016-09-21,124.34,125.45,123.66,125.36
MIDD,2016-09-22,126.08,127.21,125.61,126.88
MIDD,2016-09-23,126.4,126.4,124.63,124.74
MIDD,2016-09-26,124.69,125.04,122.88,124.37
MIDD,2016-09-27,124.08,125.0,123.72,124.97
MIDD,2016-09-28,125.4,126.62,124.7,125.02
MIDD,2016-09-29,124.32,125.01,122.94,123.31
MIDD,2016-09-30,124.05,124.17,123.28,123.62
MIDD,2016-10-03,123.3,124.42,122.7,122.98
MIDD,2016-10-04,123.42,124.02,121.9,122.05
MIDD,2016-10-05,122.54,123.85,121.66,121.78
MIDD,2016-10-06,121.34,121.52,120.04,120.51
MIDD,2016-10-07,120.75,120.795,118.61,120.06
MIDD,2016-10-10,120.46,120.88,116.92,117.71
MIDD,2016-10-11,117.54,117.55,116.3,116.92
MIDD,2016-10-12,116.79,118.35,116.3,117.91
MIDD,2016-10-13,116.84,118.43,116.18,118.34
MIDD,2016-10-14,118.71,119.22,117.44,118.37
MIDD,2016-10-17,118.44,119.22,116.02,116.1
MIDD,2016-10-18,116.79,118.17,116.01,117.68
MIDD,2016-10-19,117.91,119.35,116.39,118.26
MIDD,2016-10-20,117.91,118.69,115.35,115.72
MIDD,2016-10-21,115.28,115.28,113.52,114.27
MIDD,2016-10-24,114.62,116.47,114.62,116.39
MIDD,2016-10-25,116.24,116.24,109.09,109.23
MIDD,2016-10-26,108.47,111.71,108.45,111.15
MIDD,2016-10-27,111.21,111.21,109.62,110.64
MIDD,2016-10-28,110.7,111.775,109.68,109.88
MIDD,2016-10-31,109.77,112.84,109.66,112.11
MIDD,2016-11-01,112.71,113.52,111.08,112.92
MIDD,2016-11-02,112.7,114.11,112.26,113.72
MIDD,2016-11-03,114.2,114.86,113.79,114.31
MIDD,2016-11-04,114.31,115.57,114.03,114.33
MIDD,2016-11-07,115.95,117.24,115.36,117.11
MIDD,2016-11-08,116.6,118.23,115.51,117.83
MIDD,2016-11-09,114.8,119.14,112.12,116.505
MIDD,2016-11-10,117.49,121.225,115.43,120.1
MIDD,2016-11-11,120.0,121.55,117.51,121.0
MIDD,2016-11-14,121.56,125.54,121.34,125.31
MIDD,2016-11-15,125.58,130.57,124.95,129.8
MIDD,2016-11-16,129.8,130.25,126.85,129.9
MIDD,2016-11-17,129.98,135.23,129.532,134.01
MIDD,2016-11-18,134.68,134.68,130.11,130.21
MIDD,2016-11-21,130.17,133.15,130.08,132.89
MIDD,2016-11-22,132.15,134.65,132.15,134.26
MIDD,2016-11-23,134.0,136.73,133.93,135.72
MIDD,2016-11-25,137.35,139.24,136.12,139.21
MIDD,2016-11-28,138.86,138.86,136.44,137.24
MIDD,2016-11-29,137.62,137.83,136.01,136.15
MIDD,2016-11-30,137.03,137.97,133.885,136.98
MIDD,2016-12-01,137.55,138.91,135.72,137.18
MIDD,2016-12-02,137.29,137.96,135.83,137.52
MIDD,2016-12-05,137.8,141.29,137.43,139.36
MIDD,2016-12-06,138.88,141.2,137.82,140.36
MIDD,2016-12-07,138.8,142.97,138.8,142.3
MIDD,2016-12-08,142.2,143.6,141.58,142.38
MIDD,2016-12-09,142.43,142.82,141.0,142.2
MIDD,2016-12-12,141.79,141.96,137.24,137.89
MIDD,2016-12-13,137.86,138.435,136.21,136.93
MIDD,2016-12-14,136.65,137.68,134.0,134.22
MIDD,2016-12-15,132.29,133.19,130.11,132.32
MIDD,2016-12-16,131.71,133.06,131.32,132.58
MIDD,2016-12-19,132.75,135.16,132.62,133.91
MIDD,2016-12-20,133.99,134.9,131.09,132.38
MIDD,2016-12-21,131.92,132.585,131.46,131.75
MIDD,2016-12-22,132.0,132.0,129.95,130.9
MIDD,2016-12-23,131.12,131.674,129.386,130.43
MIDD,2016-12-27,131.15,132.41,130.88,130.96
MIDD,2016-12-28,130.66,131.07,128.65,128.87
MIDD,2016-12-29,128.97,129.67,127.82,128.83
MIDD,2016-12-30,129.34,131.225,128.46,128.81
MIDD,2017-01-03,130.26,132.83,127.49,128.59
MIDD,2017-01-04,128.85,130.98,128.45,129.84
MIDD,2017-01-05,129.02,130.475,127.86,129.28
MIDD,2017-01-06,129.74,130.78,129.09,130.03
MIDD,2017-01-09,129.19,131.79,129.19,131.03
MIDD,2017-01-10,131.2,132.76,131.04,132.41
MIDD,2017-01-11,132.94,135.98,132.94,133.36
MIDD,2017-01-12,132.95,133.2,130.87,131.87
MIDD,2017-01-13,132.15,135.44,131.855,134.95
MIDD,2017-01-17,134.04,134.04,131.53,132.24
MIDD,2017-01-18,132.49,133.27,131.46,132.56
MIDD,2017-01-19,133.15,135.37,131.73,134.66
MIDD,2017-01-20,135.09,135.33,131.87,132.52
MIDD,2017-01-23,132.71,133.885,132.19,133.32
MIDD,2017-01-24,133.31,133.78,131.99,133.01
MIDD,2017-01-25,133.89,137.495,133.0,137.23
MIDD,2017-01-26,136.92,139.09,135.79,135.92
MIDD,2017-01-27,136.31,136.79,134.634,135.5
MIDD,2017-01-30,135.53,135.53,133.22,134.58
MIDD,2017-01-31,134.53,134.92,132.38,134.18
MIDD,2017-02-01,135.45,136.28,133.02,133.24
MIDD,2017-02-02,132.6,133.0,131.08,131.39
MIDD,2017-02-03,132.0,133.23,131.735,133.0
MIDD,2017-02-06,132.91,133.87,132.02,132.65
MIDD,2017-02-07,132.92,140.07,132.906,137.88
MIDD,2017-02-08,137.61,138.41,136.43,137.94
MIDD,2017-02-09,138.0,139.26,137.5,137.93
MIDD,2017-02-10,138.27,138.47,136.49,137.13
MIDD,2017-02-13,137.15,138.1,136.07,137.08
MIDD,2017-02-14,137.99,138.095,136.74,137.33
MIDD,2017-02-15,137.31,138.76,136.1,138.3
MIDD,2017-02-16,137.91,138.96,136.08,137.75
MIDD,2017-02-17,137.47,138.22,136.26,138.21
MIDD,2017-02-21,137.98,139.84,137.58,139.74
MIDD,2017-02-22,139.33,139.9,137.68,137.97
MIDD,2017-02-23,138.98,138.98,136.2,138.1
MIDD,2017-02-24,136.96,139.6,136.61,139.05
MIDD,2017-02-27,138.61,139.77,138.38,139.08
MIDD,2017-02-28,139.0,139.62,137.05,138.69
MIDD,2017-03-01,145.0,150.87,141.23,141.74
MIDD,2017-03-02,141.65,143.34,136.77,136.98
MIDD,2017-03-03,137.45,140.23,136.62,140.2
MIDD,2017-03-06,139.5,140.265,137.51,139.46
MIDD,2017-03-07,139.6,139.6,138.34,138.76
MIDD,2017-03-08,139.0,139.93,138.66,138.7
MIDD,2017-03-09,138.25,138.455,135.38,135.71
MIDD,2017-03-10,136.8,137.98,136.17,137.71
MIDD,2017-03-13,138.16,139.57,137.41,139.22
MIDD,2017-03-14,138.81,138.81,136.76,136.9
MIDD,2017-03-15,137.93,141.96,137.23,141.35
MIDD,2017-03-16,142.0,142.0,139.4,139.6
MIDD,2017-03-17,140.35,140.365,138.34,139.35
MIDD,2017-03-20,139.37,140.461,137.63,138.23
MIDD,2017-03-21,138.5,139.64,134.08,134.29
MIDD,2017-03-22,134.24,136.76,134.13,135.62
MIDD,2017-03-23,135.45,136.51,135.25,135.73
MIDD,2017-03-24,136.2,137.658,135.23,136.33
MIDD,2017-03-27,134.69,136.95,133.267,136.29
MIDD,2017-03-28,136.28,138.73,135.66,137.42
MIDD,2017-03-29,136.99,138.08,135.87,137.68
MIDD,2017-03-30,137.68,138.67,135.82,136.45
MIDD,2017-03-31,135.72,137.18,135.48,136.45
MIDD,2017-04-03,136.77,137.59,134.3,134.8
MIDD,2017-04-04,134.35,135.52,134.1,134.32
MIDD,2017-04-05,134.56,136.04,132.9,133.25
MIDD,2017-04-06,133.22,134.415,132.78,133.3
MIDD,2017-04-07,133.07,134.65,132.88,134.5
MIDD,2017-04-10,134.47,136.21,134.065,134.57
MIDD,2017-04-11,134.12,136.58,133.48,136.15
MIDD,2017-04-12,135.91,136.13,134.2,134.81
MIDD,2017-04-13,134.56,136.69,134.12,134.18
MIDD,2017-04-17,134.25,134.8,133.39,134.63
MIDD,2017-04-18,134.16,134.765,133.37,134.04
MIDD,2017-04-19,134.71,136.2,133.76,134.54
MIDD,2017-04-20,135.07,138.05,133.06,137.44
MIDD,2017-04-21,137.02,138.5,136.56,137.74
MIDD,2017-04-24,140.14,140.14,138.09,139.13
MIDD,2017-04-25,140.1,142.0,139.0,139.48
MIDD,2017-04-26,139.41,141.63,138.71,138.99
MIDD,2017-04-27,139.19,139.735,137.49,138.0
MIDD,2017-04-28,138.22,138.76,135.94,136.13
MIDD,2017-05-01,136.69,138.96,136.31,138.27
MIDD,2017-05-02,138.37,140.0,138.16,139.79
MIDD,2017-05-03,139.62,139.62,138.19,138.37
MIDD,2017-05-04,138.17,139.97,138.1,139.39
MIDD,2017-05-05,139.64,141.23,139.2,141.07
MIDD,2017-05-08,141.0,141.34,137.731,138.43
MIDD,2017-05-09,138.51,138.8,136.56,137.45
MIDD,2017-05-10,133.19,134.4,126.53,134.06
MIDD,2017-05-11,133.23,135.48,132.42,134.39
MIDD,2017-05-12,134.65,138.11,133.87,134.68
MIDD,2017-05-15,135.11,136.59,134.29,135.16
MIDD,2017-05-16,135.01,135.52,133.22,133.25
MIDD,2017-05-17,131.7,132.4,128.45,128.69
MIDD,2017-05-18,128.0,129.0,127.52,128.47
MIDD,2017-05-19,128.64,129.78,128.52,128.69
MIDD,2017-05-22,129.37,131.26,128.89,131.14
MIDD,2017-05-23,131.74,131.74,127.82,127.97
MIDD,2017-05-24,128.07,128.44,125.9,127.48
MIDD,2017-05-25,127.98,128.85,127.27,128.47
MIDD,2017-05-26,128.16,129.08,127.897,128.38
MIDD,2017-05-30,128.24,128.39,125.82,127.03
MIDD,2017-05-31,127.18,128.98,126.91,128.36
MIDD,2017-06-01,128.05,132.01,127.515,130.76
MIDD,2017-06-02,130.47,132.95,129.875,132.1
MIDD,2017-06-05,131.63,132.56,130.54,131.73
MIDD,2017-06-06,131.72,132.48,130.68,131.12
MIDD,2017-06-07,131.69,133.47,131.25,132.26
MIDD,2017-06-08,132.04,133.8,131.095,131.51
MIDD,2017-06-09,131.42,132.25,130.18,130.95
MIDD,2017-06-12,130.71,132.4,130.05,130.79
MIDD,2017-06-13,131.17,133.11,130.53,132.29
MIDD,2017-06-14,132.09,133.22,131.26,133.21
MIDD,2017-06-15,131.99,132.69,130.77,131.91
MIDD,2017-06-16,132.31,132.31,130.74,131.17
MIDD,2017-06-19,131.79,132.905,130.05,131.22
MIDD,2017-06-20,131.11,131.62,126.04,126.55
MIDD,2017-06-21,126.44,126.467,120.195,120.77
MIDD,2017-06-22,120.77,122.37,120.23,122.03
MIDD,2017-06-23,122.05,123.54,121.02,121.56
MIDD,2017-06-26,121.46,123.76,121.035,123.01
MIDD,2017-06-27,123.0,123.01,120.87,121.41
MIDD,2017-06-28,122.28,124.1,121.14,123.47
MIDD,2017-06-29,122.42,123.5,118.52,120.04
MIDD,2017-06-30,120.17,122.25,120.0,121.51
MIDD,2017-07-03,122.01,123.08,120.83,121.22
MIDD,2017-07-05,121.53,123.18,121.015,122.97
MIDD,2017-07-06,122.55,123.23,121.59,121.925
MIDD,2017-07-07,122.45,122.58,119.98,120.35
MIDD,2017-07-10,120.01,120.81,118.68,119.23
MIDD,2017-07-11,118.78,121.92,118.1,121.77
MIDD,2017-07-12,123.0,124.11,121.79,122.31
MIDD,2017-07-13,122.66,122.66,121.13,122.3
MIDD,2017-07-14,122.73,124.21,122.28,123.7
MIDD,2017-07-17,123.74,127.0,123.665,126.47
MIDD,2017-07-18,125.61,127.24,125.42,126.35
MIDD,2017-07-19,126.62,128.78,126.54,128.52
MIDD,2017-07-20,128.7,129.82,128.0,129.7
MIDD,2017-07-21,129.51,130.29,129.01,129.87
MIDD,2017-07-24,130.03,130.5,128.74,129.71
MIDD,2017-07-25,130.2,130.82,129.19,130.23
MIDD,2017-07-26,130.75,131.38,129.36,130.11
MIDD,2017-07-27,130.45,132.37,129.39,130.24
MIDD,2017-07-28,129.91,130.2,128.82,129.2
MIDD,2017-07-31,130.25,130.92,128.71,130.68
MIDD,2017-08-01,131.3,132.15,130.54,131.74
MIDD,2017-08-02,132.03,132.18,130.02,131.01
MIDD,2017-08-03,131.0,131.036,129.62,129.77
MIDD,2017-08-04,129.8,129.96,128.24,128.35
MIDD,2017-08-07,128.74,130.08,128.51,129.95
MIDD,2017-08-08,129.25,130.5,128.24,128.6
MIDD,2017-08-09,128.2,128.51,125.85,126.77
MIDD,2017-08-10,121.88,123.0,115.03,120.44
MIDD,2017-08-11,120.17,123.31,120.0,122.53
MIDD,2017-08-14,123.24,123.764,117.25,117.76
MIDD,2017-08-15,119.62,120.86,117.75,117.97
MIDD,2017-08-16,118.0,119.83,117.85,119.65
MIDD,2017-08-17,119.56,119.66,117.08,117.19
MIDD,2017-08-18,117.0,117.17,115.85,116.05
MIDD,2017-08-21,116.06,116.85,114.54,116.34
MIDD,2017-08-22,116.39,118.51,114.941,117.99
MIDD,2017-08-23,117.4,117.97,116.08,117.07
MIDD,2017-08-24,117.3,117.98,115.66,115.72
MIDD,2017-08-25,116.41,118.12,115.87,117.05
MIDD,2017-08-28,117.46,118.86,117.17,118.7
MIDD,2017-08-29,117.84,119.98,117.17,119.0
MIDD,2017-08-30,119.02,119.35,118.33,118.99
MIDD,2017-08-31,119.1,122.21,118.805,121.7
MIDD,2017-09-01,122.09,123.99,122.0,123.51
MIDD,2017-09-05,122.95,123.2,120.9,121.24
MIDD,2017-09-06,121.84,121.84,120.29,120.42
MIDD,2017-09-07,120.41,120.41,117.957,119.06
MIDD,2017-09-08,118.7,120.08,118.15,119.88
MIDD,2017-09-11,120.72,122.21,120.33,122.06
MIDD,2017-09-12,122.51,123.82,120.88,121.4
MIDD,2017-09-13,121.53,124.35,121.047,124.01
MIDD,2017-09-14,124.1,124.1,120.24,120.6
MIDD,2017-09-15,120.0,120.98,119.41,120.42
MIDD,2017-09-18,120.47,122.23,120.47,121.38
MIDD,2017-09-19,121.5,122.27,120.973,121.77
MIDD,2017-09-20,122.09,123.9,122.09,123.47
MIDD,2017-09-21,123.62,123.75,120.95,121.29
MIDD,2017-09-22,121.05,122.07,121.0,121.53
MIDD,2017-09-25,121.44,121.91,120.95,121.73
MIDD,2017-09-26,122.08,123.6,121.21,123.27
MIDD,2017-09-27,124.23,127.77,123.904,127.39
MIDD,2017-09-28,127.3,128.21,125.49,127.81
MIDD,2017-09-29,127.9,128.91,127.555,128.17
MIDD,2017-10-02,128.7,128.74,125.49,126.02
MIDD,2017-10-03,126.62,128.19,125.133,127.89
MIDD,2017-10-04,128.34,129.34,127.63,129.12
MIDD,2017-10-05,129.11,129.74,127.47,127.65
MIDD,2017-10-06,127.2,128.45,127.2,128.3
MIDD,2017-10-09,127.68,128.51,125.36,125.43
MIDD,2017-10-10,125.7,126.13,123.5,123.73
MIDD,2017-10-11,124.07,125.135,123.03,123.55
MIDD,2017-10-12,123.2,124.1,121.43,122.77
MIDD,2017-10-13,122.3,125.74,121.975,125.17
MIDD,2017-10-16,122.23,123.15,121.38,122.65
MIDD,2017-10-17,122.69,122.81,120.56,120.8
MIDD,2017-10-18,120.69,120.82,118.435,118.61
MIDD,2017-10-19,117.88,119.45,116.53,119.45
MIDD,2017-10-20,119.98,121.89,119.49,121.11
MIDD,2017-10-23,120.83,121.06,116.81,117.05
MIDD,2017-10-24,117.44,117.44,115.38,117.02
MIDD,2017-10-25,117.19,117.83,115.38,115.76
MIDD,2017-10-26,116.17,118.56,115.11,118.06
MIDD,2017-10-27,118.12,118.47,116.131,117.11
MIDD,2017-10-30,117.0,117.49,115.64,116.06
MIDD,2017-10-31,116.87,117.0,115.87,115.9
MIDD,2017-11-01,116.19,116.48,115.07,115.79
MIDD,2017-11-02,115.34,116.8,115.32,116.62
MIDD,2017-11-03,116.66,119.0,116.445,118.95
MIDD,2017-11-06,118.3,120.23,118.14,119.96
MIDD,2017-11-07,119.65,119.89,117.11,119.05
MIDD,2017-11-08,116.0,118.0,111.5,111.79
MIDD,2017-11-09,111.74,111.85,108.27,108.72
MIDD,2017-11-10,108.51,110.1,107.68,109.76
MIDD,2017-11-13,109.52,110.35,108.21,109.16
MIDD,2017-11-14,108.41,110.85,107.53,110.64
MIDD,2017-11-15,109.05,111.55,108.69,110.15
MIDD,2017-11-16,110.5,111.76,110.02,111.21
MIDD,2017-11-17,110.89,113.88,110.57,113.69
MIDD,2017-11-20,113.33,114.91,112.484,114.8
MIDD,2017-11-21,115.17,117.0,114.305,116.58
MIDD,2017-11-22,116.55,119.18,116.3,118.15
MIDD,2017-11-24,118.5,118.6,117.32,118.04
MIDD,2017-11-27,118.0,121.1,116.53,120.25
MIDD,2017-11-28,120.23,125.04,119.61,124.7
MIDD,2017-11-29,125.09,126.19,124.52,125.3
MIDD,2017-11-30,125.36,128.46,125.36,127.53
MIDD,2017-12-01,127.56,128.615,124.78,126.59
MIDD,2017-12-04,127.75,129.4,126.4,126.41
MIDD,2017-12-05,127.0,127.0,122.38,124.12
MIDD,2017-12-06,124.1,126.92,122.8,125.99
MIDD,2017-12-07,125.66,127.31,124.85,125.36
MIDD,2017-12-08,126.03,126.03,124.55,125.61
MIDD,2017-12-11,125.32,125.32,124.17,125.02
MIDD,2017-12-12,125.48,127.73,124.53,127.53
MIDD,2017-12-13,128.01,129.66,127.613,128.51
MIDD,2017-12-14,128.41,129.97,128.41,129.36
MIDD,2017-12-15,129.6,131.0,128.85,130.79
MIDD,2017-12-18,132.29,132.99,131.33,131.98
MIDD,2017-12-19,131.96,131.96,130.54,130.85
MIDD,2017-12-20,130.85,131.683,130.47,131.03
MIDD,2017-12-21,131.19,132.13,130.67,131.04
MIDD,2017-12-22,131.66,132.95,130.68,132.04
MIDD,2017-12-26,131.67,132.92,131.415,132.79
MIDD,2017-12-27,133.27,134.56,132.555,134.3
MIDD,2017-12-28,134.77,134.77,133.38,134.62
MIDD,2017-12-29,135.45,136.1,134.54,134.95
MIDD,2018-01-02,134.96,135.98,134.675,135.3
MIDD,2018-01-03,135.23,136.26,134.77,136.06
MIDD,2018-01-04,136.15,136.52,134.855,135.67
MIDD,2018-01-05,136.18,137.19,136.01,136.29
MIDD,2018-01-08,136.05,137.47,135.005,137.22
MIDD,2018-01-09,137.02,137.24,134.09,134.26
MIDD,2018-01-10,133.4,133.5,131.43,131.58
MIDD,2018-01-11,131.74,133.74,131.03,133.71
MIDD,2018-01-12,133.91,136.22,131.06,135.73
MIDD,2018-01-16,136.32,136.9,132.685,134.68
MIDD,2018-01-17,135.46,135.46,133.19,133.77
MIDD,2018-01-18,133.14,134.41,133.12,134.1
MIDD,2018-01-19,134.77,138.12,134.77,137.75
MIDD,2018-01-22,137.66,138.89,135.92,138.75
MIDD,2018-01-23,138.54,138.65,135.87,137.04
MIDD,2018-01-24,138.01,138.86,135.38,136.25
MIDD,2018-01-25,136.53,136.53,134.011,134.49
MIDD,2018-01-26,134.67,136.69,132.26,135.27
MIDD,2018-01-29,135.07,137.16,134.95,135.96
MIDD,2018-01-30,135.08,137.59,132.78,136.9
MIDD,2018-01-31,137.32,138.64,135.09,136.26
MIDD,2018-02-01,135.8,137.62,132.172,135.78
MIDD,2018-02-02,135.02,135.04,132.56,132.76
MIDD,2018-02-05,131.44,133.3,127.81,128.27
MIDD,2018-02-06,125.35,129.22,124.76,128.37
MIDD,2018-02-07,128.2,134.33,128.2,132.94
MIDD,2018-02-08,132.6,133.56,131.24,131.28
MIDD,2018-02-09,132.8,133.11,125.77,131.06
MIDD,2018-02-12,132.0,134.01,131.373,133.36
MIDD,2018-02-13,132.56,132.88,130.05,130.45
MIDD,2018-02-14,130.04,133.795,128.88,133.46
MIDD,2018-02-15,134.14,134.94,131.82,133.06
MIDD,2018-02-16,133.24,137.16,130.31,135.02
MIDD,2018-02-20,134.85,135.73,133.31,133.77
MIDD,2018-02-21,134.21,134.87,131.01,132.92
MIDD,2018-02-22,133.41,134.55,131.58,132.96
MIDD,2018-02-23,133.49,134.98,132.29,134.35
MIDD,2018-02-26,134.44,134.44,129.39,131.07
MIDD,2018-02-27,130.64,132.48,127.46,127.77
MIDD,2018-02-28,118.0,122.34,115.442,120.25
MIDD,2018-03-01,119.43,121.91,116.67,118.02
MIDD,2018-03-02,117.59,120.04,114.581,119.86
MIDD,2018-03-05,119.21,120.07,117.62,120.01
MIDD,2018-03-06,120.73,121.95,115.419,121.5
MIDD,2018-03-07,121.55,125.06,121.26,124.3
MIDD,2018-03-08,123.89,127.59,123.555,127.27
MIDD,2018-03-09,127.62,131.48,126.45,131.27
MIDD,2018-03-12,131.78,132.335,130.89,131.94
MIDD,2018-03-13,131.91,133.35,131.89,133.13
MIDD,2018-03-14,133.45,134.02,130.86,131.03
MIDD,2018-03-15,131.19,131.54,128.93,128.97
MIDD,2018-03-16,129.35,130.81,128.509,129.99
MIDD,2018-03-19,129.23,129.275,127.745,128.41
MIDD,2018-03-20,128.4,129.58,126.82,128.54
MIDD,2018-03-21,128.84,130.5,128.125,128.25
MIDD,2018-03-22,127.22,127.96,124.47,124.56
MIDD,2018-03-23,124.57,125.194,122.44,122.63
MIDD,2018-03-26,123.97,124.25,122.415,123.35
MIDD,2018-03-27,123.91,124.08,121.81,122.73
MIDD,2018-03-28,122.88,124.05,121.985,123.46
MIDD,2018-03-29,123.93,124.65,123.52,123.79
MIDD,2018-04-02,123.35,123.87,120.85,123.6
MIDD,2018-04-03,123.92,125.44,123.39,124.33
MIDD,2018-04-04,122.33,123.83,121.365,123.52
MIDD,2018-04-05,124.53,126.64,124.36,124.81
MIDD,2018-04-06,123.8,124.25,122.52,123.57
MIDD,2018-04-09,124.74,125.6,123.29,123.33
MIDD,2018-04-10,125.11,125.61,123.92,124.3
MIDD,2018-04-11,123.68,124.635,123.37,123.68
MIDD,2018-04-12,124.25,124.68,122.21,122.55
MIDD,2018-04-13,122.92,123.52,121.84,122.43
MIDD,2018-04-16,123.13,124.06,122.12,123.58
MIDD,2018-04-17,124.49,127.5,123.34,125.29
MIDD,2018-04-18,125.3,126.885,123.77,126.44
MIDD,2018-04-19,126.46,126.76,124.9,126.21
MIDD,2018-04-20,126.67,127.91,124.68,127.7
MIDD,2018-04-23,127.45,128.0,126.855,127.41
MIDD,2018-04-24,128.08,128.46,124.78,125.8
MIDD,2018-04-25,125.06,126.74,124.7,126.23
MIDD,2018-04-26,126.23,129.08,125.91,128.55
MIDD,2018-04-27,128.31,129.07,127.61,127.96
MIDD,2018-04-30,127.97,129.03,125.42,125.84
MIDD,2018-05-01,125.59,127.15,124.43,126.98
MIDD,2018-05-02,127.07,127.82,125.92,125.99
MIDD,2018-05-03,125.79,126.89,124.105,124.84
MIDD,2018-05-04,124.25,126.89,124.12,126.46
MIDD,2018-05-07,126.56,129.37,123.56,128.96
MIDD,2018-05-08,128.95,132.12,127.65,131.63
MIDD,2018-05-09,114.01,118.875,100.32,108.555
MIDD,2018-05-10,107.02,108.15,104.365,107.02
MIDD,2018-05-11,105.98,108.02,105.79,107.32
MIDD,2018-05-14,107.74,108.1,105.31,105.96
MIDD,2018-05-15,105.88,107.39,104.61,104.85
MIDD,2018-05-16,104.7,105.8,104.52,104.97
MIDD,2018-05-17,104.32,105.45,103.45,103.96
MIDD,2018-05-18,103.87,105.0,103.135,104.45
MIDD,2018-05-21,105.55,106.87,103.93,103.98
MIDD,2018-05-22,104.43,104.77,101.85,102.6
MIDD,2018-05-23,102.04,104.74,102.04,104.48
MIDD,2018-05-24,104.11,104.89,103.238,103.75
MIDD,2018-05-25,103.75,104.62,103.05,103.99
MIDD,2018-05-29,103.13,103.96,101.5,101.97
MIDD,2018-05-30,102.77,102.77,101.42,101.58
MIDD,2018-05-31,101.4,101.5,99.62,99.62
MIDD,2018-06-01,99.59,100.895,98.06,99.57
MIDD,2018-06-04,100.23,101.235,98.58,99.04
MIDD,2018-06-05,99.0,99.7,98.31,99.32
MIDD,2018-06-06,99.68,101.0,99.42,100.92
MIDD,2018-06-07,101.39,103.14,101.275,103.06
MIDD,2018-06-08,102.93,104.43,102.87,104.19
MIDD,2018-06-11,104.13,104.69,103.57,104.0
MIDD,2018-06-12,104.32,105.58,104.01,104.72
MIDD,2018-06-13,105.05,106.04,104.05,104.5
MIDD,2018-06-14,104.49,106.21,103.89,106.17
MIDD,2018-06-15,105.41,106.66,103.521,106.62
MIDD,2018-06-18,106.05,107.125,104.97,106.67
MIDD,2018-06-19,105.91,105.91,103.717,104.23
MIDD,2018-06-20,104.97,106.0,104.45,104.51
MIDD,2018-06-21,104.8,105.11,102.79,104.86
MIDD,2018-06-22,105.57,106.32,104.04,104.9
MIDD,2018-06-25,104.6,105.86,103.135,105.39
MIDD,2018-06-26,106.04,107.09,104.5,106.68
MIDD,2018-06-27,106.7,106.92,105.35,105.72
MIDD,2018-06-28,105.8,105.8,103.47,103.85
MIDD,2018-06-29,103.63,105.1,102.39,104.42
MIDD,2018-07-02,103.97,104.206,102.07,103.21
MIDD,2018-07-03,103.9,104.57,103.529,104.19
MIDD,2018-07-05,104.26,104.525,103.465,104.36
MIDD,2018-07-06,104.55,105.14,102.83,103.17
MIDD,2018-07-09,103.54,104.23,103.44,103.6
MIDD,2018-07-10,103.9,104.58,103.31,103.74
MIDD,2018-07-11,103.53,104.32,102.69,102.84
MIDD,2018-07-12,103.0,103.19,101.49,101.83
MIDD,2018-07-13,101.88,102.77,101.57,102.23
MIDD,2018-07-16,102.58,102.595,99.55,99.64
MIDD,2018-07-17,99.29,99.91,98.39,98.85
MIDD,2018-07-18,98.78,100.2,98.41,99.94
MIDD,2018-07-19,100.31,101.39,100.18,100.6
MIDD,2018-07-20,100.54,102.31,100.25,101.48
MIDD,2018-07-23,101.1,101.765,98.52,100.08
MIDD,2018-07-24,100.44,101.22,99.15,100.35
MIDD,2018-07-25,100.38,100.93,98.85,100.1
MIDD,2018-07-26,99.97,101.88,99.51,101.49
MIDD,2018-07-27,101.97,102.45,101.12,101.81
MIDD,2018-07-30,101.52,102.33,100.63,100.72
MIDD,2018-07-31,101.41,102.88,101.41,102.48
MIDD,2018-08-01,101.9,102.74,100.21,101.27
MIDD,2018-08-02,101.11,102.95,100.715,102.85
MIDD,2018-08-03,103.12,103.61,100.88,102.13
MIDD,2018-08-06,101.69,104.84,101.69,104.66
MIDD,2018-08-07,105.0,106.875,104.65,105.71
MIDD,2018-08-08,114.29,131.4,114.07,120.43
MIDD,2018-08-09,120.88,120.88,116.87,117.01
MIDD,2018-08-10,117.8,118.22,116.19,116.3
MIDD,2018-08-13,116.46,116.71,114.85,115.5
MIDD,2018-08-14,115.5,116.27,114.78,115.13
MIDD,2018-08-15,114.31,116.0,113.66,115.51
MIDD,2018-08-16,116.2,116.23,114.94,115.34
MIDD,2018-08-17,115.3,116.39,115.25,115.89
MIDD,2018-08-20,116.18,117.4,115.63,117.01
MIDD,2018-08-21,116.63,119.5,116.4,118.96
MIDD,2018-08-22,118.54,118.79,117.13,118.02
MIDD,2018-08-23,118.29,118.31,116.74,118.14
MIDD,2018-08-24,118.41,120.52,117.945,119.26
MIDD,2018-08-27,119.41,120.36,117.52,119.53
MIDD,2018-08-28,120.2,122.45,120.025,121.09
MIDD,2018-08-29,121.08,122.07,119.24,121.27
MIDD,2018-08-30,120.79,121.1,119.16,119.41
MIDD,2018-08-31,119.65,122.0,118.65,121.54
MIDD,2018-09-04,121.84,122.62,120.24,122.26
MIDD,2018-09-05,122.27,125.58,121.05,125.49
MIDD,2018-09-06,125.57,126.62,125.0,125.45
MIDD,2018-09-07,125.54,126.2,124.29,126.09
MIDD,2018-09-10,126.53,127.94,124.29,125.9
MIDD,2018-09-11,125.63,126.54,124.92,126.25
MIDD,2018-09-12,126.28,126.5,124.95,125.6
MIDD,2018-09-13,126.19,126.5,125.0,125.92
MIDD,2018-09-14,126.24,126.98,125.858,126.21
MIDD,2018-09-17,126.36,126.77,125.29,125.67
MIDD,2018-09-18,125.5,126.88,125.18,126.56
MIDD,2018-09-19,126.92,126.98,125.39,125.85
MIDD,2018-09-20,126.48,127.65,126.08,127.5
MIDD,2018-09-21,127.96,129.5,127.36,128.81
MIDD,2018-09-24,131.65,131.97,128.67,129.5
MIDD,2018-09-25,129.4,130.16,128.63,129.65
MIDD,2018-09-26,129.4,129.88,128.43,128.82
MIDD,2018-09-27,129.5,129.9,128.55,128.72
MIDD,2018-09-28,128.85,129.71,127.775,129.35
MIDD,2018-10-01,129.82,129.9,125.05,125.59
MIDD,2018-10-02,125.16,127.01,124.5,125.65
MIDD,2018-10-03,125.9,125.9,124.075,124.73
MIDD,2018-10-04,124.75,125.15,123.2,123.39
MIDD,2018-10-05,123.56,124.625,122.88,123.24
MIDD,2018-10-08,122.73,124.63,122.16,123.78
MIDD,2018-10-09,123.36,123.91,120.63,121.71
MIDD,2018-10-10,121.65,121.65,117.39,117.6
MIDD,2018-10-11,116.95,117.92,113.93,114.11
MIDD,2018-10-12,115.35,116.25,113.31,115.25
MIDD,2018-10-15,115.52,117.21,115.49,116.84
MIDD,2018-10-16,117.01,118.89,116.145,117.5
MIDD,2018-10-17,117.53,118.295,115.71,117.53
MIDD,2018-10-18,117.43,118.34,115.12,116.02
MIDD,2018-10-19,116.02,117.11,114.09,114.67
MIDD,2018-10-22,114.93,115.5,113.2,114.64
MIDD,2018-10-23,112.75,114.6,111.82,113.89
MIDD,2018-10-24,113.56,115.1,110.55,110.68
MIDD,2018-10-25,111.19,112.5,110.5,110.72
MIDD,2018-10-26,109.97,113.23,108.56,111.48
MIDD,2018-10-29,112.26,114.08,110.253,111.43
MIDD,2018-10-30,111.39,113.11,111.355,112.85
MIDD,2018-10-31,113.24,114.21,110.8,112.3
MIDD,2018-11-01,112.46,116.23,110.23,115.42
MIDD,2018-11-02,115.71,116.84,114.08,115.89
MIDD,2018-11-05,115.0,115.95,110.92,112.45
MIDD,2018-11-06,112.02,114.81,112.02,113.99
MIDD,2018-11-07,110.65,117.11,106.2,116.47
MIDD,2018-11-08,115.44,119.03,115.44,116.53
MIDD,2018-11-09,116.71,118.56,114.61,117.69
MIDD,2018-11-12,117.29,117.66,113.485,114.08
MIDD,2018-11-13,114.75,116.81,114.41,114.43
MIDD,2018-11-14,116.74,119.605,114.76,115.88
MIDD,2018-11-15,115.46,118.46,114.04,117.83
MIDD,2018-11-16,117.26,119.0,115.5,118.03
MIDD,2018-11-19,117.61,118.27,115.495,115.95
MIDD,2018-11-20,114.82,115.85,112.55,113.5
MIDD,2018-11-21,113.86,117.49,113.37,116.75
MIDD,2018-11-23,116.36,117.46,115.82,116.56
MIDD,2018-11-26,117.6,118.13,116.726,117.93
MIDD,2018-11-27,117.16,117.84,116.13,116.98
MIDD,2018-11-28,117.04,119.38,116.66,119.06
MIDD,2018-11-29,119.11,120.63,117.89,118.07
MIDD,2018-11-30,118.27,121.39,118.13,120.79
MIDD,2018-12-03,122.75,124.37,118.145,119.29
MIDD,2018-12-04,119.17,120.07,111.82,111.89
MIDD,2018-12-06,110.02,112.14,108.0,112.01
MIDD,2018-12-07,112.0,113.33,109.25,109.37
MIDD,2018-12-10,108.94,109.87,106.64,109.09
MIDD,2018-12-11,110.47,111.32,108.285,109.39
MIDD,2018-12-12,110.94,111.15,109.08,109.14
MIDD,2018-12-13,109.48,111.03,108.89,110.3
MIDD,2018-12-14,109.06,112.23,108.655,109.35
MIDD,2018-12-17,109.32,110.13,107.27,107.73
MIDD,2018-12-18,108.18,111.31,107.73,108.18
MIDD,2018-12-19,108.14,111.23,107.11,107.28
MIDD,2018-12-20,106.85,108.37,103.59,103.64
MIDD,2018-12-21,103.5,104.66,101.59,102.05
MIDD,2018-12-24,101.51,102.16,97.93,98.1
MIDD,2018-12-26,98.6,101.55,96.65,101.4
MIDD,2018-12-27,100.06,100.99,97.47,100.33
MIDD,2018-12-28,101.37,103.81,100.23,101.43
MIDD,2018-12-31,101.73,103.44,100.76,102.73
MIDD,2019-01-02,101.7,103.07,100.69,101.96
MIDD,2019-01-03,101.81,102.35,99.0901,100.7
MIDD,2019-01-04,101.79,105.41,100.48,104.02
MIDD,2019-01-07,104.19,106.265,102.795,104.56
MIDD,2019-01-08,105.79,107.63,104.93,107.06
MIDD,2019-01-09,107.19,110.24,107.0,109.63
MIDD,2019-01-10,108.97,111.42,108.11,110.57
MIDD,2019-01-11,110.02,111.11,109.0,110.0
MIDD,2019-01-14,109.52,112.45,109.52,111.03
MIDD,2019-01-15,110.98,112.036,109.84,111.28
MIDD,2019-01-16,111.63,112.77,110.05,112.05
MIDD,2019-01-17,111.32,115.07,111.32,114.99
MIDD,2019-01-18,115.9,118.64,114.93,117.09
MIDD,2019-01-22,120.0,120.0,115.745,116.64
MIDD,2019-01-23,117.4,117.99,114.345,115.76
MIDD,2019-01-24,116.33,116.56,115.33,115.57
MIDD,2019-01-25,116.08,117.35,116.08,117.0
MIDD,2019-01-28,116.0,116.19,113.95,116.08
MIDD,2019-01-29,116.32,117.4,115.105,116.89
MIDD,2019-01-30,117.28,118.81,116.43,118.21
MIDD,2019-01-31,118.22,118.44,116.47,117.62
MIDD,2019-02-01,118.14,121.25,117.28,120.42
MIDD,2019-02-04,120.36,122.16,119.608,122.01
MIDD,2019-02-05,122.0,124.365,121.83,124.2
MIDD,2019-02-06,124.12,124.33,122.95,123.36
MIDD,2019-02-07,122.87,122.87,120.23,121.55
MIDD,2019-02-08,120.89,122.13,119.69,120.28
MIDD,2019-02-11,120.91,122.0,118.84,120.24
MIDD,2019-02-12,120.79,124.55,118.87,123.56
MIDD,2019-02-13,124.05,125.68,124.03,124.64
MIDD,2019-02-14,123.78,124.69,123.338,124.06
MIDD,2019-02-15,124.2,126.28,123.95,126.27
MIDD,2019-02-19,119.06,121.51,114.551,117.5
MIDD,2019-02-20,117.73,119.95,116.47,118.68
MIDD,2019-02-21,118.78,120.21,117.0,120.02
MIDD,2019-02-22,120.38,121.295,118.78,119.23
MIDD,2019-02-25,119.55,120.33,117.98,118.71
MIDD,2019-02-26,118.99,120.6,118.952,119.3
MIDD,2019-02-27,128.44,132.82,125.02,125.22
MIDD,2019-02-28,119.9,125.22,119.06,122.59
MIDD,2019-03-01,123.2,124.135,121.83,123.13
MIDD,2019-03-04,123.55,124.0,121.23,123.04
MIDD,2019-03-05,123.01,124.37,121.44,124.04
MIDD,2019-03-06,124.09,124.76,123.34,124.13
MIDD,2019-03-07,123.68,124.78,123.38,123.75
MIDD,2019-03-08,122.69,123.82,122.69,123.59
MIDD,2019-03-11,124.0,127.59,119.386,127.57
MIDD,2019-03-12,127.51,128.14,126.46,127.68
MIDD,2019-03-13,127.85,128.14,126.945,127.89
MIDD,2019-03-14,127.6,127.6,126.62,127.44
MIDD,2019-03-15,127.73,128.776,126.77,128.66
MIDD,2019-03-18,128.94,130.99,127.51,130.88
MIDD,2019-03-19,130.87,131.0,129.56,129.67
MIDD,2019-03-20,129.72,129.72,127.47,127.62
MIDD,2019-03-21,126.97,128.81,126.97,128.05
MIDD,2019-03-22,127.76,127.76,125.07,126.05
MIDD,2019-03-25,125.91,126.81,125.55,126.13
MIDD,2019-03-26,127.16,127.95,126.555,127.44
MIDD,2019-03-27,127.46,128.75,126.41,127.55
MIDD,2019-03-28,127.55,128.445,126.18,127.96
MIDD,2019-03-29,128.35,132.0,128.11,130.03
MIDD,2019-04-01,131.15,133.27,130.2,132.55
MIDD,2019-04-02,132.63,134.84,132.355,134.38
MIDD,2019-04-03,135.78,136.9,135.25,136.02
MIDD,2019-04-04,135.41,137.49,135.15,137.46
MIDD,2019-04-05,137.49,138.62,137.09,138.06
MIDD,2019-04-08,137.35,137.74,135.58,136.87
MIDD,2019-04-09,135.69,136.05,133.35,133.78
MIDD,2019-04-10,133.84,134.35,132.87,134.17
MIDD,2019-04-11,134.25,135.44,133.59,134.81
MIDD,2019-04-12,135.4,136.73,134.18,134.86
MIDD,2019-04-15,134.88,135.95,133.85,135.57
MIDD,2019-04-16,136.25,136.445,135.22,135.7
MIDD,2019-04-17,136.7,136.7,134.63,134.97
MIDD,2019-04-18,135.38,136.5,134.94,135.04
MIDD,2019-04-22,134.66,134.66,130.6,131.87
MIDD,2019-04-23,132.02,133.82,132.02,133.42
MIDD,2019-04-24,133.68,136.39,133.185,135.17
MIDD,2019-04-25,134.34,134.34,131.88,131.93
MIDD,2019-04-26,131.77,134.13,131.4,133.89
MIDD,2019-04-29,133.8,135.185,133.43,133.76
MIDD,2019-04-30,133.68,134.05,131.87,132.13
MIDD,2019-05-01,132.59,133.5,131.4,131.86
MIDD,2019-05-02,131.3,132.62,130.552,132.52
MIDD,2019-05-03,133.34,137.77,133.34,137.58
MIDD,2019-05-06,135.51,138.33,135.07,137.92
MIDD,2019-05-07,136.77,137.38,135.82,136.83
MIDD,2019-05-08,135.09,138.88,134.01,137.11
MIDD,2019-05-09,135.46,136.06,131.24,135.24
MIDD,2019-05-10,134.83,135.84,133.56,135.61
MIDD,2019-05-13,133.07,135.445,132.37,134.5
MIDD,2019-05-14,134.76,136.97,133.9,136.75
MIDD,2019-05-15,135.67,139.24,135.211,138.24
MIDD,2019-05-16,138.87,140.15,137.94,138.2
MIDD,2019-05-17,137.69,137.89,135.98,136.51
MIDD,2019-05-20,135.99,137.62,134.98,135.68
MIDD,2019-05-21,136.63,138.72,136.18,138.58
MIDD,2019-05-22,137.64,139.69,137.64,139.18
MIDD,2019-05-23,138.13,138.48,136.2,136.97
MIDD,2019-05-24,137.96,138.75,137.12,137.78
MIDD,2019-05-28,138.12,138.52,134.46,134.5
MIDD,2019-05-29,134.19,134.55,133.13,134.08
MIDD,2019-05-30,134.35,135.26,132.64,133.33
MIDD,2019-05-31,131.65,131.88,130.03,130.47
MIDD,2019-06-03,130.54,131.585,129.42,130.1
MIDD,2019-06-04,131.25,132.775,129.65,132.69
MIDD,2019-06-05,133.34,135.55,132.97,135.42
MIDD,2019-06-06,135.55,135.7,133.27,133.8
MIDD,2019-06-07,134.36,134.95,133.34,133.71
MIDD,2019-06-10,134.42,135.66,133.75,135.22
MIDD,2019-06-11,136.1,137.05,132.775,132.94
MIDD,2019-06-12,132.94,133.55,132.458,133.31
MIDD,2019-06-13,133.96,134.51,132.49,132.96
MIDD,2019-06-14,132.94,132.94,130.55,131.1
MIDD,2019-06-17,131.57,131.98,129.985,130.77
MIDD,2019-06-18,131.45,133.47,130.698,132.49
MIDD,2019-06-19,133.02,133.12,131.82,132.1
MIDD,2019-06-20,133.66,134.385,133.0,133.49
MIDD,2019-06-21,132.94,133.65,130.93,131.56
MIDD,2019-06-24,131.56,133.04,131.175,131.43
MIDD,2019-06-25,131.61,133.13,131.17,133.08
MIDD,2019-06-26,133.33,133.99,131.52,131.78
MIDD,2019-06-27,131.88,132.8,131.3,131.84
MIDD,2019-06-28,132.23,135.96,132.23,135.7
MIDD,2019-07-01,137.36,138.82,136.03,137.73
MIDD,2019-07-02,137.74,138.82,136.57,136.73
MIDD,2019-07-03,137.13,138.71,137.01,138.56
MIDD,2019-07-05,137.66,138.48,135.82,138.4
MIDD,2019-07-08,138.12,138.12,134.72,135.79
MIDD,2019-07-09,134.82,134.885,132.67,132.99
MIDD,2019-07-10,133.55,135.04,132.653,134.96
MIDD,2019-07-11,135.08,135.88,134.47,135.03
MIDD,2019-07-12,135.38,137.25,134.38,137.1
MIDD,2019-07-15,137.12,138.51,136.62,137.99
MIDD,2019-07-16,136.9,142.65,136.68,142.16
MIDD,2019-07-17,142.61,142.98,137.34,137.63
MIDD,2019-07-18,137.96,138.285,136.795,138.01
MIDD,2019-07-19,138.24,139.19,136.47,136.83
MIDD,2019-07-22,136.84,137.84,136.37,136.61
MIDD,2019-07-23,137.71,138.52,136.13,137.71
MIDD,2019-07-24,139.65,139.785,136.67,139.65
MIDD,2019-07-25,139.3,139.55,136.88,137.11
MIDD,2019-07-26,137.55,138.26,135.58,138.03
MIDD,2019-07-29,138.04,138.04,134.69,134.91
MIDD,2019-07-30,134.33,135.25,132.3,134.91
MIDD,2019-07-31,134.84,136.2,133.25,134.38
MIDD,2019-08-01,134.52,135.325,131.33,131.67
MIDD,2019-08-02,131.53,131.53,128.38,129.13
MIDD,2019-08-05,127.3,127.3,122.94,124.16
MIDD,2019-08-06,127.7,128.057,124.326,127.7
MIDD,2019-08-07,115.07,118.47,109.25,115.05
MIDD,2019-08-08,114.34,117.83,112.83,114.07
MIDD,2019-08-09,114.06,115.62,112.28,112.39
MIDD,2019-08-12,110.32,112.86,110.0,111.92
MIDD,2019-08-13,111.72,114.25,110.185,112.31
MIDD,2019-08-14,113.01,113.01,109.17,109.7
MIDD,2019-08-15,110.1,110.645,109.215,110.06
MIDD,2019-08-16,110.48,111.82,109.95,110.95
MIDD,2019-08-19,112.56,112.88,110.155,110.79
MIDD,2019-08-20,110.4,110.84,109.53,110.09
MIDD,2019-08-21,111.1,112.08,110.33,111.17
MIDD,2019-08-22,111.25,111.745,109.3,109.43
MIDD,2019-08-23,108.25,109.37,105.77,107.25
MIDD,2019-08-26,107.6,108.63,106.99,107.7
MIDD,2019-08-27,108.35,109.13,107.48,108.65
MIDD,2019-08-28,107.84,109.69,107.81,109.31
MIDD,2019-08-29,110.09,111.38,109.483,110.11
MIDD,2019-08-30,110.96,111.62,109.5,109.66
MIDD,2019-09-03,109.32,109.55,107.385,108.39
MIDD,2019-09-04,109.16,111.25,108.76,110.55
MIDD,2019-09-05,111.1,113.32,111.1,112.35
MIDD,2019-09-06,112.57,113.59,111.52,113.45
MIDD,2019-09-09,114.01,116.79,108.615,116.66
MIDD,2019-09-10,117.14,119.26,115.54,118.81
MIDD,2019-09-11,118.79,121.11,117.52,121.01
MIDD,2019-09-12,121.1,121.79,118.89,120.39
MIDD,2019-09-13,120.6,121.91,119.94,120.42
MIDD,2019-09-16,119.89,121.04,119.31,120.15
MIDD,2019-09-17,119.49,120.96,117.92,120.46
MIDD,2019-09-18,120.06,120.06,117.42,118.91
MIDD,2019-09-19,119.17,119.17,116.65,117.02
MIDD,2019-09-20,116.83,117.79,114.965,115.33
MIDD,2019-09-23,115.37,117.55,114.76,117.49
MIDD,2019-09-24,117.56,118.0,114.39,114.84
MIDD,2019-09-25,114.8,117.945,114.605,117.57
MIDD,2019-09-26,117.36,117.36,115.43,116.69
MIDD,2019-09-27,117.12,117.13,114.65,116.4
MIDD,2019-09-30,116.24,117.3,116.24,116.9
MIDD,2019-10-01,117.56,118.385,114.09,114.29
MIDD,2019-10-02,113.5,113.5,110.77,111.72
MIDD,2019-10-03,112.07,112.96,110.25,112.54
MIDD,2019-10-04,112.77,113.7,111.46,112.77
MIDD,2019-10-07,112.71,113.19,111.785,111.91
MIDD,2019-10-08,111.31,111.46,109.69,109.91
MIDD,2019-10-09,110.48,111.32,109.44,109.89
MIDD,2019-10-10,109.71,111.84,109.635,111.09
MIDD,2019-10-11,112.57,115.56,112.57,113.28
MIDD,2019-10-14,112.76,113.59,111.98,112.91
MIDD,2019-10-15,113.11,114.24,112.1,114.09
MIDD,2019-10-16,113.95,114.95,113.15,113.55
MIDD,2019-10-17,114.31,115.54,114.24,115.43
MIDD,2019-10-18,115.33,116.5,114.09,115.74
MIDD,2019-10-21,116.7,117.51,116.29,117.1
MIDD,2019-10-22,117.62,120.62,116.96,119.92
MIDD,2019-10-23,119.26,121.99,118.7,121.65
MIDD,2019-10-24,121.51,122.01,120.49,121.26
MIDD,2019-10-25,120.6,121.27,119.0,119.39
MIDD,2019-10-28,120.24,120.64,118.68,119.0
MIDD,2019-10-29,118.59,121.39,118.57,120.97
MIDD,2019-10-30,121.3,121.3,119.35,121.15
MIDD,2019-10-31,120.72,121.24,118.9,120.95
MIDD,2019-11-01,121.61,123.4,121.61,123.31
MIDD,2019-11-04,124.43,125.0,123.19,124.44
MIDD,2019-11-05,124.63,125.4,122.28,124.74
MIDD,2019-11-06,123.48,123.48,117.01,118.27
MIDD,2019-11-07,117.2,121.72,117.008,118.62
MIDD,2019-11-08,118.61,120.49,117.68,120.05
MIDD,2019-11-11,119.39,119.39,118.18,118.58
MIDD,2019-11-12,118.48,120.18,118.05,119.0
MIDD,2019-11-13,119.28,119.75,118.51,119.05
MIDD,2019-11-14,118.31,119.36,117.9,118.24
MIDD,2019-11-15,118.19,119.08,117.21,117.53
MIDD,2019-11-18,117.13,117.13,114.69,114.76
MIDD,2019-11-19,115.53,115.93,114.47,114.51
MIDD,2019-11-20,114.84,115.37,113.56,114.25
MIDD,2019-11-21,114.78,115.415,114.1,114.34
MIDD,2019-11-22,114.71,115.305,114.31,114.65
MIDD,2019-11-25,114.96,116.06,114.15,115.77
MIDD,2019-11-26,116.1,117.93,115.5,117.28
MIDD,2019-11-27,117.13,117.96,114.84,115.54
MIDD,2019-11-29,115.55,116.82,114.14,115.76
MIDD,2019-12-02,116.24,116.6,113.82,113.88
MIDD,2019-12-03,112.89,113.545,111.661,112.08
MIDD,2019-12-04,112.33,113.59,110.68,110.77
MIDD,2019-12-05,111.13,112.78,111.13,111.65
MIDD,2019-12-06,113.21,114.775,112.62,112.9
MIDD,2019-12-09,113.02,113.02,110.23,110.62
MIDD,2019-12-10,110.71,111.56,109.46,109.68
MIDD,2019-12-11,109.96,111.12,107.65,109.47
MIDD,2019-12-12,109.97,110.71,108.8,109.66
MIDD,2019-12-13,109.66,110.54,107.98,108.26
MIDD,2019-12-16,108.5,109.88,108.35,109.76
MIDD,2019-12-17,110.0,111.66,109.78,110.52
MIDD,2019-12-18,110.88,112.03,110.47,111.5
MIDD,2019-12-19,111.08,112.74,110.895,111.36
MIDD,2019-12-20,112.03,112.055,110.58,111.23
MIDD,2019-12-23,111.23,111.35,109.95,110.82
MIDD,2019-12-24,111.16,111.4,110.41,111.02
MIDD,2019-12-26,110.95,111.745,110.179,110.72
MIDD,2019-12-27,110.99,111.15,109.43,109.73
MIDD,2019-12-30,109.7,110.2,108.39,109.37
MIDD,2019-12-31,109.05,110.27,109.05,109.52
MIDD,2020-01-02,110.46,111.0,107.9,108.98
MIDD,2020-01-03,108.21,109.24,107.5,109.11
MIDD,2020-01-06,108.58,109.0,107.21,108.96
MIDD,2020-01-07,108.81,109.52,108.03,108.28
MIDD,2020-01-08,108.23,109.12,108.16,108.83
MIDD,2020-01-09,108.98,110.22,108.91,109.58
MIDD,2020-01-10,109.77,110.17,108.67,109.1
MIDD,2020-01-13,108.81,110.53,108.81,109.99
MIDD,2020-01-14,109.91,109.93,108.22,108.36
MIDD,2020-01-15,108.06,109.865,107.86,108.85
MIDD,2020-01-16,109.73,110.17,108.93,109.67
MIDD,2020-01-17,109.57,114.475,109.46,113.33
MIDD,2020-01-21,113.31,113.98,111.36,112.07
MIDD,2020-01-22,112.0,112.82,111.11,111.56
MIDD,2020-01-23,111.33,112.9,110.8,112.57
MIDD,2020-01-24,112.64,114.6,112.38,114.17
MIDD,2020-01-27,112.79,113.31,111.9,112.85
MIDD,2020-01-28,113.07,115.0,112.97,113.62
MIDD,2020-01-29,114.07,115.56,113.135,115.19
MIDD,2020-01-30,114.21,114.52,112.59,113.78
MIDD,2020-01-31,113.45,113.74,111.57,112.16
MIDD,2020-02-03,111.5,112.1,106.33,110.0
MIDD,2020-02-04,111.0,113.64,111.0,111.51
MIDD,2020-02-05,112.51,114.705,112.31,113.47
MIDD,2020-02-06,113.51,113.73,111.99,112.37
MIDD,2020-02-07,111.63,113.51,111.02,111.97
MIDD,2020-02-10,111.58,113.035,110.65,112.6
MIDD,2020-02-11,112.92,115.96,112.92,115.23
MIDD,2020-02-12,116.18,117.23,115.245,115.99
MIDD,2020-02-13,115.4,116.43,114.62,115.21
MIDD,2020-02-14,115.01,115.06,113.43,113.73
MIDD,2020-02-18,112.74,113.21,111.61,112.29
MIDD,2020-02-19,112.56,113.38,111.65,111.97
MIDD,2020-02-20,111.8,113.53,111.8,112.01
MIDD,2020-02-21,111.44,111.665,108.24,110.63
MIDD,2020-02-24,108.21,110.09,106.875,109.37
MIDD,2020-02-25,109.16,111.35,105.32,106.78
MIDD,2020-02-26,127.0,128.48,109.17,115.27
MIDD,2020-02-27,115.35,117.13,112.58,113.56
MIDD,2020-02-28,110.47,114.31,109.15,111.81
MIDD,2020-03-02,111.91,112.3,105.65,111.99
MIDD,2020-03-03,113.52,114.27,106.33,106.99
MIDD,2020-03-04,108.34,110.9,106.3,110.9
MIDD,2020-03-05,108.3,109.895,102.23,102.7
MIDD,2020-03-06,99.8,104.18,97.895,100.71
MIDD,2020-03-09,94.35,95.84,90.91,93.3
MIDD,2020-03-10,95.61,96.94,90.6,92.74
MIDD,2020-03-11,90.85,90.85,86.36,86.97
MIDD,2020-03-12,81.53,83.76,74.66,74.92
MIDD,2020-03-13,77.94,79.15,69.93,76.12
MIDD,2020-03-16,69.65,71.44,62.27,63.43
MIDD,2020-03-17,64.09,66.9,61.065,63.44
MIDD,2020-03-18,59.55,59.55,46.78,48.61
MIDD,2020-03-19,48.82,54.035,44.025,50.67
MIDD,2020-03-20,51.98,53.32,46.49,47.07
MIDD,2020-03-23,45.75,46.57,41.73,43.86
MIDD,2020-03-24,47.08,49.62,45.45,48.99
MIDD,2020-03-25,49.42,57.02,48.2,55.69
MIDD,2020-03-26,56.44,63.5263,55.01,61.03
MIDD,2020-03-27,59.35,60.41,55.08,57.93
MIDD,2020-03-30,57.34,58.62,55.31,57.0
MIDD,2020-03-31,56.93,59.725,55.84,56.88
MIDD,2020-04-01,54.37,54.84,51.51,53.01
MIDD,2020-04-02,52.93,54.55,51.41,52.55
MIDD,2020-04-03,52.71,53.93,48.27,48.71
MIDD,2020-04-06,51.23,53.81,50.47,51.93
MIDD,2020-04-07,55.0,59.15,53.34,53.88
MIDD,2020-04-08,55.25,56.87,53.33,55.87
MIDD,2020-04-09,57.78,60.235,57.01,58.08
MIDD,2020-04-13,58.04,58.715,52.21,52.35
MIDD,2020-04-14,53.11,55.16,52.77,54.0
MIDD,2020-04-15,51.7,52.0,48.64,50.23
MIDD,2020-04-16,49.9,50.45,48.0,49.27
MIDD,2020-04-17,50.62,52.15,50.341,51.68
MIDD,2020-04-20,50.11,50.6192,47.97,48.56
MIDD,2020-04-21,46.95,50.41,46.61,49.27
MIDD,2020-04-22,50.64,52.14,49.99,51.31
MIDD,2020-04-23,52.19,54.35,51.61,52.99
MIDD,2020-04-24,53.0,53.53,50.38,51.49
MIDD,2020-04-27,51.64,54.87,51.56,54.63
MIDD,2020-04-28,56.49,57.56,54.1,55.5
MIDD,2020-04-29,57.68,60.48,56.85,60.07
MIDD,2020-04-30,59.06,59.06,55.57,55.63
MIDD,2020-05-01,54.55,54.85,50.92,52.69
MIDD,2020-05-04,51.11,53.0,49.11,52.84
MIDD,2020-05-05,54.67,56.84,53.42,53.98
MIDD,2020-05-06,54.51,55.01,52.745,54.82
MIDD,2020-05-07,57.31,59.97,54.84,59.23
MIDD,2020-05-08,60.9,65.28,60.06,64.35
MIDD,2020-05-11,64.3,64.3,60.18,61.06
MIDD,2020-05-12,61.8,62.99,59.11,59.26
MIDD,2020-05-13,57.79,58.68,55.88,56.76
MIDD,2020-05-14,55.34,60.1,54.21,59.57
MIDD,2020-05-15,58.63,61.65,56.6324,60.59
MIDD,2020-05-18,63.01,66.57,62.77,64.45
MIDD,2020-05-19,64.07,66.72,62.71,64.4
MIDD,2020-05-20,65.12,66.15,64.18,64.85
MIDD,2020-05-21,64.76,66.035,63.55,63.67
MIDD,2020-05-22,64.62,64.625,62.11,63.11
MIDD,2020-05-26,66.1,73.8544,65.39,72.07
MIDD,2020-05-27,74.51,76.91,71.04,73.52
MIDD,2020-05-28,74.51,74.51,69.17,70.12
MIDD,2020-05-29,67.64,69.56,66.79,68.1
MIDD,2020-06-01,68.49,73.7,68.0084,72.73
MIDD,2020-06-02,74.51,75.42,71.84,72.28
MIDD,2020-06-03,74.21,78.63,73.22,78.03
MIDD,2020-06-04,77.33,81.415,76.69,80.94
MIDD,2020-06-05,85.36,93.56,85.36,87.34
MIDD,2020-06-08,90.08,93.22,87.305,87.78
MIDD,2020-06-09,85.86,86.86,82.2,82.3
MIDD,2020-06-10,81.33,81.33,76.79,78.83
MIDD,2020-06-11,73.42,76.16,71.56,72.76
MIDD,2020-06-12,76.44,79.04,71.38,73.36
MIDD,2020-06-15,75.53,82.66,72.34,81.43
MIDD,2020-06-16,86.94,87.0,80.32,80.78
MIDD,2020-06-17,80.41,83.885,79.88,82.46
MIDD,2020-06-18,80.95,83.37,79.54,79.63
MIDD,2020-06-19,81.33,82.48,77.06,77.71
MIDD,2020-06-22,76.54,79.11,75.21,78.88
MIDD,2020-06-23,80.61,80.88,77.93,80.36
MIDD,2020-06-24,78.45,79.39,74.21,76.15
MIDD,2020-06-25,75.345,75.86,72.93,75.13
MIDD,2020-06-26,74.41,74.41,72.53,72.98
MIDD,2020-06-29,75.78,80.3,74.72,79.93
MIDD,2020-06-30,78.77,80.89,78.51,78.94
MIDD,2020-07-01,78.95,79.99,75.0,75.09
MIDD,2020-07-02,77.46,78.855,74.9,74.98
MIDD,2020-07-06,77.25,78.44,75.5642,77.31
MIDD,2020-07-07,76.21,77.58,74.39,74.48
MIDD,2020-07-08,74.07,75.94,73.96,75.75
MIDD,2020-07-09,75.58,76.035,70.78,70.94
MIDD,2020-07-10,70.77,74.745,70.5,74.34
MIDD,2020-07-13,75.54,78.05,74.515,75.84
MIDD,2020-07-14,76.25,79.32,75.38,79.3
MIDD,2020-07-15,81.67,83.665,80.02,83.11
MIDD,2020-07-16,81.91,83.83,80.31,82.59
MIDD,2020-07-17,82.65,83.99,81.61,82.67
MIDD,2020-07-20,82.46,83.46,81.33,81.65
MIDD,2020-07-21,82.76,86.26,82.13,85.05
MIDD,2020-07-22,84.36,86.12,84.12,85.11
MIDD,2020-07-23,84.9,86.89,84.26,86.41
MIDD,2020-07-24,86.51,86.51,83.93,84.6
MIDD,2020-07-27,84.98,86.04,83.241,85.8
MIDD,2020-07-28,85.31,86.3184,84.83,85.64
MIDD,2020-07-29,85.89,87.77,85.63,87.43
MIDD,2020-07-30,85.89,85.89,83.66,85.36
MIDD,2020-07-31,84.61,85.71,82.04,83.06
MIDD,2020-08-03,83.87,84.42,82.41,84.01
MIDD,2020-08-04,84.02,86.01,82.68,85.73
MIDD,2020-08-05,91.01,99.87,91.0,99.7
MIDD,2020-08-06,98.43,101.78,98.43,99.83
MIDD,2020-08-07,99.84,103.05,98.78,102.91
MIDD,2020-08-10,103.68,105.15,102.5,104.6
MIDD,2020-08-11,106.17,108.257,104.26,104.65
MIDD,2020-08-12,106.0,106.0,103.05,103.99
MIDD,2020-08-13,103.03,104.87,102.4,103.5
MIDD,2020-08-14,102.79,104.43,102.43,102.87
MIDD,2020-08-17,103.26,103.875,102.12,103.16
MIDD,2020-08-18,99.66,100.03,96.26,96.71
MIDD,2020-08-19,96.69,96.71,93.76,94.21
MIDD,2020-08-20,93.18,94.4,91.9,92.47
MIDD,2020-08-21,91.86,94.12,90.5307,92.23
MIDD,2020-08-24,92.46,95.95,92.38,95.7
MIDD,2020-08-25,95.97,96.47,93.79,95.61
MIDD,2020-08-26,95.89,96.05,93.79,95.26
MIDD,2020-08-27,95.88,97.36,95.23,96.6
MIDD,2020-08-28,96.99,99.9,96.35,99.82
MIDD,2020-08-31,99.58,99.89,97.43,97.9
MIDD,2020-09-01,97.45,98.35,96.26,97.93
MIDD,2020-09-02,98.29,99.94,97.5,99.65
MIDD,2020-09-03,100.1,100.75,95.0,95.37
MIDD,2020-09-04,97.25,97.55,94.31,96.39
MIDD,2020-09-08,94.6,96.93,94.29,94.69
MIDD,2020-09-09,95.14,96.98,94.65,95.95
MIDD,2020-09-10,96.5,97.29,93.15,93.57
MIDD,2020-09-11,94.02,95.96,93.27,95.1
MIDD,2020-09-14,96.13,99.25,95.8775,98.81
MIDD,2020-09-15,99.18,99.46,95.9075,96.09
MIDD,2020-09-16,96.78,97.585,95.09,95.34
MIDD,2020-09-17,93.35,95.26,92.555,94.05
MIDD,2020-09-18,94.09,94.39,91.17,91.65
MIDD,2020-09-21,88.48,89.6,85.92,88.21
MIDD,2020-09-22,88.3,92.56,88.01,92.54
MIDD,2020-09-23,92.1,94.255,91.42,91.99
MIDD,2020-09-24,91.68,94.0,89.82,92.32
MIDD,2020-09-25,91.51,91.93,89.04,90.21
MIDD,2020-09-28,92.07,93.26,90.75,90.9
MIDD,2020-09-29,90.62,90.75,87.75,88.72
MIDD,2020-09-30,89.55,91.45,88.48,89.71
MIDD,2020-10-01,90.05,91.18,89.285,90.27
MIDD,2020-10-02,88.4,94.745,88.4,93.72
MIDD,2020-10-05,94.93,96.65,94.72,96.17
MIDD,2020-10-06,96.46,98.725,95.5,96.33
MIDD,2020-10-07,98.0,99.97,97.81,99.235
MIDD,2020-10-08,100.0,100.76,98.26,100.7
MIDD,2020-10-09,102.1,103.71,101.52,102.31
MIDD,2020-10-12,102.06,103.27,101.52,103.08
MIDD,2020-10-13,101.57,103.96,101.57,103.14
MIDD,2020-10-14,103.39,105.43,102.81,104.37
MIDD,2020-10-15,102.24,103.95,100.6,102.81
MIDD,2020-10-16,103.34,104.28,102.025,102.85
MIDD,2020-10-19,102.48,104.22,100.81,101.51
MIDD,2020-10-20,102.72,103.89,102.41,102.6
MIDD,2020-10-21,101.79,103.86,101.79,103.0
MIDD,2020-10-22,103.55,107.8,103.355,107.06
MIDD,2020-10-23,108.31,109.99,106.86,108.68
MIDD,2020-10-26,106.46,107.83,104.45,105.48
MIDD,2020-10-27,105.22,105.855,102.7,103.23
MIDD,2020-10-28,100.5,103.0,99.86,100.01
MIDD,2020-10-29,99.53,101.68,98.28,100.41
MIDD,2020-10-30,100.41,100.99,97.66,99.54
MIDD,2020-11-02,101.27,102.15,99.365,100.04
MIDD,2020-11-03,102.26,105.28,101.415,103.91
MIDD,2020-11-04,103.01,106.04,100.1,103.15
MIDD,2020-11-05,106.99,120.84,106.47,120.75
MIDD,2020-11-06,120.81,123.69,118.99,122.6
MIDD,2020-11-09,130.54,149.39,128.34,129.02
MIDD,2020-11-10,129.13,134.2,127.195,133.27
MIDD,2020-11-11,133.28,134.158,130.62,131.61
MIDD,2020-11-12,129.46,130.76,125.87,127.53
MIDD,2020-11-13,129.68,132.74,128.945,132.52
MIDD,2020-11-16,135.47,139.28,134.315,136.4
MIDD,2020-11-17,134.36,137.31,132.0,136.05
MIDD,2020-11-18,138.0,138.31,134.0,134.18
MIDD,2020-11-19,132.94,136.47,132.64,134.72
MIDD,2020-11-20,134.6,136.35,134.05,135.28
MIDD,2020-11-23,136.88,138.46,136.5,137.01
MIDD,2020-11-24,139.2,140.2,137.43,139.02
MIDD,2020-11-25,138.54,138.54,134.44,136.75
MIDD,2020-11-27,138.48,139.045,137.09,138.58
MIDD,2020-11-30,137.93,138.31,135.22,135.99
MIDD,2020-12-01,138.02,140.139,135.55,138.46
MIDD,2020-12-02,137.01,138.875,135.5,137.25
MIDD,2020-12-03,137.94,139.415,136.8,137.41
MIDD,2020-12-04,138.0,139.5,137.0,138.13
MIDD,2020-12-07,137.67,138.285,135.25,137.31
MIDD,2020-12-08,136.44,139.5,135.66,138.34
MIDD,2020-12-09,138.14,139.22,135.63,136.9
MIDD,2020-12-10,135.72,137.085,135.09,136.21
MIDD,2020-12-11,134.8,137.46,134.67,136.71
MIDD,2020-12-14,138.75,138.75,132.47,132.68
MIDD,2020-12-15,134.48,135.87,133.42,134.35
MIDD,2020-12-16,134.84,135.22,131.32,131.94
MIDD,2020-12-17,131.62,132.99,131.24,132.58
MIDD,2020-12-18,133.0,134.21,130.3,131.86
MIDD,2020-12-21,129.06,132.56,128.84,131.23
MIDD,2020-12-22,131.71,132.95,127.42,128.49
MIDD,2020-12-23,128.94,131.28,128.29,130.25
MIDD,2020-12-24,131.08,131.08,127.74,129.41
MIDD,2020-12-28,130.02,130.53,126.35,126.48
MIDD,2020-12-29,127.17,128.03,125.075,126.86
MIDD,2020-12-30,127.35,130.24,127.18,128.88
MIDD,2020-12-31,128.24,130.202,127.77,128.92
MIDD,2021-01-04,130.28,130.28,123.93,126.16
MIDD,2021-01-05,125.59,130.69,125.59,129.81
MIDD,2021-01-06,130.52,136.57,130.52,135.11
MIDD,2021-01-07,135.8,137.67,133.905,136.09
MIDD,2021-01-08,135.98,137.86,134.19,137.15
MIDD,2021-01-11,133.41,137.94,133.23,137.54
MIDD,2021-01-12,138.81,141.6,137.93,141.18
MIDD,2021-01-13,140.73,141.97,135.18,135.71
MIDD,2021-01-14,137.73,139.3,133.33,136.52
MIDD,2021-01-15,135.34,136.22,132.48,133.96
MIDD,2021-01-19,138.12,142.78,136.01,138.83
MIDD,2021-01-20,140.35,141.45,138.0,138.42
MIDD,2021-01-21,138.57,138.57,136.03,137.26
MIDD,2021-01-22,135.49,137.52,133.58,136.75
MIDD,2021-01-25,135.29,137.85,133.09,134.0
MIDD,2021-01-26,136.42,137.78,134.17,136.76
MIDD,2021-01-27,134.01,141.86,132.24,139.36
MIDD,2021-01-28,141.32,142.97,138.31,138.47
MIDD,2021-01-29,139.12,139.74,134.64,135.72
MIDD,2021-02-01,137.67,138.65,135.42,138.36
MIDD,2021-02-02,139.86,139.94,135.61,136.14
MIDD,2021-02-03,136.03,137.14,134.72,134.84
MIDD,2021-02-04,136.15,137.46,134.56,135.62
MIDD,2021-02-05,136.14,139.33,135.61,137.93
MIDD,2021-02-08,138.4,138.68,134.74,135.98
MIDD,2021-02-09,135.74,138.3,134.062,136.95
MIDD,2021-02-10,138.09,138.22,134.51,134.74
MIDD,2021-02-11,135.64,137.24,132.34,133.43
MIDD,2021-02-12,132.48,134.52,130.26,134.38
MIDD,2021-02-16,136.33,136.91,133.68,134.98
MIDD,2021-02-17,134.93,134.99,132.07,133.69
MIDD,2021-02-18,132.62,133.59,129.4,130.9
MIDD,2021-02-19,132.2,135.5,131.865,134.48
MIDD,2021-02-22,134.19,138.4,132.53,136.92
MIDD,2021-02-23,136.45,137.99,133.48,137.13
MIDD,2021-02-24,136.82,144.1,136.82,142.66
MIDD,2021-02-25,143.47,144.99,139.56,144.76
MIDD,2021-02-26,145.0,147.52,143.951,146.41
MIDD,2021-03-01,150.82,166.31,146.55,159.32
MIDD,2021-03-02,160.13,163.59,159.29,161.87
MIDD,2021-03-03,163.05,164.0,158.78,161.45
MIDD,2021-03-04,160.56,162.915,154.0,160.08
MIDD,2021-03-05,163.43,166.46,160.46,164.27
MIDD,2021-03-08,166.482,168.57,164.91,165.88
MIDD,2021-03-09,166.62,168.75,163.415,166.3
MIDD,2021-03-10,167.43,169.42,165.635,168.25
MIDD,2021-03-11,169.42,171.9,166.84,170.28
MIDD,2021-03-12,170.22,172.95,168.66,169.75
MIDD,2021-03-15,168.5,170.94,167.27,170.31
MIDD,2021-03-16,169.33,171.08,165.88,167.42
MIDD,2021-03-17,167.94,169.555,166.53,168.28
MIDD,2021-03-18,167.92,169.58,162.41,163.69
MIDD,2021-03-19,164.48,165.35,161.54,163.36
MIDD,2021-03-22,162.81,166.06,160.38,165.63
MIDD,2021-03-23,165.16,166.75,159.72,160.69
MIDD,2021-03-24,162.58,165.9,161.16,161.2
MIDD,2021-03-25,160.41,165.32,157.25,164.68
MIDD,2021-03-26,166.46,166.46,162.2,165.97
MIDD,2021-03-29,166.23,168.7,162.32,163.61
MIDD,2021-03-30,164.01,167.79,163.18,167.2
MIDD,2021-03-31,166.22,168.28,165.01,165.75
MIDD,2021-04-01,165.91,167.24,162.45,165.49
MIDD,2021-04-05,166.47,168.056,162.84,163.44
MIDD,2021-04-06,164.57,166.58,163.58,164.92
MIDD,2021-04-07,165.25,166.23,161.74,163.33
MIDD,2021-04-08,162.21,163.695,160.11,160.25
MIDD,2021-04-09,160.23,163.31,159.05,162.58
MIDD,2021-04-12,163.57,165.25,161.835,164.86
MIDD,2021-04-13,164.26,164.54,161.31,163.84
MIDD,2021-04-14,163.36,165.93,162.65,164.01
MIDD,2021-04-15,165.72,165.72,163.33,164.63
MIDD,2021-04-16,166.6,169.79,165.38,169.38
MIDD,2021-04-19,169.69,169.97,166.125,168.56
MIDD,2021-04-20,167.92,171.21,164.83,166.83
MIDD,2021-04-21,158.29,182.38,158.29,181.99
MIDD,2021-04-22,185.08,185.54,177.19,179.14
MIDD,2021-04-23,180.55,182.58,177.96,182.06
MIDD,2021-04-26,183.48,185.21,180.62,181.31
MIDD,2021-04-27,180.92,183.96,178.47,183.08
MIDD,2021-04-28,183.96,185.22,182.26,183.3
MIDD,2021-04-29,183.76,186.2,181.21,182.38
MIDD,2021-04-30,180.73,182.97,178.96,181.32
MIDD,2021-05-03,183.23,183.81,179.545,180.45
MIDD,2021-05-04,179.38,180.74,177.66,178.53
MIDD,2021-05-05,179.6,181.33,177.21,179.35
MIDD,2021-05-06,181.99,182.615,176.28,179.37
MIDD,2021-05-07,180.02,183.67,179.005,182.83
MIDD,2021-05-10,184.5,185.1,182.0,183.1
MIDD,2021-05-11,179.51,182.135,177.44,179.62
MIDD,2021-05-12,178.88,179.08,168.15,168.63
MIDD,2021-05-13,168.8,173.7,168.21,170.13
MIDD,2021-05-14,171.98,175.97,171.19,174.32
MIDD,2021-05-17,173.54,177.69,169.97,171.66
MIDD,2021-05-18,172.34,173.22,168.27,168.36
MIDD,2021-05-19,165.17,167.86,163.89,167.82
MIDD,2021-05-20,168.31,169.89,162.59,163.38
MIDD,2021-05-21,164.29,167.11,164.29,165.58
MIDD,2021-05-24,165.71,165.9,162.12,162.89
MIDD,2021-05-25,163.63,167.97,163.13,165.35
MIDD,2021-05-26,165.24,166.2,163.4,164.94
MIDD,2021-05-27,167.09,168.225,166.42,167.4
MIDD,2021-05-28,167.21,169.52,163.215,164.28
MIDD,2021-06-01,166.09,168.695,165.17,165.65
MIDD,2021-06-02,166.07,169.61,164.1,168.37
MIDD,2021-06-03,167.3,168.95,165.35,168.09
MIDD,2021-06-04,167.96,172.18,167.055,171.15
MIDD,2021-06-07,172.11,173.5,168.76,170.99
MIDD,2021-06-08,170.87,171.77,167.81,171.53
MIDD,2021-06-09,171.82,172.44,169.07,169.4
MIDD,2021-06-10,171.99,173.02,166.94,167.05
MIDD,2021-06-11,167.7,169.55,167.7,169.42
MIDD,2021-06-14,169.7,173.069,165.73,165.93
MIDD,2021-06-15,165.72,167.0,164.13,166.94
MIDD,2021-06-16,167.21,168.48,165.04,165.2
MIDD,2021-06-17,164.17,166.66,160.85,163.06
MIDD,2021-06-18,160.4,161.99,159.58,161.0
MIDD,2021-06-21,162.49,166.21,162.05,165.82
MIDD,2021-06-22,166.09,167.61,163.76,166.8
MIDD,2021-06-23,167.38,170.07,166.0,168.68
MIDD,2021-06-24,169.99,172.0,168.2,170.68
MIDD,2021-06-25,171.27,172.05,169.53,171.12
MIDD,2021-06-28,172.91,173.25,170.96,171.86
MIDD,2021-06-29,173.05,174.24,170.885,171.1
MIDD,2021-06-30,170.43,173.68,169.1,173.26
MIDD,2021-07-01,174.57,174.75,171.92,172.95
MIDD,2021-07-02,172.83,174.38,171.58,173.78
MIDD,2021-07-06,174.16,174.955,172.215,173.95
MIDD,2021-07-07,173.36,174.72,172.0,173.78
MIDD,2021-07-08,170.64,171.3,164.7,167.86
MIDD,2021-07-09,170.26,175.08,169.51,174.93
MIDD,2021-07-12,175.2,177.89,174.04,176.93
MIDD,2021-07-13,181.01,186.2,179.19,179.3
MIDD,2021-07-14,180.22,184.16,179.19,183.29
MIDD,2021-07-15,181.89,184.56,181.34,184.0
MIDD,2021-07-16,185.01,185.99,181.38,183.27
MIDD,2021-07-19,179.77,182.315,177.61,179.43
MIDD,2021-07-20,180.76,187.38,179.92,185.55
MIDD,2021-07-21,186.24,188.365,185.568,187.13
MIDD,2021-07-22,187.62,188.68,186.07,187.78
MIDD,2021-07-23,188.65,189.635,187.12,188.73
MIDD,2021-07-26,188.9,190.25,187.16,190.06
MIDD,2021-07-27,189.79,190.02,187.55,188.47
MIDD,2021-07-28,188.79,189.91,185.35,187.92
MIDD,2021-07-29,189.4,190.49,188.115,189.43
MIDD,2021-07-30,188.36,191.86,188.12,191.49
MIDD,2021-08-02,192.84,194.44,190.15,190.76
MIDD,2021-08-03,191.71,194.15,188.8,194.0
MIDD,2021-08-04,193.02,194.865,192.1,192.99
MIDD,2021-08-05,193.71,196.49,193.27,193.78
MIDD,2021-08-06,193.89,195.5,192.67,193.39
MIDD,2021-08-09,193.07,193.84,189.71,191.01
MIDD,2021-08-10,191.04,192.74,189.81,191.75
MIDD,2021-08-11,193.62,194.07,189.98,191.89
MIDD,2021-08-12,190.35,191.285,180.95,182.46
MIDD,2021-08-13,182.69,183.0,176.763,178.08
MIDD,2021-08-16,176.79,179.71,175.7,178.99
MIDD,2021-08-17,177.28,178.72,175.31,177.14
MIDD,2021-08-18,175.85,178.658,175.465,176.45
MIDD,2021-08-19,173.65,179.27,172.28,178.03
MIDD,2021-08-20,177.83,180.865,176.97,180.45
MIDD,2021-08-23,182.12,182.52,177.49,179.57
MIDD,2021-08-24,180.13,181.78,179.44,180.45
MIDD,2021-08-25,181.2,183.57,180.35,183.11
MIDD,2021-08-26,183.21,184.91,180.65,184.74
MIDD,2021-08-27,185.28,186.62,184.71,185.65
MIDD,2021-08-30,186.43,187.63,184.48,186.18
MIDD,2021-08-31,185.86,185.93,182.5,182.94
MIDD,2021-09-01,183.55,184.27,179.3,182.95
MIDD,2021-09-02,183.94,184.79,181.53,181.98
MIDD,2021-09-03,182.14,183.97,179.29,179.98
MIDD,2021-09-07,179.22,180.03,175.21,176.03
MIDD,2021-09-08,175.46,176.72,174.37,175.95
MIDD,2021-09-09,175.25,176.48,174.5,175.61
MIDD,2021-09-10,176.05,179.15,173.78,174.23
MIDD,2021-09-13,175.29,176.55,172.98,176.13
MIDD,2021-09-14,177.31,177.31,173.59,173.81
MIDD,2021-09-15,173.01,175.85,173.01,174.41
MIDD,2021-09-16,174.99,175.24,170.45,173.98
MIDD,2021-09-17,173.88,174.5,170.73,172.98
MIDD,2021-09-20,171.71,174.34,170.205,174.2
MIDD,2021-09-21,174.46,174.63,171.29,171.39
MIDD,2021-09-22,172.67,174.01,170.67,171.29
MIDD,2021-09-23,172.11,176.47,171.34,173.13
MIDD,2021-09-24,172.48,175.18,172.45,173.77
MIDD,2021-09-27,174.34,178.1,174.28,174.38
MIDD,2021-09-28,173.87,174.375,171.39,172.2
MIDD,2021-09-29,172.8,174.73,171.75,174.02
MIDD,2021-09-30,175.11,176.505,170.51,170.51
MIDD,2021-10-01,171.03,175.74,170.08,173.84
MIDD,2021-10-04,174.0,175.275,170.4,171.51
MIDD,2021-10-05,171.55,174.06,169.52,172.69
MIDD,2021-10-06,171.42,173.2,168.14,171.65
MIDD,2021-10-07,172.58,175.46,172.58,173.54
MIDD,2021-10-08,173.2,173.2,169.09,171.08
MIDD,2021-10-11,171.33,171.83,166.47,166.95
MIDD,2021-10-12,168.05,168.85,166.78,167.21
MIDD,2021-10-13,166.9,169.2,166.31,168.15
MIDD,2021-10-14,168.0,172.24,166.635,171.25
MIDD,2021-10-15,171.84,175.05,171.57,172.18
MIDD,2021-10-18,170.8,172.29,169.62,171.5
MIDD,2021-10-19,173.25,175.095,172.05,174.19
MIDD,2021-10-20,173.92,175.87,173.76,175.02
MIDD,2021-10-21,174.53,176.83,173.91,175.89
MIDD,2021-10-22,176.46,177.72,174.8,175.43
MIDD,2021-10-25,175.74,177.4,174.59,176.1
MIDD,2021-10-26,176.6,177.36,174.39,176.28
MIDD,2021-10-27,176.79,178.49,174.09,174.28
MIDD,2021-10-28,174.88,180.35,174.51,180.19
MIDD,2021-10-29,179.88,184.7,178.78,182.44
MIDD,2021-11-01,183.33,186.675,182.12,186.16
MIDD,2021-11-02,186.96,187.81,185.32,186.86
MIDD,2021-11-03,187.29,188.97,182.52,182.99
MIDD,2021-11-04,183.73,186.35,181.57,184.67
MIDD,2021-11-05,185.62,188.23,183.27,185.95
MIDD,2021-11-08,186.4,189.445,184.81,188.44
MIDD,2021-11-09,180.0,192.75,179.0,190.48
MIDD,2021-11-10,188.82,191.93,186.3,187.55
MIDD,2021-11-11,187.12,189.52,184.59,184.73
MIDD,2021-11-12,184.73,187.38,183.98,187.29
MIDD,2021-11-15,189.35,189.58,186.48,188.1
MIDD,2021-11-16,188.42,192.65,187.53,191.43
MIDD,2021-11-17,192.07,192.54,186.22,192.33
MIDD,2021-11-18,192.32,192.34,188.64,189.83
MIDD,2021-11-19,189.54,189.81,187.025,187.66
MIDD,2021-11-22,187.71,189.68,184.11,186.36
MIDD,2021-11-23,186.33,186.33,183.09,184.91
MIDD,2021-11-24,185.365,185.44,181.37,184.76
MIDD,2021-11-26,181.3,183.06,178.46,180.93
MIDD,2021-11-29,181.92,183.7,178.05,179.21
MIDD,2021-11-30,178.59,181.33,172.28,174.68
MIDD,2021-12-01,178.0,180.22,171.98,171.99
MIDD,2021-12-02,173.1,178.09,171.73,177.23
MIDD,2021-12-03,177.85,178.235,168.64,172.06
MIDD,2021-12-06,169.75,177.95,169.75,175.75
MIDD,2021-12-07,178.36,184.0,176.221,181.91
MIDD,2021-12-08,181.91,184.85,181.38,183.3
MIDD,2021-12-09,181.84,190.33,181.18,187.23
MIDD,2021-12-10,187.94,189.63,186.76,188.48
MIDD,2021-12-13,188.48,189.9,187.5,189.27
MIDD,2021-12-14,187.8,193.82,186.592,188.84
MIDD,2021-12-15,188.84,193.04,186.87,191.31
MIDD,2021-12-16,191.56,193.78,188.76,190.14
MIDD,2021-12-17,190.0,191.0,187.4,188.31
MIDD,2021-12-20,187.45,188.04,183.02,187.12
MIDD,2021-12-21,187.9,194.01,187.51,191.51
MIDD,2021-12-22,191.8,193.22,189.735,191.24
MIDD,2021-12-23,192.42,193.87,190.87,191.75
MIDD,2021-12-27,192.19,195.298,191.18,195.17
MIDD,2021-12-28,195.75,197.67,194.205,196.44
MIDD,2021-12-29,195.74,198.46,195.74,197.11
MIDD,2021-12-30,197.13,198.96,196.53,196.84
MIDD,2021-12-31,196.28,198.99,196.28,196.76
MIDD,2022-01-03,197.04,199.82,194.87,196.27
MIDD,2022-01-04,196.54,200.85,195.075,198.51
MIDD,2022-01-05,198.39,200.465,196.9,197.0
MIDD,2022-01-06,197.21,200.59,195.4,198.65
MIDD,2022-01-07,198.26,199.01,196.8,197.34
MIDD,2022-01-10,196.78,196.78,191.52,193.43
MIDD,2022-01-11,194.08,195.18,188.49,194.81
MIDD,2022-01-12,193.8,196.07,192.235,194.26
MIDD,2022-01-13,196.16,198.14,194.69,196.5
MIDD,2022-01-14,194.53,197.92,192.73,197.27
MIDD,2022-01-18,195.5,199.74,193.705,198.15
MIDD,2022-01-19,198.54,198.866,190.84,193.73
MIDD,2022-01-20,194.45,194.45,188.65,189.02
MIDD,2022-01-21,188.25,190.02,185.34,186.5
MIDD,2022-01-24,183.78,187.93,180.35,187.45
MIDD,2022-01-25,185.58,185.72,180.3,182.72
MIDD,2022-01-26,185.46,187.51,179.8,180.88
MIDD,2022-01-27,182.69,185.17,175.72,177.34
MIDD,2022-01-28,176.85,182.22,175.01,182.07
MIDD,2022-01-31,181.46,185.75,180.35,185.2
MIDD,2022-02-01,185.1,187.04,182.83,186.75
MIDD,2022-02-02,187.46,187.92,184.54,185.04
MIDD,2022-02-03,179.515,185.78,179.515,183.36
MIDD,2022-02-04,182.05,185.78,181.09,183.67
MIDD,2022-02-07,182.77,189.89,181.425,188.31
MIDD,2022-02-08,189.06,197.11,189.06,196.32
MIDD,2022-02-09,197.58,201.34,197.29,199.65
MIDD,2022-02-10,197.35,199.95,195.0,196.05
MIDD,2022-02-11,195.73,196.51,189.91,191.41
MIDD,2022-02-14,191.11,194.385,187.64,189.4
MIDD,2022-02-15,191.96,194.37,190.825,193.0
MIDD,2022-02-16,191.53,193.569,190.91,192.57
MIDD,2022-02-17,190.79,191.42,185.46,185.67
MIDD,2022-02-18,186.07,186.38,181.565,182.71
MIDD,2022-02-22,188.0,194.65,182.0,182.8
MIDD,2022-02-23,183.24,189.59,170.27,171.0
MIDD,2022-02-24,167.25,171.6,163.84,170.74
MIDD,2022-02-25,170.07,179.09,169.8,176.67
MIDD,2022-02-28,173.68,180.26,173.6,177.62
MIDD,2022-03-01,176.46,177.18,172.19,174.28
MIDD,2022-03-02,175.55,179.71,174.87,177.61
MIDD,2022-03-03,178.23,180.5,177.27,177.8
MIDD,2022-03-04,175.72,177.7,169.42,170.8
MIDD,2022-03-07,170.18,170.18,162.755,166.01
MIDD,2022-03-08,166.01,174.45,164.04,164.94
MIDD,2022-03-09,168.13,171.88,168.13,168.69
MIDD,2022-03-10,166.12,169.6,166.1,169.16
MIDD,2022-03-11,170.0,170.57,166.03,166.17
MIDD,2022-03-14,167.79,171.5,164.945,165.59
MIDD,2022-03-15,167.87,169.33,163.94,166.84
MIDD,2022-03-16,167.14,174.27,167.14,173.49
MIDD,2022-03-17,172.35,174.217,169.051,173.0
MIDD,2022-03-18,171.56,173.52,170.14,172.64
MIDD,2022-03-21,173.6,173.6,167.475,170.06
MIDD,2022-03-22,170.92,175.34,169.47,173.21
MIDD,2022-03-23,171.99,172.76,168.31,169.51
MIDD,2022-03-24,169.81,170.71,165.56,169.12
MIDD,2022-03-25,169.37,169.37,163.89,165.43
MIDD,2022-03-28,165.74,166.9,162.485,164.0
MIDD,2022-03-29,166.29,171.35,165.81,169.85
MIDD,2022-03-30,169.48,170.06,166.54,167.77
MIDD,2022-03-31,167.56,167.84,163.81,163.94
MIDD,2022-04-01,165.39,166.15,159.77,161.49
MIDD,2022-04-04,160.64,161.03,158.5,159.84
MIDD,2022-04-05,158.72,159.16,153.09,155.03
MIDD,2022-04-06,153.41,153.41,150.3,152.18
MIDD,2022-04-07,151.88,151.93,148.91,150.32
MIDD,2022-04-08,150.81,151.96,147.61,147.82
MIDD,2022-04-11,146.99,149.02,146.32,146.57
MIDD,2022-04-12,147.44,150.73,145.31,145.52
MIDD,2022-04-13,145.52,148.77,145.31,148.45
MIDD,2022-04-14,147.89,150.415,147.72,148.56
MIDD,2022-04-18,148.06,151.28,147.55,149.31
MIDD,2022-04-19,149.74,152.86,149.31,152.31
MIDD,2022-04-20,153.65,156.72,153.1,154.1
MIDD,2022-04-21,156.36,157.045,153.16,154.38
MIDD,2022-04-22,153.05,154.475,151.91,152.53
MIDD,2022-04-25,152.52,153.71,149.29,153.42
MIDD,2022-04-26,151.41,152.98,148.03,149.28
MIDD,2022-04-27,149.46,152.74,149.46,150.63
MIDD,2022-04-28,151.92,157.68,150.02,156.89
MIDD,2022-04-29,156.49,158.64,153.465,153.89
MIDD,2022-05-02,154.02,157.93,151.98,155.69
MIDD,2022-05-03,156.62,160.92,155.14,157.9
MIDD,2022-05-04,157.64,163.105,156.43,162.91
MIDD,2022-05-05,160.73,161.93,155.39,158.12
MIDD,2022-05-06,157.03,158.23,154.1,156.61
MIDD,2022-05-09,154.58,155.78,150.08,151.14
MIDD,2022-05-10,146.48,150.687,138.025,139.81
MIDD,2022-05-11,138.66,139.64,129.89,130.03
MIDD,2022-05-12,129.97,134.57,127.02,132.26
MIDD,2022-05-13,134.31,140.21,131.717,139.73
MIDD,2022-05-16,138.91,140.945,136.25,140.38
MIDD,2022-05-17,144.76,147.54,143.98,146.2
MIDD,2022-05-18,144.26,147.06,140.35,141.66
MIDD,2022-05-19,139.87,142.72,139.07,140.0
MIDD,2022-05-20,142.48,143.06,138.01,142.59
MIDD,2022-05-23,143.96,144.01,139.74,140.55
MIDD,2022-05-24,138.9,139.92,134.26,138.95
MIDD,2022-05-25,138.19,141.6,136.595,139.74
MIDD,2022-05-26,142.0,145.695,142.0,144.98
MIDD,2022-05-27,146.27,150.58,145.91,150.57
MIDD,2022-05-31,149.4,152.42,148.62,151.46
MIDD,2022-06-01,151.39,152.46,145.06,147.48
MIDD,2022-06-02,147.97,150.2,145.51,149.16
MIDD,2022-06-03,147.16,148.35,145.74,147.11
MIDD,2022-06-06,148.03,149.55,146.7,148.39
MIDD,2022-06-07,146.51,149.37,144.85,148.7
MIDD,2022-06-08,144.55,148.71,144.55,146.39
MIDD,2022-06-09,145.18,147.308,144.88,146.81
MIDD,2022-06-10,144.18,144.28,141.6,142.33
MIDD,2022-06-13,137.47,139.595,133.59,134.96
MIDD,2022-06-14,135.53,135.93,131.23,131.94
MIDD,2022-06-15,133.33,135.33,131.36,133.84
MIDD,2022-06-16,131.51,131.51,124.85,125.39
MIDD,2022-06-17,126.47,127.27,122.64,124.03
MIDD,2022-06-21,124.77,128.124,121.85,126.62
MIDD,2022-06-22,123.7,126.95,122.37,125.33
MIDD,2022-06-23,125.17,126.75,123.607,126.31
MIDD,2022-06-24,127.96,131.81,127.005,130.62
MIDD,2022-06-27,130.46,131.69,129.06,130.91
MIDD,2022-06-28,132.0,133.49,129.06,129.24
MIDD,2022-06-29,129.4,129.4,124.27,125.39
MIDD,2022-06-30,124.37,125.637,122.085,125.36
MIDD,2022-07-01,125.31,127.59,123.5,126.67
MIDD,2022-07-05,123.71,130.0,123.71,129.96
MIDD,2022-07-06,129.28,130.75,127.39,128.22
MIDD,2022-07-07,129.36,130.23,127.86,128.24
MIDD,2022-07-08,127.0,130.14,126.84,127.44
MIDD,2022-07-11,125.89,126.51,123.77,125.57
MIDD,2022-07-12,124.36,127.6,124.36,125.13
MIDD,2022-07-13,122.68,124.885,121.9,123.55
MIDD,2022-07-14,122.02,124.33,120.3,124.14
MIDD,2022-07-15,126.02,127.99,124.33,127.51
MIDD,2022-07-18,129.38,130.34,127.585,127.72
MIDD,2022-07-19,129.9,134.215,128.43,133.95
MIDD,2022-07-20,134.29,136.805,133.31,136.32
MIDD,2022-07-21,136.38,137.62,135.02,137.46
MIDD,2022-07-22,137.46,138.37,134.85,136.58
MIDD,2022-07-25,136.58,136.58,134.75,135.67
MIDD,2022-07-26,134.23,135.75,132.41,135.55
MIDD,2022-07-27,137.28,141.66,136.11,141.14
MIDD,2022-07-28,141.7,143.31,140.295,142.27
MIDD,2022-07-29,142.93,145.33,142.16,144.69
MIDD,2022-08-01,142.87,145.33,141.555,142.08
MIDD,2022-08-02,141.04,145.29,140.01,144.19
MIDD,2022-08-03,145.44,147.81,143.94,147.53
MIDD,2022-08-04,159.27,159.27,144.11,146.36
MIDD,2022-08-05,145.0,146.79,143.2,146.73
MIDD,2022-08-08,147.2,149.15,147.0,148.1
MIDD,2022-08-09,147.16,147.49,144.919,145.72
MIDD,2022-08-10,148.53,151.9,147.32,150.8
MIDD,2022-08-11,151.99,153.97,151.095,151.76
MIDD,2022-08-12,151.8,157.07,150.91,156.98
MIDD,2022-08-15,156.75,157.98,155.365,156.94
MIDD,2022-08-16,156.72,161.52,155.65,160.3
MIDD,2022-08-17,158.09,159.09,156.43,157.38
MIDD,2022-08-18,157.58,158.95,156.521,158.85
MIDD,2022-08-19,157.41,157.56,152.48,154.16
MIDD,2022-08-22,151.18,151.91,149.45,150.91
MIDD,2022-08-23,151.43,152.63,148.87,149.55
MIDD,2022-08-24,149.09,150.965,147.89,150.56
MIDD,2022-08-25,151.6,153.33,151.12,152.76
MIDD,2022-08-26,154.54,154.54,147.93,147.95
MIDD,2022-08-29,146.16,148.595,144.35,148.03
MIDD,2022-08-30,148.45,149.23,144.99,145.47
MIDD,2022-08-31,145.7,146.32,143.55,143.82
MIDD,2022-09-01,143.07,144.4,141.435,144.19
MIDD,2022-09-02,145.72,146.7,141.92,142.34
MIDD,2022-09-06,142.33,142.685,139.255,141.55
MIDD,2022-09-07,141.54,145.79,141.31,145.43
MIDD,2022-09-08,144.56,146.73,142.56,146.46
MIDD,2022-09-09,147.24,151.35,146.07,150.81
MIDD,2022-09-12,151.66,154.27,151.64,152.79
MIDD,2022-09-13,148.31,149.44,145.87,146.15
MIDD,2022-09-14,145.89,146.475,143.98,145.86
MIDD,2022-09-15,144.84,146.74,141.545,142.5
MIDD,2022-09-16,139.55,140.84,132.91,134.24
MIDD,2022-09-19,133.46,137.31,132.838,137.16
MIDD,2022-09-20,136.52,137.33,133.05,134.34
MIDD,2022-09-21,134.89,138.46,133.02,133.21
MIDD,2022-09-22,132.28,133.177,127.4,128.16
MIDD,2022-09-23,126.46,128.22,124.58,126.85
MIDD,2022-09-26,126.2,127.84,123.54,123.88
MIDD,2022-09-27,124.68,126.41,122.33,123.99
MIDD,2022-09-28,124.96,130.05,124.51,129.45
MIDD,2022-09-29,127.65,130.78,125.64,130.25
MIDD,2022-09-30,130.15,132.435,126.99,128.17
MIDD,2022-10-03,129.16,131.76,127.21,130.63
MIDD,2022-10-04,133.6,137.93,133.17,137.91
MIDD,2022-10-05,136.34,137.93,133.76,137.93
MIDD,2022-10-06,137.86,138.6,135.535,137.11
MIDD,2022-10-07,136.11,136.11,133.01,134.72
MIDD,2022-10-10,134.41,135.45,133.21,134.91
MIDD,2022-10-11,134.13,137.14,133.86,134.75
MIDD,2022-10-12,135.15,135.41,133.345,133.65
MIDD,2022-10-13,130.94,135.41,129.35,133.84
MIDD,2022-10-14,133.85,133.85,124.74,126.2
MIDD,2022-10-17,129.0,131.41,128.715,130.34
MIDD,2022-10-18,133.84,135.48,133.1,134.79
MIDD,2022-10-19,133.68,133.68,129.65,129.99
MIDD,2022-10-20,130.16,130.6,124.03,124.11
MIDD,2022-10-21,124.15,128.55,122.915,128.4
MIDD,2022-10-24,128.99,131.745,128.0,131.37
MIDD,2022-10-25,131.53,136.87,131.53,136.87
MIDD,2022-10-26,137.87,139.51,137.07,138.28
MIDD,2022-10-27,140.0,142.2,136.39,136.92
MIDD,2022-10-28,137.92,140.33,135.42,140.28
MIDD,2022-10-31,140.54,142.26,139.495,139.86
MIDD,2022-11-01,141.56,141.68,138.73,141.39
MIDD,2022-11-02,140.8,141.73,135.54,135.79
MIDD,2022-11-03,134.07,134.835,129.84,130.0
MIDD,2022-11-04,133.34,135.35,129.17,131.34
MIDD,2022-11-07,132.13,136.56,131.41,136.34
MIDD,2022-11-08,137.01,140.635,134.1,138.22
MIDD,2022-11-09,134.0,134.0,124.56,125.53
MIDD,2022-11-10,128.01,138.05,128.01,137.22
MIDD,2022-11-11,138.14,144.97,136.71,141.39
MIDD,2022-11-14,139.53,140.93,136.87,137.15
MIDD,2022-11-15,139.24,144.18,139.07,140.04
MIDD,2022-11-16,138.42,140.87,138.17,139.84
MIDD,2022-11-17,138.04,139.23,136.525,138.48
MIDD,2022-11-18,140.49,141.59,137.21,138.92
MIDD,2022-11-21,137.65,140.11,137.38,139.13
MIDD,2022-11-22,139.55,141.46,137.34,140.05
MIDD,2022-11-23,139.68,143.06,139.68,142.06
MIDD,2022-11-25,141.3,143.33,140.84,143.07
MIDD,2022-11-28,142.52,143.39,139.99,140.28
MIDD,2022-11-29,140.0,141.81,139.12,140.62
MIDD,2022-11-30,140.11,144.23,138.29,144.19
MIDD,2022-12-01,145.52,147.9,144.04,145.25
MIDD,2022-12-02,143.05,145.0,142.905,143.94
MIDD,2022-12-05,142.44,142.44,139.703,140.38
MIDD,2022-12-06,140.03,140.77,135.29,137.42
MIDD,2022-12-07,137.43,138.775,136.41,138.2
MIDD,2022-12-08,139.63,139.97,137.33,139.16
MIDD,2022-12-09,138.07,140.37,137.29,137.98
MIDD,2022-12-12,138.97,141.39,136.91,141.28
MIDD,2022-12-13,146.41,147.88,140.78,141.93
MIDD,2022-12-14,141.39,142.76,139.53,140.27
MIDD,2022-12-15,138.45,139.49,133.035,134.59
MIDD,2022-12-16,133.07,134.64,129.983,130.83
MIDD,2022-12-19,130.05,130.995,127.67,129.24
MIDD,2022-12-20,129.23,130.63,127.83,129.93
MIDD,2022-12-21,131.7,135.925,130.34,133.79
MIDD,2022-12-22,131.94,132.7,129.37,132.41
MIDD,2022-12-23,131.85,132.345,130.43,132.22
MIDD,2022-12-27,132.72,134.315,131.27,133.32
MIDD,2022-12-28,133.63,135.7,129.96,130.13
MIDD,2022-12-29,131.35,135.615,130.25,134.88
MIDD,2022-12-30,133.78,134.86,132.85,133.9
MIDD,2023-01-03,135.61,136.75,132.34,133.65
MIDD,2023-01-04,135.29,138.79,135.29,137.94
MIDD,2023-01-05,137.02,138.3,135.1,138.18
MIDD,2023-01-06,140.5,143.36,138.79,142.11
MIDD,2023-01-09,143.61,144.845,140.79,143.7
MIDD,2023-01-10,142.66,144.76,142.06,144.11
MIDD,2023-01-11,145.44,145.88,143.93,145.36
MIDD,2023-01-12,146.69,148.36,144.24,147.92
MIDD,2023-01-13,147.74,151.42,146.855,151.0
MIDD,2023-01-17,151.0,151.9,148.95,148.98
MIDD,2023-01-18,149.56,150.91,147.5,148.01
MIDD,2023-01-19,147.0,147.62,144.975,145.28
MIDD,2023-01-20,145.84,147.29,144.85,146.58
MIDD,2023-01-23,147.74,150.35,147.01,149.91
MIDD,2023-01-24,149.67,152.67,149.04,151.26
MIDD,2023-01-25,148.85,150.25,148.23,149.85
MIDD,2023-01-26,151.41,152.26,148.6,150.44
MIDD,2023-01-27,149.62,154.36,149.0,154.36
MIDD,2023-01-30,152.94,154.17,150.59,150.86
MIDD,2023-01-31,151.25,155.45,151.25,155.45
MIDD,2023-02-01,155.03,158.497,153.63,157.87
MIDD,2023-02-02,160.16,162.02,158.87,160.87
MIDD,2023-02-03,158.67,161.36,158.16,160.12
MIDD,2023-02-06,157.58,159.66,156.02,157.84
MIDD,2023-02-07,156.44,158.7,154.53,158.14
MIDD,2023-02-08,157.5,157.92,155.26,156.31
MIDD,2023-02-09,156.85,158.48,152.76,152.85
MIDD,2023-02-10,151.91,153.13,150.7,152.31
MIDD,2023-02-13,152.65,154.64,151.63,154.11
MIDD,2023-02-14,153.52,156.61,152.275,155.8
MIDD,2023-02-15,154.37,158.17,154.05,157.11
MIDD,2023-02-16,155.43,157.84,154.18,155.38
MIDD,2023-02-17,154.52,155.99,148.0,155.09
MIDD,2023-02-21,158.67,158.67,152.59,153.93
MIDD,2023-02-22,155.49,156.47,153.72,153.87
MIDD,2023-02-23,154.62,155.535,151.895,154.09
MIDD,2023-02-24,151.69,153.405,150.67,152.48
MIDD,2023-02-27,154.12,155.77,153.635,154.5
MIDD,2023-02-28,153.3,157.0,153.3,155.49
MIDD,2023-03-01,155.09,156.88,153.67,154.95
MIDD,2023-03-02,153.51,156.57,152.85,155.92
MIDD,2023-03-03,156.72,158.62,155.41,157.69
MIDD,2023-03-06,157.6,158.88,155.25,156.12
MIDD,2023-03-07,155.96,157.81,154.025,154.18
MIDD,2023-03-08,154.3,155.59,152.423,153.42
MIDD,2023-03-09,153.44,155.02,149.975,150.03
MIDD,2023-03-10,150.53,150.99,143.22,144.49
MIDD,2023-03-13,142.27,145.18,139.715,142.09
MIDD,2023-03-14,146.43,148.55,141.9,143.21
MIDD,2023-03-15,139.38,140.33,136.35,138.97
MIDD,2023-03-16,138.1,140.83,136.57,137.96
MIDD,2023-03-17,136.35,136.89,132.64,133.82
MIDD,2023-03-20,135.51,137.52,135.38,136.52
MIDD,2023-03-21,138.8,142.34,138.8,140.53
MIDD,2023-03-22,140.53,141.59,136.93,137.0
MIDD,2023-03-23,137.79,139.93,134.733,135.72
MIDD,2023-03-24,134.0,136.64,133.025,136.22
MIDD,2023-03-27,138.32,139.76,137.13,137.85
MIDD,2023-03-28,137.62,140.225,137.62,139.42
MIDD,2023-03-29,140.86,142.26,140.14,141.99
MIDD,2023-03-30,143.75,144.55,142.695,143.55
MIDD,2023-03-31,145.06,147.0,144.31,146.61
MIDD,2023-04-03,146.81,147.48,144.74,146.13
MIDD,2023-04-04,146.89,146.89,139.99,140.64
MIDD,2023-04-05,139.57,140.1,136.76,137.93
MIDD,2023-04-06,137.44,137.79,136.11,136.13
MIDD,2023-04-10,135.56,138.21,135.19,138.16
MIDD,2023-04-11,138.65,140.26,138.59,138.83
MIDD,2023-04-12,140.44,140.44,138.35,138.41
MIDD,2023-04-13,139.05,139.14,137.36,138.62
MIDD,2023-04-14,137.98,140.37,137.255,139.01
MIDD,2023-04-17,139.21,140.795,139.21,140.5
MIDD,2023-04-18,141.03,142.34,140.82,141.65
MIDD,2023-04-19,141.11,143.47,141.11,143.3
MIDD,2023-04-20,142.48,144.02,141.56,142.21
MIDD,2023-04-21,142.0,142.57,140.6,141.83
MIDD,2023-04-24,141.94,142.67,140.59,140.99
MIDD,2023-04-25,139.99,140.16,136.68,136.99
MIDD,2023-04-26,136.44,137.46,134.58,135.3
MIDD,2023-04-27,136.3,140.265,136.3,140.0
MIDD,2023-04-28,140.57,141.44,139.875,140.88
MIDD,2023-05-01,140.85,144.06,140.85,142.94
MIDD,2023-05-02,142.36,145.435,140.697,145.14
MIDD,2023-05-03,145.86,148.84,144.75,145.3
MIDD,2023-05-04,144.84,146.3,142.12,142.95
MIDD,2023-05-05,145.65,146.71,144.67,146.09
MIDD,2023-05-08,146.73,147.28,144.87,145.76
MIDD,2023-05-09,145.04,146.37,144.7,145.73
MIDD,2023-05-10,153.19,155.8,140.13,143.65
MIDD,2023-05-11,144.15,145.59,140.0,141.47
MIDD,2023-05-12,142.49,143.08,137.77,140.03
MIDD,2023-05-15,141.0,143.13,140.091,141.28
MIDD,2023-05-16,140.76,141.08,137.16,137.27
MIDD,2023-05-17,138.27,141.11,137.66,140.96
MIDD,2023-05-18,141.04,142.575,139.175,142.23
MIDD,2023-05-19,143.8,143.8,139.86,140.7
MIDD,2023-05-22,141.21,142.41,139.75,141.67
MIDD,2023-05-23,140.67,141.7,137.535,138.04
MIDD,2023-05-24,137.08,137.71,133.7,135.08
MIDD,2023-05-25,134.66,135.77,133.05,134.47
MIDD,2023-05-26,135.01,135.96,133.07,135.36
MIDD,2023-05-30,135.45,136.085,133.25,135.22
MIDD,2023-05-31,134.45,135.88,130.9,132.0
MIDD,2023-06-01,132.0,134.0,131.08,133.18
MIDD,2023-06-02,135.18,139.775,134.607,139.5
MIDD,2023-06-05,138.92,139.765,135.95,136.9
MIDD,2023-06-06,136.9,141.26,136.9,140.96
MIDD,2023-06-07,141.5,144.87,141.435,144.18
MIDD,2023-06-08,144.03,144.58,141.905,142.57
MIDD,2023-06-09,142.57,144.705,139.86,141.01
MIDD,2023-06-12,140.83,142.85,140.04,142.22
MIDD,2023-06-13,142.56,145.05,142.56,143.93
MIDD,2023-06-14,144.57,145.32,141.6,142.1
MIDD,2023-06-15,141.43,145.24,141.43,144.61
MIDD,2023-06-16,144.82,145.37,142.48,144.56
MIDD,2023-06-20,143.52,144.28,142.01,143.42
MIDD,2023-06-21,142.61,144.42,141.96,143.66
MIDD,2023-06-22,143.83,143.83,140.48,141.62
MIDD,2023-06-23,139.55,140.71,138.48,140.29
MIDD,2023-06-26,143.12,143.695,140.43,141.75
MIDD,2023-06-27,141.85,145.48,141.63,145.14
MIDD,2023-06-28,145.52,146.34,144.13,144.75
MIDD,2023-06-29,144.61,147.605,144.61,147.49
MIDD,2023-06-30,148.46,149.06,147.26,147.83
MIDD,2023-07-03,147.16,147.72,145.84,147.54
MIDD,2023-07-05,143.99,147.07,143.98,145.24
MIDD,2023-07-06,143.16,144.5,141.41,143.55
MIDD,2023-07-07,144.06,146.89,144.06,144.51
MIDD,2023-07-10,143.99,147.95,143.99,145.9
MIDD,2023-07-11,146.68,147.125,144.92,145.33
MIDD,2023-07-12,147.78,148.62,146.13,147.62
MIDD,2023-07-13,148.13,148.66,146.67,147.89
MIDD,2023-07-14,147.33,147.68,142.7,143.95
MIDD,2023-07-17,142.88,143.25,140.95,141.72
MIDD,2023-07-18,140.73,143.485,140.39,141.56
MIDD,2023-07-19,141.17,143.38,140.68,142.18
MIDD,2023-07-20,143.24,143.255,140.31,141.93
MIDD,2023-07-21,142.42,145.8,141.06,144.08
MIDD,2023-07-24,144.21,145.85,143.52,145.01
MIDD,2023-07-25,145.01,146.81,143.63,145.93
MIDD,2023-07-26,145.89,147.27,144.64,146.81
MIDD,2023-07-27,147.72,151.92,147.34,150.0
MIDD,2023-07-28,150.76,152.12,149.25,151.62
MIDD,2023-07-31,151.87,152.99,150.68,151.85
MIDD,2023-08-01,150.71,151.4,147.96,148.79
MIDD,2023-08-02,146.89,147.2,143.89,143.94
MIDD,2023-08-03,138.17,143.0,136.71,141.98
MIDD,2023-08-04,142.0,145.66,141.11,142.55
MIDD,2023-08-07,143.69,147.61,143.5,146.4
MIDD,2023-08-08,144.7,147.75,143.61,146.92
MIDD,2023-08-09,147.38,148.34,146.09,147.28
MIDD,2023-08-10,148.35,150.55,147.74,148.72
MIDD,2023-08-11,148.66,150.775,148.11,148.61
MIDD,2023-08-14,147.75,150.41,147.4,150.25
MIDD,2023-08-15,149.37,150.29,146.8,146.88
MIDD,2023-08-16,146.59,147.21,144.63,145.16
MIDD,2023-08-17,145.8,146.185,142.61,142.66
MIDD,2023-08-18,141.65,144.68,141.12,141.95
MIDD,2023-08-21,141.77,142.89,139.07,141.48
MIDD,2023-08-22,142.14,142.37,138.28,139.6
MIDD,2023-08-23,139.39,144.18,138.83,143.46
MIDD,2023-08-24,142.61,144.37,141.44,141.48
MIDD,2023-08-25,142.23,142.98,140.19,141.89
MIDD,2023-08-28,142.71,144.01,142.68,143.46
MIDD,2023-08-29,143.26,145.82,142.66,145.79
MIDD,2023-08-30,145.65,147.315,145.475,145.94
MIDD,2023-08-31,145.98,146.7,144.93,145.59
MIDD,2023-09-01,146.32,147.34,145.47,146.52
MIDD,2023-09-05,145.55,145.55,140.475,140.62
MIDD,2023-09-06,140.69,142.187,140.12,141.25
MIDD,2023-09-07,139.93,140.185,137.585,139.47
MIDD,2023-09-08,139.06,139.06,137.62,138.35
MIDD,2023-09-11,139.11,139.11,137.04,138.0
MIDD,2023-09-12,137.03,138.18,136.4,137.0
MIDD,2023-09-13,136.99,137.68,135.3,136.27
MIDD,2023-09-14,138.04,139.07,136.54,138.83
MIDD,2023-09-15,139.02,139.035,137.28,138.12
MIDD,2023-09-18,138.0,138.45,137.01,137.27
MIDD,2023-09-19,136.87,137.6,135.08,135.93
MIDD,2023-09-20,137.08,138.12,134.49,134.72
MIDD,2023-09-21,133.53,133.625,131.73,131.92
MIDD,2023-09-22,131.8,132.178,129.95,129.98
MIDD,2023-09-25,129.8,131.15,129.44,130.74
MIDD,2023-09-26,129.6,130.33,127.66,127.68
MIDD,2023-09-27,128.98,129.0,126.69,127.67
MIDD,2023-09-28,127.5,129.24,126.265,128.22
MIDD,2023-09-29,129.59,129.76,127.19,128.0
MIDD,2023-10-02,128.06,128.46,126.18,126.42
MIDD,2023-10-03,125.26,125.73,123.46,123.65
MIDD,2023-10-04,123.66,125.529,123.34,125.14
MIDD,2023-10-05,125.27,125.945,123.45,123.89
MIDD,2023-10-06,123.2,125.48,122.743,124.47
MIDD,2023-10-09,123.19,124.37,121.84,123.91
MIDD,2023-10-10,124.74,128.13,124.5,127.79
MIDD,2023-10-11,128.39,128.39,124.85,125.6
MIDD,2023-10-12,124.99,124.99,120.3,120.47
MIDD,2023-10-13,120.47,121.12,119.35,119.77
MIDD,2023-10-16,121.42,122.93,120.8,122.72
MIDD,2023-10-17,122.0,125.74,122.0,125.54
MIDD,2023-10-18,123.89,123.89,120.915,121.37
MIDD,2023-10-19,121.16,122.21,118.195,118.45
MIDD,2023-10-20,118.44,119.08,115.51,115.69
MIDD,2023-10-23,115.54,116.6,114.27,114.46
MIDD,2023-10-24,115.31,115.88,113.72,115.75
MIDD,2023-10-25,114.81,115.28,112.895,113.35
MIDD,2023-10-26,113.9,116.31,112.71,115.61
MIDD,2023-10-27,116.07,116.07,111.88,112.1
MIDD,2023-10-30,113.27,114.56,110.96,112.85
MIDD,2023-10-31,113.15,114.24,112.51,112.87
MIDD,2023-11-01,112.24,113.1,109.59,111.05
MIDD,2023-11-02,113.33,114.67,111.75,113.89
MIDD,2023-11-03,115.5,118.72,115.27,117.41
MIDD,2023-11-06,117.04,117.04,114.79,116.28
MIDD,2023-11-07,115.06,115.825,113.93,114.46
MIDD,2023-11-08,119.65,119.65,113.77,115.48
MIDD,2023-11-09,116.29,119.01,115.41,118.66
MIDD,2023-11-10,119.31,120.73,118.28,120.21
MIDD,2023-11-13,119.23,120.065,118.32,118.8
MIDD,2023-11-14,121.8,124.75,118.33,124.14
MIDD,2023-11-15,124.34,126.475,123.89,124.53
MIDD,2023-11-16,124.44,125.26,122.48,122.98
MIDD,2023-11-17,124.28,124.85,122.435,124.78
MIDD,2023-11-20,124.51,126.68,123.21,125.43
MIDD,2023-11-21,124.71,124.81,123.15,123.47
MIDD,2023-11-22,123.91,124.76,122.86,123.82
MIDD,2023-11-24,123.43,125.52,123.4,125.24
MIDD,2023-11-27,124.07,125.74,123.75,124.96
MIDD,2023-11-28,124.78,125.835,123.74,124.43
MIDD,2023-11-29,125.47,126.9,125.07,126.43
MIDD,2023-11-30,126.9,127.105,125.17,126.23
MIDD,2023-12-01,125.84,130.43,124.69,130.42
MIDD,2023-12-04,129.91,134.765,128.4,133.41
MIDD,2023-12-05,132.59,132.59,129.61,129.98
MIDD,2023-12-06,131.1,133.59,131.1,132.21
MIDD,2023-12-07,132.73,135.365,132.33,134.44
MIDD,2023-12-08,134.26,137.755,133.75,135.21
MIDD,2023-12-11,135.1,137.42,135.1,137.3
MIDD,2023-12-12,137.32,138.39,135.49,136.68
MIDD,2023-12-13,136.68,140.55,135.255,139.83
MIDD,2023-12-14,142.47,146.94,142.47,146.01
MIDD,2023-12-15,146.36,146.68,143.387,143.62
MIDD,2023-12-18,144.39,144.72,142.92,143.67
MIDD,2023-12-19,144.34,146.05,143.91,144.96
MIDD,2023-12-20,144.15,147.475,143.63,143.69
MIDD,2023-12-21,144.95,147.05,144.5,146.71
MIDD,2023-12-22,146.93,148.37,146.33,146.69
MIDD,2023-12-26,147.11,148.93,146.62,148.63
MIDD,2023-12-27,148.78,149.68,148.5,148.75
MIDD,2023-12-28,148.48,149.76,146.345,148.84
MIDD,2023-12-29,148.71,149.39,146.95,147.17
MIDD,2024-01-02,146.29,147.16,144.12,145.35
MIDD,2024-01-03,143.98,144.32,139.655,139.98
MIDD,2024-01-04,139.82,140.08,137.79,138.74
MIDD,2024-01-05,137.44,140.3,137.44,137.97
MIDD,2024-01-08,137.49,139.61,137.05,139.44
MIDD,2024-01-09,137.73,138.84,137.055,137.94
MIDD,2024-01-10,137.94,139.44,136.76,139.29
MIDD,2024-01-11,139.21,141.57,137.89,141.39
MIDD,2024-01-12,142.57,143.3,139.55,139.73
MIDD,2024-01-16,138.36,139.785,137.75,138.9
MIDD,2024-01-17,136.73,138.0,134.87,135.39
MIDD,2024-01-18,136.12,138.42,135.75,138.03
MIDD,2024-01-19,138.35,141.75,136.99,141.64
MIDD,2024-01-22,142.2,144.07,141.64,143.71
MIDD,2024-01-23,145.44,145.85,142.025,142.17
MIDD,2024-01-24,143.41,144.43,139.43,139.48
MIDD,2024-01-25,141.46,142.21,139.455,141.1
MIDD,2024-01-26,142.1,142.98,140.43,141.33
MIDD,2024-01-29,141.2,144.88,140.64,144.83
MIDD,2024-01-30,143.6,145.321,143.35,145.08
MIDD,2024-01-31,145.22,145.67,141.07,141.07
MIDD,2024-02-01,142.06,146.145,140.9,145.52
MIDD,2024-02-02,143.78,143.965,140.78,143.12
MIDD,2024-02-05,141.25,141.32,138.655,139.83
MIDD,2024-02-06,139.44,141.79,139.44,141.3
MIDD,2024-02-07,143.15,143.725,140.47,142.94
MIDD,2024-02-08,143.26,145.42,142.51,145.35
MIDD,2024-02-09,146.2,146.32,144.55,145.73
MIDD,2024-02-12,146.47,148.95,145.5,148.44
MIDD,2024-02-13,143.79,144.55,141.355,142.46
MIDD,2024-02-14,144.55,145.06,142.84,144.13
MIDD,2024-02-15,144.79,146.375,144.06,144.67
MIDD,2024-02-16,143.91,146.34,142.89,144.54
MIDD,2024-02-20,144.75,148.445,139.99,148.31
MIDD,2024-02-21,149.38,151.1,148.9,150.64
MIDD,2024-02-22,151.86,151.95,149.405,150.83
MIDD,2024-02-23,151.62,153.46,150.24,153.34
MIDD,2024-02-26,152.78,155.08,151.83,154.87
MIDD,2024-02-27,154.92,155.38,152.08,153.48
MIDD,2024-02-28,152.54,153.49,150.83,151.43
MIDD,2024-02-29,152.78,153.67,151.275,152.16
MIDD,2024-03-01,152.26,154.55,151.44,154.15
MIDD,2024-03-04,154.93,155.2,152.95,154.0
MIDD,2024-03-05,153.48,153.48,149.865,150.87
MIDD,2024-03-06,152.85,154.83,152.36,153.51
MIDD,2024-03-07,154.12,155.59,153.82,154.63
MIDD,2024-03-08,155.78,156.385,153.67,153.87
MIDD,2024-03-11,153.6,154.85,152.99,154.33
MIDD,2024-03-12,154.01,155.85,153.163,155.62
MIDD,2024-03-13,155.33,158.04,155.33,156.16
MIDD,2024-03-14,155.66,156.24,152.555,153.5
MIDD,2024-03-15,153.23,155.27,153.21,153.39
MIDD,2024-03-18,153.4,154.46,150.52,151.0
MIDD,2024-03-19,150.87,152.34,150.212,151.38
MIDD,2024-03-20,150.96,152.76,150.4,151.81
MIDD,2024-03-21,152.01,156.77,151.47,156.7
MIDD,2024-03-22,156.3,156.5,153.78,154.39
MIDD,2024-03-25,154.62,155.59,154.39,154.69
MIDD,2024-03-26,155.08,155.98,154.36,155.75
MIDD,2024-03-27,156.94,159.7,156.94,159.53
MIDD,2024-03-28,159.64,161.015,158.65,160.79
MIDD,2024-04-01,160.75,160.75,155.94,158.53
MIDD,2024-04-02,157.02,157.02,154.1,155.09
MIDD,2024-04-03,154.19,156.445,153.19,154.97
MIDD,2024-04-04,156.59,157.43,150.56,150.77
MIDD,2024-04-05,150.85,152.315,150.56,150.73
MIDD,2024-04-08,151.0,152.26,150.5,151.64
MIDD,2024-04-09,152.45,153.26,150.34,153.14
MIDD,2024-04-10,149.38,150.01,147.01,147.39
MIDD,2024-04-11,148.49,149.25,147.21,147.66
MIDD,2024-04-12,146.06,146.75,144.91,145.42
MIDD,2024-04-15,146.83,147.64,142.81,143.32
MIDD,2024-04-16,142.5,143.55,141.0,142.92
MIDD,2024-04-17,144.09,144.09,140.82,141.27
MIDD,2024-04-18,142.55,143.2,140.54,141.01
MIDD,2024-04-19,141.46,143.285,140.93,142.6
MIDD,2024-04-22,143.41,144.16,141.861,141.93
MIDD,2024-04-23,142.45,146.455,142.35,145.36
MIDD,2024-04-24,144.62,145.755,143.505,144.69
MIDD,2024-04-25,142.7,143.305,140.32,141.53
MIDD,2024-04-26,141.42,142.88,140.82,141.25
MIDD,2024-04-29,142.09,142.655,140.7,142.15
MIDD,2024-04-30,141.12,141.12,138.66,138.97
MIDD,2024-05-01,138.59,140.445,137.435,137.51
MIDD,2024-05-02,139.2,139.87,136.79,138.87
MIDD,2024-05-03,140.86,142.65,138.67,140.08
MIDD,2024-05-06,140.94,141.9,139.51,139.99
MIDD,2024-05-07,140.32,143.16,140.01,141.83
MIDD,2024-05-08,136.7,139.97,132.34,138.58
MIDD,2024-05-09,138.14,138.34,134.99,136.28
MIDD,2024-05-10,136.42,138.66,135.98,138.09
MIDD,2024-05-13,139.34,139.34,136.71,137.22
MIDD,2024-05-14,138.77,138.77,136.34,137.01
MIDD,2024-05-15,138.11,138.52,135.06,135.79
MIDD,2024-05-16,136.05,136.05,132.44,132.64
MIDD,2024-05-17,132.23,133.74,131.74,133.08
MIDD,2024-05-20,132.9,134.68,132.73,133.48
MIDD,2024-05-21,133.48,134.15,131.87,132.96
MIDD,2024-05-22,129.57,131.49,128.64,129.05
MIDD,2024-05-23,129.56,129.56,126.41,126.76
MIDD,2024-05-24,127.48,127.73,124.62,124.73
MIDD,2024-05-28,125.18,125.46,122.64,123.09
MIDD,2024-05-29,121.59,123.52,121.21,122.89
MIDD,2024-05-30,123.67,124.72,122.8,124.09
MIDD,2024-05-31,124.74,129.01,124.25,128.91
MIDD,2024-06-03,129.07,129.55,126.75,127.25
MIDD,2024-06-04,127.0,128.85,126.36,127.01
MIDD,2024-06-05,127.38,128.97,126.2,128.88
MIDD,2024-06-06,128.54,129.59,125.76,125.9
MIDD,2024-06-07,125.0,126.63,124.51,125.89
MIDD,2024-06-10,124.87,127.01,124.84,126.5
MIDD,2024-06-11,125.92,125.92,124.0,124.22
MIDD,2024-06-12,127.18,129.6,127.18,128.41
MIDD,2024-06-13,127.84,128.155,124.23,126.49
MIDD,2024-06-14,125.0,126.49,122.74,123.78
MIDD,2024-06-17,123.42,125.12,123.42,125.09
MIDD,2024-06-18,125.05,126.64,125.05,126.34
MIDD,2024-06-20,126.0,126.76,125.32,125.86
MIDD,2024-06-21,126.34,126.34,123.8,126.03
MIDD,2024-06-24,126.15,129.82,125.15,128.01
MIDD,2024-06-25,126.98,127.22,122.84,123.47
MIDD,2024-06-26,123.17,124.43,122.37,122.87
MIDD,2024-06-27,123.38,124.78,122.0,124.65
MIDD,2024-06-28,125.56,126.2,121.43,122.56
MIDD,2024-07-01,123.23,124.08,119.34,119.4
MIDD,2024-07-02,119.3,121.03,118.41,120.9
MIDD,2024-07-03,121.73,122.15,120.75,121.25
MIDD,2024-07-05,120.96,121.07,119.04,119.04
MIDD,2024-07-08,120.04,120.36,119.08,119.85
MIDD,2024-07-09,119.36,120.33,118.83,120.02
MIDD,2024-07-10,120.42,122.665,119.66,122.44
MIDD,2024-07-11,124.48,125.97,124.155,125.06
MIDD,2024-07-12,125.74,126.772,124.65,125.5
MIDD,2024-07-15,125.27,127.94,125.27,127.09
MIDD,2024-07-16,127.6,135.85,127.1,135.49
MIDD,2024-07-17,134.18,135.405,132.25,132.71
MIDD,2024-07-18,132.04,135.66,128.21,128.23
MIDD,2024-07-19,128.29,128.46,125.39,126.93
MIDD,2024-07-22,127.75,130.36,125.42,130.04
MIDD,2024-07-23,128.78,130.3,128.253,128.64
MIDD,2024-07-24,127.57,128.38,124.695,124.8
MIDD,2024-07-25,125.75,132.48,124.85,131.59
MIDD,2024-07-26,133.0,134.23,131.37,131.71
MIDD,2024-07-29,132.59,133.64,130.64,132.44
MIDD,2024-07-30,132.78,136.36,131.22,135.35
MIDD,2024-07-31,135.61,138.49,133.525,135.77
MIDD,2024-08-01,139.55,149.96,136.465,144.24
MIDD,2024-08-02,140.48,141.06,137.6,140.73
MIDD,2024-08-05,137.5,140.04,134.36,138.38
MIDD,2024-08-06,137.71,139.86,135.71,138.06
MIDD,2024-08-07,139.19,140.84,136.21,136.88
MIDD,2024-08-08,138.09,138.94,136.42,137.75
MIDD,2024-08-09,137.23,138.815,135.6,135.82
MIDD,2024-08-12,135.78,135.78,133.86,134.41
MIDD,2024-08-13,135.5,137.309,135.07,136.56
MIDD,2024-08-14,137.13,138.45,136.61,137.17
MIDD,2024-08-15,139.17,140.91,138.39,139.15
MIDD,2024-08-16,139.03,140.2,138.955,139.44
MIDD,2024-08-19,140.99,141.43,139.3,139.84
MIDD,2024-08-20,140.12,140.885,138.36,138.51
MIDD,2024-08-21,139.51,140.275,138.93,139.76
MIDD,2024-08-22,138.37,140.155,138.14,139.62
MIDD,2024-08-23,139.92,142.44,139.6,142.05
MIDD,2024-08-26,142.55,143.35,140.92,141.12
MIDD,2024-08-27,140.49,141.682,139.95,140.65
MIDD,2024-08-28,140.35,141.16,139.01,139.28
MIDD,2024-08-29,140.115,141.935,139.08,140.32
MIDD,2024-08-30,140.185,141.45,139.22,140.62
MIDD,2024-09-03,140.42,140.42,136.51,137.81
MIDD,2024-09-04,137.43,138.165,135.895,137.0
MIDD,2024-09-05,137.02,137.02,133.03,133.35
MIDD,2024-09-06,134.125,135.24,132.15,132.7
MIDD,2024-09-09,134.065,134.22,131.27,131.86
MIDD,2024-09-10,131.54,132.98,129.26,129.67
MIDD,2024-09-11,129.34,132.35,125.58,129.41
MIDD,2024-09-12,130.13,130.7,126.45,128.06
MIDD,2024-09-13,129.11,132.92,128.31,132.8
MIDD,2024-09-16,132.8,136.12,130.7,135.76
MIDD,2024-09-17,136.58,140.51,136.14,139.19
MIDD,2024-09-18,139.49,142.3,138.765,139.67
MIDD,2024-09-19,142.69,144.93,141.0,144.215
MIDD,2024-09-20,143.08,143.08,140.77,141.27
MIDD,2024-09-23,141.48,142.45,140.08,142.25
MIDD,2024-09-24,143.13,145.0,143.13,144.82
MIDD,2024-09-25,145.0,145.0,140.19,140.33
MIDD,2024-09-26,141.2,142.76,140.0,141.32
MIDD,2024-09-27,142.88,144.62,140.36,141.71
MIDD,2024-09-30,140.96,143.33,138.3,139.13
MIDD,2024-10-01,139.13,140.37,136.18,138.28
MIDD,2024-10-02,137.065,138.14,133.93,134.42
MIDD,2024-10-03,134.13,135.17,132.406,133.82
MIDD,2024-10-04,135.17,136.295,133.95,134.43
MIDD,2024-10-07,134.16,134.74,132.31,132.43
MIDD,2024-10-08,132.045,132.96,130.425,131.99
MIDD,2024-10-09,132.4,133.87,129.46,132.9
MIDD,2024-10-10,132.19,133.53,131.12,133.43
MIDD,2024-10-11,133.08,135.54,132.35,133.27
MIDD,2024-10-14,132.65,138.15,131.87,137.89
MIDD,2024-10-15,137.41,139.61,136.266,137.89
MIDD,2024-10-16,138.6,140.42,137.9,138.42
MIDD,2024-10-17,138.54,139.73,138.54,139.59
MIDD,2024-10-18,139.61,139.97,139.21,139.7
MIDD,2024-10-21,139.83,139.99,136.97,137.64
MIDD,2024-10-22,137.75,137.75,135.98,136.86
MIDD,2024-10-23,136.05,137.8,135.36,136.12
MIDD,2024-10-24,136.59,138.6,136.035,138.08
MIDD,2024-10-25,138.92,139.58,137.42,137.65
MIDD,2024-10-28,138.335,141.555,138.335,140.27
MIDD,2024-10-29,139.05,139.15,137.555,138.04
MIDD,2024-10-30,137.55,141.19,137.55,140.32
MIDD,2024-10-31,129.93,131.88,125.95,129.71
MIDD,2024-11-01,129.87,131.74,128.71,130.16
MIDD,2024-11-04,130.28,134.72,130.21,134.18
MIDD,2024-11-05,132.64,138.04,131.07,137.09
MIDD,2024-11-06,141.145,143.87,138.59,143.63
MIDD,2024-11-07,142.355,142.83,140.17,141.24
MIDD,2024-11-08,140.87,142.11,140.31,140.31
MIDD,2024-11-11,141.25,142.003,139.38,139.64
MIDD,2024-11-12,139.59,140.96,137.17,137.33
MIDD,2024-11-13,138.05,138.72,136.72,137.96
MIDD,2024-11-14,138.48,138.895,135.39,135.68
MIDD,2024-11-15,135.61,136.57,134.99,136.0
MIDD,2024-11-18,135.98,137.66,135.6,137.22
MIDD,2024-11-19,136.05,137.62,135.67,136.33
MIDD,2024-11-20,136.2,136.305,133.635,135.73
MIDD,2024-11-21,136.8,139.5,135.755,138.66
MIDD,2024-11-22,139.64,142.4,138.65,142.16
MIDD,2024-11-25,143.93,147.92,142.2,146.97
MIDD,2024-11-26,146.04,146.045,141.9,142.18
MIDD,2024-11-27,143.54,144.935,141.52,141.75
MIDD,2024-11-29,143.09,143.57,142.18,143.39
MIDD,2024-12-02,143.12,143.12,141.14,142.06
MIDD,2024-12-03,142.16,142.9,140.54,142.25
MIDD,2024-12-04,141.54,143.33,140.56,143.03
MIDD,2024-12-05,142.87,143.655,140.835,141.72
MIDD,2024-12-06,142.0,142.0,141.24,142.0
MIDD,2024-12-09,142.5,145.11,142.01,142.76
MIDD,2025-01-27,169.0,177.9,168.22,171.75
MIDD,2025-01-28,172.55,174.32,171.07,172.89
MIDD,2025-01-29,172.7,173.53,169.12,170.08
MIDD,2025-01-30,170.36,175.46,170.33,171.66
MIDD,2025-01-31,171.13,173.82,169.49,171.14
MIDD,2025-02-03,168.01,171.47,166.1,169.84
MIDD,2025-02-04,168.51,170.38,167.815,169.54
MIDD,2025-02-05,169.55,169.56,166.42,166.54
MIDD,2025-02-06,167.94,167.94,165.7,167.11
MIDD,2025-02-07,167.36,167.63,164.45,164.87
MIDD,2025-02-10,165.87,166.67,164.02,165.26
MIDD,2025-02-11,163.61,165.73,162.77,164.52
MIDD,2025-02-12,163.0,165.72,160.68,165.1
MIDD,2025-02-13,166.95,168.6,165.055,167.0
MIDD,2025-02-14,167.0,170.5,166.535,168.33
MIDD,2025-02-18,169.59,173.24,167.54,171.6
MIDD,2025-02-19,169.38,170.8,168.24,169.99
MIDD,2025-02-20,169.21,170.31,166.69,169.92
MIDD,2025-02-21,169.66,171.26,165.05,167.07
MIDD,2025-02-24,167.82,169.56,165.45,168.15
MIDD,2025-02-25,177.74,182.73,166.265,169.475
MIDD,2025-02-26,171.17,175.195,164.62,165.36
MIDD,2025-02-27,164.465,165.82,163.01,163.45
MIDD,2025-02-28,164.38,167.0,163.01,165.41
MIDD,2025-03-03,165.87,166.78,160.78,161.66
MIDD,2025-03-04,159.63,161.87,157.57,159.1
MIDD,2025-03-05,159.21,161.049,157.93,160.1
MIDD,2025-03-06,159.06,160.625,157.04,158.07
MIDD,2025-03-07,159.2,161.01,155.56,160.87
MIDD,2025-03-10,159.9,161.2,153.79,157.32
MIDD,2025-03-11,157.16,158.4,154.0,155.17
MIDD,2025-03-12,157.76,157.76,152.045,152.13
MIDD,2025-03-13,151.85,152.975,147.5,147.69
MIDD,2025-03-14,148.99,152.2,147.89,151.66
MIDD,2025-03-17,150.92,154.97,150.92,153.52
MIDD,2025-03-18,153.03,153.66,151.745,153.44
MIDD,2025-03-19,153.12,155.44,150.96,154.9
MIDD,2025-03-20,153.89,156.35,151.86,153.93
MIDD,2025-03-21,152.54,155.0,150.74,154.46
MIDD,2025-03-24,156.985,158.66,155.26,158.507
MIDD,2025-03-25,159.28,159.28,154.78,156.65
MIDD,2025-03-26,156.86,158.12,155.99,156.52
MIDD,2025-03-27,155.93,158.36,153.99,157.07
MIDD,2025-03-28,157.97,159.56,152.18,152.76
MIDD,2025-03-31,151.0,153.42,149.475,151.98
MIDD,2025-04-01,152.64,153.61,149.83,152.73
MIDD,2025-04-02,151.31,155.065,150.385,154.76
MIDD,2025-04-03,149.315,150.655,141.69,142.17
MIDD,2025-04-04,137.09,138.83,132.45,135.46
MIDD,2025-04-07,130.585,137.52,126.5,129.25
MIDD,2025-04-08,132.23,135.37,123.23,125.14
MIDD,2025-04-09,125.71,143.82,125.71,143.7
MIDD,2025-04-10,131.59,131.59,128.87,131.59
MIDD,2025-04-11,130.68,133.47,127.21,132.19
MIDD,2025-04-14,133.695,134.155,130.62,131.91
MIDD,2025-04-15,131.61,133.055,128.695,129.49
MIDD,2025-04-16,129.37,130.255,125.57,127.48
MIDD,2025-04-17,127.6,129.48,126.2,126.91
MIDD,2025-04-21,127.9,128.76,121.7,124.01
MIDD,2025-04-22,127.0,129.53,122.75,127.44
MIDD,2025-04-23,130.0,133.0,127.395,128.05
MIDD,2025-04-24,128.28,132.585,128.28,132.42
MIDD,2025-04-25,131.29,132.35,129.78,130.82
MIDD,2025-04-28,130.88,133.27,129.85,130.58
MIDD,2025-04-29,129.88,133.4,129.155,132.78
MIDD,2025-04-30,131.13,133.6,128.42,133.36
MIDD,2025-05-01,133.82,135.28,132.55,134.36
MIDD,2025-05-02,137.42,138.92,136.62,138.57
MIDD,2025-05-05,136.77,138.62,136.17,136.23
MIDD,2025-05-06,134.86,136.485,134.86,135.38
MIDD,2025-05-07,138.18,138.88,130.895,131.63
MIDD,2025-05-08,132.24,139.885,131.646,139.59
MIDD,2025-05-09,139.62,141.31,138.255,139.52
MIDD,2025-05-12,144.9,148.47,144.6,146.9
MIDD,2025-05-13,147.65,149.95,146.88,149.91
MIDD,2025-05-14,149.91,150.0,147.39,148.72
MIDD,2025-05-15,148.95,149.94,148.95,149.83
MIDD,2025-05-16,149.875,151.68,148.57,151.49
MIDD,2025-05-19,149.9,151.11,149.55,150.99
MIDD,2025-05-20,150.39,152.22,150.39,152.11
MIDD,2025-05-21,150.15,150.15,144.79,145.01
MIDD,2025-05-22,144.82,148.48,144.36,147.14
MIDD,2025-05-23,144.67,146.87,144.5,145.79
MIDD,2025-05-27,148.49,150.63,146.68,150.57
MIDD,2025-05-28,150.57,150.95,147.65,147.89
MIDD,2025-05-29,149.35,150.575,146.51,147.46
MIDD,2025-05-30,146.68,147.526,145.33,146.22
MIDD,2025-06-02,145.54,146.33,143.21,144.55
MIDD,2025-06-03,144.55,148.07,144.17,147.88
MIDD,2025-06-04,147.84,148.685,147.2,147.79
MIDD,2025-06-05,147.73,148.355,145.99,147.14
MIDD,2025-06-06,148.5,149.36,147.07,147.22
MIDD,2025-06-09,147.64,151.34,147.085,149.97
MIDD,2025-06-10,150.45,150.45,148.053,148.83
MIDD,2025-06-11,149.72,149.72,146.14,146.71
MIDD,2025-06-12,146.0,146.055,143.37,143.88
MIDD,2025-06-13,142.84,143.14,140.31,141.19
MIDD,2025-06-16,142.8,144.7,142.02,144.01
MIDD,2025-06-17,142.49,143.26,139.89,140.93
MIDD,2025-06-18,140.65,143.3,140.65,141.78
MIDD,2025-06-20,142.31,142.78,141.0,141.49
MIDD,2025-06-23,141.69,143.64,138.98,143.62
MIDD,2025-06-24,145.0,145.06,140.19,143.18
MIDD,2025-06-25,143.67,144.28,142.15,143.94
MIDD,2025-06-26,145.14,145.67,142.885,144.75
MIDD,2025-06-27,144.97,146.54,143.825,144.94
MIDD,2025-06-30,145.36,145.36,142.725,144.0
MIDD,2025-07-01,143.31,149.79,142.46,147.34
MIDD,2025-07-02,147.44,149.67,145.18,149.11
MIDD,2025-07-03,149.35,149.99,148.23,148.63
MIDD,2025-07-07,147.49,148.845,144.485,145.39
MIDD,2025-07-08,145.73,149.53,145.73,148.06
MIDD,2025-07-09,148.67,149.38,145.84,148.73
MIDD,2025-07-10,149.05,152.555,148.31,150.16
MIDD,2025-07-11,148.54,150.07,148.08,149.5
MIDD,2025-07-14,148.61,148.885,145.715,146.04
MIDD,2025-07-15,146.45,146.72,143.71,143.8
MIDD,2025-07-16,144.16,144.9,140.715,143.12
MIDD,2025-07-17,143.22,147.545,142.92,147.37
MIDD,2025-07-18,148.13,148.4,145.47,146.48
MIDD,2025-07-21,147.46,149.1,144.29,144.46
MIDD,2025-07-22,144.46,149.735,144.46,149.48
MIDD,2025-07-23,150.36,151.235,149.26,149.56
MIDD,2025-07-24,148.12,149.73,147.83,148.46
MIDD,2025-07-25,148.79,149.925,146.75,149.7
MIDD,2025-07-28,149.67,150.8,148.812,149.23
MIDD,2025-07-29,149.23,150.07,146.0,146.93
MIDD,2025-07-30,146.94,147.07,143.48,144.68
MIDD,2025-07-31,143.7,145.835,143.675,145.2
MIDD,2025-08-01,142.9,143.5,140.115,141.7
MIDD,2025-08-04,142.09,142.575,141.1,141.81
MIDD,2025-08-05,142.36,144.98,141.445,144.71
MIDD,2025-08-06,144.34,145.57,118.09,118.3
MIDD,2025-08-07,121.9,123.93,119.58,120.17
MIDD,2025-08-08,120.22,122.185,119.5,119.71
MIDD,2025-08-11,120.33,122.21,118.71,119.99
MIDD,2025-08-12,121.42,130.655,120.55,130.31
MIDD,2025-08-13,130.97,138.49,130.945,137.98
MIDD,2025-08-14,135.85,136.25,133.59,134.23
MIDD,2025-08-15,134.47,135.37,132.475,132.61
MIDD,2025-08-18,132.44,134.88,130.5,130.72
MIDD,2025-08-19,131.61,133.175,130.95,132.61
MIDD,2025-08-20,132.05,132.47,130.11,130.4
MIDD,2025-08-21,130.06,130.67,129.18,130.135
MIDD,2025-08-22,131.45,137.65,130.89,137.31
MIDD,2025-08-25,136.15,137.74,134.16,136.12
MIDD,2025-08-26,136.24,138.26,135.81,136.26
MIDD,2025-08-27,136.3,138.42,135.9,137.78
MIDD,2025-08-28,138.475,138.72,135.13,136.84
MIDD,2025-08-29,136.95,137.95,135.74,136.85
MIDD,2025-09-02,134.87,137.68,134.685,137.37
MIDD,2025-09-03,137.27,137.63,134.55,135.64
MIDD,2025-09-04,137.58,141.99,135.92,141.81
MIDD,2025-09-05,142.71,145.77,141.86,144.43
MIDD,2025-09-08,144.65,146.18,140.2,141.85
MIDD,2025-09-09,141.83,141.95,137.68,138.68
MIDD,2025-09-10,138.16,139.675,136.913,137.92
MIDD,2025-09-11,138.34,140.715,138.305,138.78
MIDD,2025-09-12,138.63,139.3,134.3,134.59
MIDD,2025-09-15,135.0,137.155,133.36,134.19
MIDD,2025-09-16,134.36,136.16,132.71,134.69
MIDD,2025-09-17,134.64,137.99,132.89,133.95
MIDD,2025-09-18,134.17,136.17,132.2,135.16
MIDD,2025-09-19,135.25,135.67,133.555,134.85
MIDD,2025-09-22,133.89,135.19,133.38,134.41
MIDD,2025-09-23,134.65,136.53,133.17,133.99
MIDD,2025-09-24,133.67,134.82,133.31,134.47
MIDD,2025-09-25,133.41,133.65,131.25,131.65
MIDD,2025-09-26,131.46,133.53,130.745,133.01
MIDD,2025-09-29,134.02,134.436,131.36,133.52
MIDD,2025-09-30,132.87,133.59,131.1,132.93
MIDD,2025-10-01,132.84,134.685,132.46,134.14
