ticker,date,open,high,low,close
MNSB,2005-09-06,11.9,11.9,11.9,11.9
MNSB,2005-09-07,11.9,11.9,11.9,11.9
MNSB,2005-09-08,11.43,11.43,11.43,11.43
MNSB,2005-09-09,11.43,11.43,11.43,11.43
MNSB,2005-09-12,11.43,11.43,11.43,11.43
MNSB,2005-09-13,11.43,11.43,11.43,11.43
MNSB,2005-09-14,11.43,11.43,11.43,11.43
MNSB,2005-09-15,11.43,11.43,11.43,11.43
MNSB,2005-09-16,11.43,11.43,11.43,11.43
MNSB,2005-09-19,11.43,11.43,11.43,11.43
MNSB,2005-09-20,10.48,10.48,10.48,10.48
MNSB,2005-09-21,10.48,10.48,10.48,10.48
MNSB,2005-09-22,10.48,10.48,10.48,10.48
MNSB,2005-09-23,10.48,10.52,10.48,10.52
MNSB,2005-09-26,10.52,10.52,10.52,10.52
MNSB,2005-09-27,10.52,10.52,10.52,10.52
MNSB,2005-09-28,10.52,10.52,10.52,10.52
MNSB,2005-09-29,10.48,10.48,10.48,10.48
MNSB,2005-09-30,10.48,10.48,10.48,10.48
MNSB,2005-10-03,10.48,10.48,10.48,10.48
MNSB,2005-10-04,10.48,10.48,10.48,10.48
MNSB,2005-10-05,10.48,10.48,10.48,10.48
MNSB,2005-10-06,10.48,10.48,10.48,10.48
MNSB,2005-10-07,10.48,10.48,10.48,10.48
MNSB,2005-10-10,10.48,10.48,10.48,10.48
MNSB,2005-10-11,10.48,10.48,10.48,10.48
MNSB,2005-10-12,10.48,10.48,10.48,10.48
MNSB,2005-10-13,10.48,10.48,10.48,10.48
MNSB,2005-10-14,10.62,10.62,10.43,10.43
MNSB,2005-10-17,10.43,10.43,10.43,10.43
MNSB,2005-10-18,10.43,10.43,10.43,10.43
MNSB,2005-10-19,10.43,10.43,10.43,10.43
MNSB,2005-10-20,10.43,10.43,10.43,10.43
MNSB,2005-10-21,10.19,10.19,10.19,10.19
MNSB,2005-10-24,10.19,10.19,10.19,10.19
MNSB,2005-10-25,10.19,10.19,10.19,10.19
MNSB,2005-10-26,10.19,10.19,10.19,10.19
MNSB,2005-10-27,10.19,10.19,10.19,10.19
MNSB,2005-10-28,10.19,10.19,10.19,10.19
MNSB,2005-10-31,10.19,10.19,10.19,10.19
MNSB,2005-11-01,10.57,10.57,10.57,10.57
MNSB,2005-11-02,10.3,10.3,10.3,10.3
MNSB,2005-11-03,10.3,10.3,10.3,10.3
MNSB,2005-11-04,10.29,10.29,10.29,10.29
MNSB,2005-11-07,10.48,10.48,10.48,10.48
MNSB,2005-11-08,10.48,10.48,10.48,10.48
MNSB,2005-11-09,10.48,10.48,10.48,10.48
MNSB,2005-11-10,10.48,10.48,10.48,10.48
MNSB,2005-11-11,10.48,10.48,10.48,10.48
MNSB,2005-11-14,10.48,10.48,10.48,10.48
MNSB,2005-11-15,10.48,10.48,10.48,10.48
MNSB,2005-11-16,10.48,10.48,10.48,10.48
MNSB,2005-11-17,10.52,10.67,10.48,10.67
MNSB,2005-11-18,10.67,10.67,10.67,10.67
MNSB,2005-11-21,10.67,10.67,10.67,10.67
MNSB,2005-11-22,10.67,10.67,10.67,10.67
MNSB,2005-11-23,10.71,10.71,10.71,10.71
MNSB,2005-11-25,10.71,10.71,10.71,10.71
MNSB,2005-11-28,10.71,10.71,10.71,10.71
MNSB,2005-11-29,10.71,10.71,10.71,10.71
MNSB,2005-11-30,10.71,10.71,10.71,10.71
MNSB,2005-12-01,10.71,10.71,10.71,10.71
MNSB,2005-12-02,10.71,10.71,10.71,10.71
MNSB,2005-12-05,10.71,10.71,10.71,10.71
MNSB,2005-12-06,10.57,10.71,10.48,10.48
MNSB,2005-12-07,10.48,10.67,10.48,10.67
MNSB,2005-12-08,10.67,10.67,10.67,10.67
MNSB,2005-12-09,10.67,10.67,10.67,10.67
MNSB,2005-12-12,10.67,10.67,10.67,10.67
MNSB,2005-12-13,10.67,10.67,10.67,10.67
MNSB,2005-12-14,10.57,10.95,10.48,10.48
MNSB,2005-12-15,10.48,10.71,10.48,10.71
MNSB,2005-12-16,10.43,10.43,10.43,10.43
MNSB,2005-12-19,10.43,10.43,10.43,10.43
MNSB,2005-12-20,10.43,10.43,10.43,10.43
MNSB,2005-12-21,10.48,10.48,10.48,10.48
MNSB,2005-12-22,10.48,10.48,10.48,10.48
MNSB,2005-12-23,10.43,10.43,10.43,10.43
MNSB,2005-12-27,10.43,10.43,10.43,10.43
MNSB,2005-12-28,10.43,10.43,10.43,10.43
MNSB,2005-12-29,10.43,10.43,10.43,10.43
MNSB,2005-12-30,10.43,10.43,10.43,10.43
MNSB,2006-01-03,10.48,10.48,10.48,10.48
MNSB,2006-01-04,10.48,10.48,10.48,10.48
MNSB,2006-01-05,10.48,10.48,10.48,10.48
MNSB,2006-01-06,10.48,10.48,10.48,10.48
MNSB,2006-01-09,10.48,10.48,10.48,10.48
MNSB,2006-01-10,10.48,10.48,10.48,10.48
MNSB,2006-01-11,10.48,10.48,10.48,10.48
MNSB,2006-01-12,10.48,10.48,10.48,10.48
MNSB,2006-01-13,10.48,10.48,10.48,10.48
MNSB,2006-01-17,10.48,10.48,10.48,10.48
MNSB,2006-01-18,10.48,10.48,10.48,10.48
MNSB,2006-01-19,10.48,10.48,10.48,10.48
MNSB,2006-01-20,10.48,10.48,10.48,10.48
MNSB,2006-01-23,10.48,10.48,10.48,10.48
MNSB,2006-01-24,10.48,10.48,10.48,10.48
MNSB,2006-01-25,10.48,10.48,10.48,10.48
MNSB,2006-01-26,10.48,10.48,10.48,10.48
MNSB,2006-01-27,10.48,10.48,10.48,10.48
MNSB,2006-01-30,10.48,10.48,10.48,10.48
MNSB,2006-01-31,10.48,10.48,10.48,10.48
MNSB,2006-02-01,10.48,10.48,10.48,10.48
MNSB,2006-02-02,10.48,10.48,10.48,10.48
MNSB,2006-02-03,10.48,10.48,10.48,10.48
MNSB,2006-02-06,10.48,10.48,10.48,10.48
MNSB,2006-02-07,10.48,10.48,10.48,10.48
MNSB,2006-02-08,10.48,10.48,10.48,10.48
MNSB,2006-02-09,10.48,10.48,10.48,10.48
MNSB,2006-02-10,10.48,10.48,10.48,10.48
MNSB,2006-02-13,10.48,10.48,10.48,10.48
MNSB,2006-02-14,10.48,10.48,10.48,10.48
MNSB,2006-02-15,10.48,10.48,10.48,10.48
MNSB,2006-02-16,10.48,10.48,10.48,10.48
MNSB,2006-02-17,10.48,10.48,10.48,10.48
MNSB,2006-02-21,10.48,10.48,10.48,10.48
MNSB,2006-02-22,10.48,10.48,10.48,10.48
MNSB,2006-02-23,10.48,10.48,10.48,10.48
MNSB,2006-02-24,10.48,10.48,10.48,10.48
MNSB,2006-02-27,10.48,10.48,10.48,10.48
MNSB,2006-02-28,10.48,10.48,10.48,10.48
MNSB,2006-03-01,10.48,10.48,10.48,10.48
MNSB,2006-03-02,10.48,10.48,10.48,10.48
MNSB,2006-03-03,10.48,10.48,10.48,10.48
MNSB,2006-03-06,10.48,10.48,10.48,10.48
MNSB,2006-03-07,10.48,10.48,10.48,10.48
MNSB,2006-03-08,10.57,10.67,10.48,10.67
MNSB,2006-03-09,10.67,10.67,10.67,10.67
MNSB,2006-03-10,10.57,10.57,10.57,10.57
MNSB,2006-03-13,10.57,10.57,10.57,10.57
MNSB,2006-03-14,10.95,10.95,10.95,10.95
MNSB,2006-03-15,10.95,10.95,10.95,10.95
MNSB,2006-03-16,10.95,10.95,10.95,10.95
MNSB,2006-03-17,10.95,10.95,10.95,10.95
MNSB,2006-03-20,10.95,10.95,10.95,10.95
MNSB,2006-03-21,10.95,10.95,10.95,10.95
MNSB,2006-03-22,10.95,10.95,10.95,10.95
MNSB,2006-03-23,10.95,10.95,10.95,10.95
MNSB,2006-03-24,11.14,11.14,10.95,10.95
MNSB,2006-03-27,10.95,10.95,10.95,10.95
MNSB,2006-03-28,10.95,10.95,10.95,10.95
MNSB,2006-03-29,11.43,11.43,11.43,11.43
MNSB,2006-03-30,11.43,11.43,11.43,11.43
MNSB,2006-03-31,11.43,11.43,11.43,11.43
MNSB,2006-04-03,11.43,11.43,11.43,11.43
MNSB,2006-04-04,11.43,11.43,11.43,11.43
MNSB,2006-04-05,11.57,11.62,11.57,11.62
MNSB,2006-04-06,11.52,11.62,11.43,11.62
MNSB,2006-04-07,11.62,11.62,11.62,11.62
MNSB,2006-04-10,11.62,11.62,11.62,11.62
MNSB,2006-04-11,11.62,11.62,11.62,11.62
MNSB,2006-04-12,11.62,11.62,11.62,11.62
MNSB,2006-04-13,11.62,11.62,11.62,11.62
MNSB,2006-04-17,11.62,11.62,11.62,11.62
MNSB,2006-04-18,11.62,11.62,11.62,11.62
MNSB,2006-04-19,11.62,11.62,11.62,11.62
MNSB,2006-04-20,11.62,11.62,11.62,11.62
MNSB,2006-04-21,11.62,11.62,11.62,11.62
MNSB,2006-04-24,11.62,11.62,11.62,11.62
MNSB,2006-04-25,11.57,11.57,11.57,11.57
MNSB,2006-04-26,11.57,11.57,11.57,11.57
MNSB,2006-04-27,11.67,11.67,11.67,11.67
MNSB,2006-04-28,11.67,11.67,11.67,11.67
MNSB,2006-05-01,11.9,11.9,11.9,11.9
MNSB,2006-05-02,11.67,11.67,11.67,11.67
MNSB,2006-05-03,11.57,11.57,11.57,11.57
MNSB,2006-05-04,11.57,11.57,11.57,11.57
MNSB,2006-05-05,12.14,12.14,12.14,12.14
MNSB,2006-05-08,12.14,12.14,12.14,12.14
MNSB,2006-05-09,11.71,11.71,11.71,11.71
MNSB,2006-05-10,11.57,11.67,11.57,11.67
MNSB,2006-05-11,11.67,11.67,11.67,11.67
MNSB,2006-05-12,11.67,11.67,11.67,11.67
MNSB,2006-05-15,11.67,11.67,11.67,11.67
MNSB,2006-05-16,11.67,11.67,11.67,11.67
MNSB,2006-05-17,11.57,11.57,11.57,11.57
MNSB,2006-05-18,11.57,11.57,11.57,11.57
MNSB,2006-05-19,11.57,11.57,11.57,11.57
MNSB,2006-05-22,11.57,11.57,11.57,11.57
MNSB,2006-05-23,11.57,11.67,11.57,11.67
MNSB,2006-05-24,11.67,11.67,11.67,11.67
MNSB,2006-05-25,11.67,11.67,11.67,11.67
MNSB,2006-05-26,11.67,11.67,11.67,11.67
MNSB,2006-05-30,11.67,11.67,11.67,11.67
MNSB,2006-05-31,11.57,11.57,11.57,11.57
MNSB,2006-06-01,11.57,11.57,11.57,11.57
MNSB,2006-06-02,11.57,11.67,11.19,11.19
MNSB,2006-06-05,11.05,11.19,10.52,11.19
MNSB,2006-06-06,10.52,10.52,10.52,10.52
MNSB,2006-06-07,10.52,10.52,10.52,10.52
MNSB,2006-06-08,10.52,10.52,10.52,10.52
MNSB,2006-06-09,10.52,10.52,10.52,10.52
MNSB,2006-06-12,10.95,10.95,10.95,10.95
MNSB,2006-06-13,10.95,10.95,10.95,10.95
MNSB,2006-06-14,10.53,10.53,10.52,10.52
MNSB,2006-06-15,10.52,10.52,10.52,10.52
MNSB,2006-06-16,10.76,10.76,10.76,10.76
MNSB,2006-06-19,10.76,10.76,10.76,10.76
MNSB,2006-06-20,10.76,10.76,10.76,10.76
MNSB,2006-06-21,10.52,10.57,10.52,10.57
MNSB,2006-06-22,10.57,10.57,10.57,10.57
MNSB,2006-06-23,10.57,10.57,10.57,10.57
MNSB,2006-06-26,10.57,10.57,10.57,10.57
MNSB,2006-06-27,10.57,10.57,10.57,10.57
MNSB,2006-06-28,10.57,10.57,10.57,10.57
MNSB,2006-06-29,10.52,10.52,10.52,10.52
MNSB,2006-06-30,10.57,10.57,10.57,10.57
MNSB,2006-07-03,10.57,10.57,10.57,10.57
MNSB,2006-07-05,10.57,10.57,10.57,10.57
MNSB,2006-07-06,10.57,10.57,10.57,10.57
MNSB,2006-07-07,10.57,10.57,10.57,10.57
MNSB,2006-07-10,10.57,10.57,10.48,10.48
MNSB,2006-07-11,10.48,10.48,10.48,10.48
MNSB,2006-07-12,10.48,10.48,10.48,10.48
MNSB,2006-07-13,10.48,10.48,10.48,10.48
MNSB,2006-07-14,10.52,10.52,10.52,10.52
MNSB,2006-07-17,10.52,10.52,10.52,10.52
MNSB,2006-07-18,10.52,10.52,10.52,10.52
MNSB,2006-07-19,10.52,10.52,10.52,10.52
MNSB,2006-07-20,10.52,10.52,10.52,10.52
MNSB,2006-07-21,10.52,10.52,10.52,10.52
MNSB,2006-07-24,10.52,10.52,10.52,10.52
MNSB,2006-07-25,10.52,10.52,10.52,10.52
MNSB,2006-07-26,10.52,10.52,10.52,10.52
MNSB,2006-07-27,10.52,10.52,10.52,10.52
MNSB,2006-07-28,10.52,10.52,10.52,10.52
MNSB,2006-07-31,10.52,10.52,10.52,10.52
MNSB,2006-08-01,10.57,11.05,10.57,11.05
MNSB,2006-08-02,10.76,10.76,10.76,10.76
MNSB,2006-08-03,10.57,10.57,10.57,10.57
MNSB,2006-08-04,10.57,10.57,10.57,10.57
MNSB,2006-08-07,10.57,10.57,10.57,10.57
MNSB,2006-08-08,10.76,10.76,10.76,10.76
MNSB,2006-08-09,10.76,10.76,10.76,10.76
MNSB,2006-08-10,10.76,10.76,10.76,10.76
MNSB,2006-08-11,10.76,10.76,10.76,10.76
MNSB,2006-08-14,10.76,10.76,10.76,10.76
MNSB,2006-08-15,10.76,10.76,10.76,10.76
MNSB,2006-08-16,10.76,10.76,10.76,10.76
MNSB,2006-08-17,10.76,10.76,10.76,10.76
MNSB,2006-08-18,10.76,10.76,10.76,10.76
MNSB,2006-08-21,10.95,10.95,10.95,10.95
MNSB,2006-08-22,10.81,10.81,10.81,10.81
MNSB,2006-08-23,10.81,10.81,10.81,10.81
MNSB,2006-08-24,10.81,10.81,10.81,10.81
MNSB,2006-08-25,10.81,10.81,10.81,10.81
MNSB,2006-08-28,11.19,11.19,11.19,11.19
MNSB,2006-08-29,11.43,11.43,11.43,11.43
MNSB,2006-08-30,11.43,11.43,11.43,11.43
MNSB,2006-08-31,11.43,11.43,11.43,11.43
MNSB,2006-09-01,11.43,11.43,11.43,11.43
MNSB,2006-09-05,11.43,11.43,11.43,11.43
MNSB,2006-09-06,11.24,11.48,11.24,11.48
MNSB,2006-09-07,11.9,11.9,11.57,11.57
MNSB,2006-09-08,11.57,11.57,11.57,11.57
MNSB,2006-09-11,11.57,11.57,11.57,11.57
MNSB,2006-09-12,11.57,11.57,11.57,11.57
MNSB,2006-09-13,11.76,11.76,11.76,11.76
MNSB,2006-09-14,11.76,11.76,11.76,11.76
MNSB,2006-09-15,11.76,11.76,11.76,11.76
MNSB,2006-09-18,11.95,11.95,11.95,11.95
MNSB,2006-09-19,11.95,11.95,11.95,11.95
MNSB,2006-09-20,12.19,12.19,12.19,12.19
MNSB,2006-09-21,12.19,12.19,12.19,12.19
MNSB,2006-09-22,12.19,12.19,12.19,12.19
MNSB,2006-09-25,12.19,12.19,12.19,12.19
MNSB,2006-09-26,12.24,12.38,12.24,12.38
MNSB,2006-09-27,12.38,12.38,12.38,12.38
MNSB,2006-09-28,12.38,12.38,12.38,12.38
MNSB,2006-09-29,12.38,12.38,12.38,12.38
MNSB,2006-10-02,12.38,12.38,12.38,12.38
MNSB,2006-10-03,12.38,12.38,12.38,12.38
MNSB,2006-10-04,12.38,12.38,12.38,12.38
MNSB,2006-10-05,12.43,12.43,12.29,12.29
MNSB,2006-10-06,12.19,12.19,12.19,12.19
MNSB,2006-10-09,12.86,12.86,12.86,12.86
MNSB,2006-10-10,12.52,12.52,12.52,12.52
MNSB,2006-10-11,12.52,12.52,12.52,12.52
MNSB,2006-10-12,12.52,12.52,12.52,12.52
MNSB,2006-10-13,12.52,12.52,12.52,12.52
MNSB,2006-10-16,12.67,12.67,12.67,12.67
MNSB,2006-10-17,12.67,12.67,12.67,12.67
MNSB,2006-10-18,12.67,12.67,12.67,12.67
MNSB,2006-10-19,12.95,12.95,12.86,12.86
MNSB,2006-10-20,12.86,12.86,12.86,12.86
MNSB,2006-10-23,13.0,13.05,13.0,13.05
MNSB,2006-10-24,13.05,13.05,13.05,13.05
MNSB,2006-10-25,13.05,13.05,13.05,13.05
MNSB,2006-10-26,12.95,13.05,12.86,13.05
MNSB,2006-10-27,13.05,13.05,13.05,13.05
MNSB,2006-10-30,13.05,13.05,13.05,13.05
MNSB,2006-10-31,13.33,13.33,13.33,13.33
MNSB,2006-11-01,13.33,13.33,13.33,13.33
MNSB,2006-11-02,13.38,13.38,13.38,13.38
MNSB,2006-11-03,13.38,13.38,13.38,13.38
MNSB,2006-11-06,13.38,13.38,13.33,13.33
MNSB,2006-11-07,13.33,13.33,13.33,13.33
MNSB,2006-11-08,13.33,13.33,13.33,13.33
MNSB,2006-11-09,13.38,13.38,13.38,13.38
MNSB,2006-11-10,13.38,13.38,13.38,13.38
MNSB,2006-11-13,13.33,13.33,12.86,12.86
MNSB,2006-11-14,12.86,12.86,12.86,12.86
MNSB,2006-11-15,12.86,12.86,12.86,12.86
MNSB,2006-11-16,12.86,12.86,12.86,12.86
MNSB,2006-11-17,12.86,12.86,12.86,12.86
MNSB,2006-11-20,12.86,12.86,12.86,12.86
MNSB,2006-11-21,12.86,12.86,12.86,12.86
MNSB,2006-11-22,11.86,12.05,11.86,12.05
MNSB,2006-11-24,12.05,12.05,12.05,12.05
MNSB,2006-11-27,13.29,13.29,13.29,13.29
MNSB,2006-11-28,13.19,13.19,13.19,13.19
MNSB,2006-11-29,13.19,13.19,13.19,13.19
MNSB,2006-11-30,12.19,12.38,12.19,12.38
MNSB,2006-12-01,12.38,12.38,12.38,12.38
MNSB,2006-12-04,12.33,12.33,12.33,12.33
MNSB,2006-12-05,12.33,12.38,12.33,12.38
MNSB,2006-12-06,12.33,12.38,12.33,12.38
MNSB,2006-12-07,12.38,12.38,12.38,12.38
MNSB,2006-12-08,12.38,12.38,12.38,12.38
MNSB,2006-12-11,12.38,12.38,12.38,12.38
MNSB,2006-12-12,12.38,12.38,12.38,12.38
MNSB,2006-12-13,12.38,12.38,12.38,12.38
MNSB,2006-12-14,12.38,12.38,12.38,12.38
MNSB,2006-12-15,12.38,12.38,12.38,12.38
MNSB,2006-12-18,12.38,12.38,12.38,12.38
MNSB,2006-12-19,12.38,12.38,12.38,12.38
MNSB,2006-12-20,12.38,12.38,12.38,12.38
MNSB,2006-12-21,12.38,12.38,12.38,12.38
MNSB,2006-12-22,12.38,12.38,12.38,12.38
MNSB,2006-12-26,12.38,12.38,12.38,12.38
MNSB,2006-12-27,12.38,12.38,12.38,12.38
MNSB,2006-12-28,12.62,12.62,12.62,12.62
MNSB,2006-12-29,12.62,12.62,12.62,12.62
MNSB,2007-01-03,12.76,12.76,12.75,12.75
MNSB,2007-01-04,12.75,12.75,12.75,12.75
MNSB,2007-01-05,12.75,12.75,12.75,12.75
MNSB,2007-01-08,12.62,12.75,12.48,12.75
MNSB,2007-01-09,12.75,12.75,12.75,12.75
MNSB,2007-01-10,12.75,12.86,12.75,12.86
MNSB,2007-01-11,12.62,12.62,12.62,12.62
MNSB,2007-01-12,12.52,12.52,12.38,12.38
MNSB,2007-01-16,12.14,12.14,12.14,12.14
MNSB,2007-01-17,12.14,12.14,12.14,12.14
MNSB,2007-01-18,12.14,12.14,12.14,12.14
MNSB,2007-01-19,12.86,12.86,12.86,12.86
MNSB,2007-01-22,12.86,12.86,12.86,12.86
MNSB,2007-01-23,12.38,12.38,11.62,11.71
MNSB,2007-01-24,11.9,11.9,11.9,11.9
MNSB,2007-01-25,11.9,11.9,11.9,11.9
MNSB,2007-01-26,12.86,13.05,12.86,13.05
MNSB,2007-01-29,13.05,13.05,13.05,13.05
MNSB,2007-01-30,12.38,12.38,12.19,12.29
MNSB,2007-01-31,12.29,12.29,12.29,12.29
MNSB,2007-02-01,12.29,12.29,12.29,12.29
MNSB,2007-02-02,12.29,12.29,12.29,12.29
MNSB,2007-02-05,12.29,12.29,12.29,12.29
MNSB,2007-02-06,12.29,12.29,12.29,12.29
MNSB,2007-02-07,12.29,12.29,12.29,12.29
MNSB,2007-02-08,12.48,12.48,12.48,12.48
MNSB,2007-02-09,12.48,12.48,12.48,12.48
MNSB,2007-02-12,12.48,12.48,12.48,12.48
MNSB,2007-02-13,12.48,12.48,12.48,12.48
MNSB,2007-02-14,12.48,12.48,12.48,12.48
MNSB,2007-02-15,12.48,12.48,12.48,12.48
MNSB,2007-02-16,12.48,12.48,12.48,12.48
MNSB,2007-02-20,12.48,12.48,12.48,12.48
MNSB,2007-02-21,12.48,12.48,12.48,12.48
MNSB,2007-02-22,12.86,12.86,12.86,12.86
MNSB,2007-02-23,12.86,12.86,12.86,12.86
MNSB,2007-02-26,12.86,12.86,12.86,12.86
MNSB,2007-02-27,12.86,12.86,12.86,12.86
MNSB,2007-02-28,12.86,12.86,12.86,12.86
MNSB,2007-03-01,12.86,12.86,12.86,12.86
MNSB,2007-03-02,12.86,12.86,12.86,12.86
MNSB,2007-03-05,12.86,12.86,12.86,12.86
MNSB,2007-03-06,12.86,12.86,12.86,12.86
MNSB,2007-03-07,12.48,12.62,12.48,12.62
MNSB,2007-03-08,12.62,12.62,12.62,12.62
MNSB,2007-03-09,12.52,12.52,12.52,12.52
MNSB,2007-03-12,12.52,12.52,12.38,12.52
MNSB,2007-03-13,12.52,12.52,12.52,12.52
MNSB,2007-03-14,12.43,12.43,12.3,12.3
MNSB,2007-03-15,12.3,12.3,12.3,12.3
MNSB,2007-03-16,12.3,12.3,12.3,12.3
MNSB,2007-03-19,12.3,12.3,12.3,12.3
MNSB,2007-03-20,12.3,12.3,12.3,12.3
MNSB,2007-03-21,12.3,12.3,12.3,12.3
MNSB,2007-03-22,12.3,12.3,12.3,12.3
MNSB,2007-03-23,11.95,11.95,11.95,11.95
MNSB,2007-03-26,11.95,11.95,11.95,11.95
MNSB,2007-03-27,12.0,12.14,12.0,12.14
MNSB,2007-03-28,12.14,12.14,12.14,12.14
MNSB,2007-03-29,12.14,12.14,12.14,12.14
MNSB,2007-03-30,12.14,12.14,12.14,12.14
MNSB,2007-04-02,12.0,12.0,11.81,12.0
MNSB,2007-04-03,12.0,12.0,12.0,12.0
MNSB,2007-04-04,11.81,11.81,11.81,11.81
MNSB,2007-04-05,11.9,11.9,11.9,11.9
MNSB,2007-04-09,11.9,11.9,11.9,11.9
MNSB,2007-04-10,11.81,11.81,11.76,11.76
MNSB,2007-04-11,11.76,11.76,11.76,11.76
MNSB,2007-04-12,11.76,11.76,11.76,11.76
MNSB,2007-04-13,11.76,11.76,11.76,11.76
MNSB,2007-04-16,11.76,11.76,11.76,11.76
MNSB,2007-04-17,11.67,11.76,11.67,11.76
MNSB,2007-04-18,11.67,11.9,11.67,11.9
MNSB,2007-04-19,11.67,11.71,11.52,11.52
MNSB,2007-04-20,11.52,11.52,11.05,11.24
MNSB,2007-04-23,11.24,11.24,11.24,11.24
MNSB,2007-04-24,11.24,11.24,11.24,11.24
MNSB,2007-04-25,11.24,11.24,11.24,11.24
MNSB,2007-04-26,11.14,11.29,11.14,11.29
MNSB,2007-04-27,11.24,11.24,11.24,11.24
MNSB,2007-04-30,11.29,11.29,11.29,11.29
MNSB,2007-05-01,11.19,11.19,11.14,11.14
MNSB,2007-05-02,11.1,11.1,10.95,10.95
MNSB,2007-05-03,10.81,10.81,10.81,10.81
MNSB,2007-05-04,10.95,10.95,10.76,10.76
MNSB,2007-05-07,10.76,10.76,10.76,10.76
MNSB,2007-05-08,10.76,10.76,10.76,10.76
MNSB,2007-05-09,10.2,10.2,10.2,10.2
MNSB,2007-05-10,10.48,10.48,10.48,10.48
MNSB,2007-05-11,10.48,10.48,10.48,10.48
MNSB,2007-05-14,10.38,10.38,10.38,10.38
MNSB,2007-05-15,10.38,10.38,10.38,10.38
MNSB,2007-05-16,10.38,10.38,10.38,10.38
MNSB,2007-05-17,10.38,10.38,10.33,10.38
MNSB,2007-05-18,10.38,10.38,10.38,10.38
MNSB,2007-05-21,10.33,10.33,10.33,10.33
MNSB,2007-05-22,10.1,10.21,10.1,10.21
MNSB,2007-05-23,10.1,10.1,10.1,10.1
MNSB,2007-05-24,10.1,10.1,10.1,10.1
MNSB,2007-05-25,10.33,10.38,10.33,10.38
MNSB,2007-05-29,10.38,10.38,10.38,10.38
MNSB,2007-05-30,10.86,10.86,10.86,10.86
MNSB,2007-05-31,10.86,10.86,10.86,10.86
MNSB,2007-06-01,10.86,10.86,10.86,10.86
MNSB,2007-06-04,10.86,10.86,10.5,10.5
MNSB,2007-06-05,10.5,10.5,10.5,10.5
MNSB,2007-06-06,10.5,10.5,10.5,10.5
MNSB,2007-06-07,10.5,10.5,10.5,10.5
MNSB,2007-06-08,10.5,10.5,10.5,10.5
MNSB,2007-06-11,10.67,10.67,10.67,10.67
MNSB,2007-06-12,10.51,10.51,10.51,10.51
MNSB,2007-06-13,10.51,10.51,10.51,10.51
MNSB,2007-06-14,10.51,10.51,10.51,10.51
MNSB,2007-06-15,10.67,10.71,10.67,10.71
MNSB,2007-06-18,10.71,10.71,10.71,10.71
MNSB,2007-06-19,10.57,10.67,10.57,10.67
MNSB,2007-06-20,10.62,10.62,10.48,10.57
MNSB,2007-06-21,10.48,10.48,10.48,10.48
MNSB,2007-06-22,10.38,10.38,10.38,10.38
MNSB,2007-06-25,10.24,10.29,10.24,10.29
MNSB,2007-06-26,10.29,10.29,10.29,10.29
MNSB,2007-06-27,10.14,10.14,10.1,10.1
MNSB,2007-06-28,10.1,10.1,10.1,10.1
MNSB,2007-06-29,10.1,10.1,10.05,10.05
MNSB,2007-07-02,10.05,10.14,10.05,10.14
MNSB,2007-07-03,10.05,10.05,10.05,10.05
MNSB,2007-07-05,10.05,10.05,10.05,10.05
MNSB,2007-07-06,10.05,10.05,10.05,10.05
MNSB,2007-07-09,10.24,10.29,10.24,10.29
MNSB,2007-07-10,10.29,10.29,10.29,10.29
MNSB,2007-07-11,10.29,10.29,10.29,10.29
MNSB,2007-07-12,10.29,10.29,10.29,10.29
MNSB,2007-07-13,10.1,10.19,10.1,10.19
MNSB,2007-07-16,10.19,10.19,10.19,10.19
MNSB,2007-07-17,10.1,10.19,10.1,10.19
MNSB,2007-07-18,10.19,10.19,10.19,10.19
MNSB,2007-07-19,10.19,10.19,10.19,10.19
MNSB,2007-07-20,10.24,10.24,9.76,9.76
MNSB,2007-07-23,9.76,9.76,9.76,9.76
MNSB,2007-07-24,9.76,9.76,9.76,9.76
MNSB,2007-07-25,9.76,9.76,9.76,9.76
MNSB,2007-07-26,9.76,9.76,9.76,9.76
MNSB,2007-07-27,9.76,9.76,9.76,9.76
MNSB,2007-07-30,9.76,9.76,9.76,9.76
MNSB,2007-07-31,9.76,9.76,9.76,9.76
MNSB,2007-08-01,9.71,9.71,9.71,9.71
MNSB,2007-08-02,9.86,9.86,9.86,9.86
MNSB,2007-08-03,9.62,9.62,9.52,9.52
MNSB,2007-08-06,9.52,9.52,9.52,9.52
MNSB,2007-08-07,9.52,9.52,9.52,9.52
MNSB,2007-08-08,9.52,9.52,9.05,9.05
MNSB,2007-08-09,9.1,9.29,9.1,9.29
MNSB,2007-08-10,9.1,9.1,9.1,9.1
MNSB,2007-08-13,9.1,9.1,9.1,9.1
MNSB,2007-08-14,9.52,9.52,9.1,9.1
MNSB,2007-08-15,9.19,9.19,9.19,9.19
MNSB,2007-08-16,9.19,9.19,9.19,9.19
MNSB,2007-08-17,9.19,9.19,9.19,9.19
MNSB,2007-08-20,9.19,9.19,9.19,9.19
MNSB,2007-08-21,9.1,9.19,9.1,9.19
MNSB,2007-08-22,9.19,9.19,9.19,9.19
MNSB,2007-08-23,9.19,9.19,9.19,9.19
MNSB,2007-08-24,9.19,9.19,9.19,9.19
MNSB,2007-08-27,9.19,9.19,9.19,9.19
MNSB,2007-08-28,9.38,9.38,9.38,9.38
MNSB,2007-08-29,9.38,9.38,9.38,9.38
MNSB,2007-08-30,9.38,9.38,9.38,9.38
MNSB,2007-08-31,9.38,9.38,9.38,9.38
MNSB,2007-09-04,9.38,9.38,9.38,9.38
MNSB,2007-09-05,9.14,9.14,9.14,9.14
MNSB,2007-09-06,9.14,9.14,9.14,9.14
MNSB,2007-09-07,9.14,9.14,9.14,9.14
MNSB,2007-09-10,9.14,9.14,9.14,9.14
MNSB,2007-09-11,9.14,9.14,9.14,9.14
MNSB,2007-09-12,9.14,9.14,9.14,9.14
MNSB,2007-09-13,9.14,9.14,9.14,9.14
MNSB,2007-09-14,9.29,9.29,9.29,9.29
MNSB,2007-09-17,9.57,9.62,9.43,9.62
MNSB,2007-09-18,9.62,9.62,9.62,9.62
MNSB,2007-09-19,9.62,9.62,9.62,9.62
MNSB,2007-09-20,9.62,9.62,9.62,9.62
MNSB,2007-09-21,9.81,9.81,9.81,9.81
MNSB,2007-09-24,9.81,9.81,9.81,9.81
MNSB,2007-09-25,9.71,9.71,9.71,9.71
MNSB,2007-09-26,9.71,9.71,9.71,9.71
MNSB,2007-09-27,9.71,9.71,9.71,9.71
MNSB,2007-09-28,9.24,9.38,9.24,9.38
MNSB,2007-10-01,9.38,9.38,9.38,9.38
MNSB,2007-10-02,9.38,9.38,9.38,9.38
MNSB,2007-10-03,9.38,9.38,9.38,9.38
MNSB,2007-10-04,9.24,9.24,9.24,9.24
MNSB,2007-10-05,9.24,9.24,9.24,9.24
MNSB,2007-10-08,9.24,9.24,9.24,9.24
MNSB,2007-10-09,9.24,9.24,9.24,9.24
MNSB,2007-10-10,9.24,9.24,9.24,9.24
MNSB,2007-10-11,9.33,9.38,9.33,9.35
MNSB,2007-10-12,9.35,9.35,9.35,9.35
MNSB,2007-10-15,9.38,9.38,9.38,9.38
MNSB,2007-10-16,9.38,9.38,9.38,9.38
MNSB,2007-10-17,9.38,9.38,9.38,9.38
MNSB,2007-10-18,9.38,9.38,9.38,9.38
MNSB,2007-10-19,9.48,9.48,9.48,9.48
MNSB,2007-10-22,9.38,9.38,8.9,8.9
MNSB,2007-10-23,8.9,8.9,8.9,8.9
MNSB,2007-10-24,8.9,9.05,8.57,8.57
MNSB,2007-10-25,8.57,8.57,8.57,8.57
MNSB,2007-10-26,8.57,8.57,8.57,8.57
MNSB,2007-10-29,8.57,8.57,8.57,8.57
MNSB,2007-10-30,8.57,8.57,8.57,8.57
MNSB,2007-10-31,8.57,8.57,8.57,8.57
MNSB,2007-11-01,8.57,8.57,8.57,8.57
MNSB,2007-11-02,8.27,8.27,8.05,8.05
MNSB,2007-11-05,8.05,8.05,8.05,8.05
MNSB,2007-11-06,8.05,8.05,8.05,8.05
MNSB,2007-11-07,8.05,8.05,8.05,8.05
MNSB,2007-11-08,8.05,8.05,8.05,8.05
MNSB,2007-11-09,8.05,8.05,8.05,8.05
MNSB,2007-11-12,8.05,8.05,8.05,8.05
MNSB,2007-11-13,8.05,8.05,8.05,8.05
MNSB,2007-11-14,8.05,8.05,8.05,8.05
MNSB,2007-11-15,8.05,8.05,8.05,8.05
MNSB,2007-11-16,8.05,8.05,8.05,8.05
MNSB,2007-11-19,7.84,7.84,7.84,7.84
MNSB,2007-11-20,8.05,8.05,7.86,7.95
MNSB,2007-11-21,7.95,7.95,7.95,7.95
MNSB,2007-11-23,7.95,7.95,7.95,7.95
MNSB,2007-11-26,7.95,7.95,7.95,7.95
MNSB,2007-11-27,7.95,7.95,7.95,7.95
MNSB,2007-11-28,7.95,7.95,7.95,7.95
MNSB,2007-11-29,7.95,7.95,7.95,7.95
MNSB,2007-11-30,7.95,7.95,7.95,7.95
MNSB,2007-12-03,7.84,7.84,6.71,6.71
MNSB,2007-12-04,7.14,7.14,7.14,7.14
MNSB,2007-12-05,7.81,7.81,7.48,7.48
MNSB,2007-12-06,7.48,7.48,7.48,7.48
MNSB,2007-12-07,7.57,7.57,7.38,7.38
MNSB,2007-12-10,7.38,7.38,7.38,7.38
MNSB,2007-12-11,7.29,7.29,7.14,7.29
MNSB,2007-12-12,7.57,7.84,7.57,7.84
MNSB,2007-12-13,7.86,7.86,7.86,7.86
MNSB,2007-12-14,7.86,7.86,7.86,7.86
MNSB,2007-12-17,7.86,7.86,7.86,7.86
MNSB,2007-12-18,7.86,7.86,7.86,7.86
MNSB,2007-12-19,7.86,7.86,7.86,7.86
MNSB,2007-12-20,7.67,7.67,7.63,7.63
MNSB,2007-12-21,7.38,7.38,7.29,7.29
MNSB,2007-12-24,7.29,7.38,7.29,7.38
MNSB,2007-12-26,7.14,7.14,7.05,7.14
MNSB,2007-12-27,7.14,7.14,7.14,7.14
MNSB,2007-12-28,6.9,6.9,6.71,6.81
MNSB,2007-12-31,7.05,7.86,7.05,7.86
MNSB,2008-01-02,7.86,7.86,7.86,7.86
MNSB,2008-01-03,7.81,7.86,7.81,7.86
MNSB,2008-01-04,7.86,7.86,7.86,7.86
MNSB,2008-01-07,7.86,7.86,7.86,7.86
MNSB,2008-01-08,7.86,7.86,7.86,7.86
MNSB,2008-01-09,7.48,7.48,7.05,7.05
MNSB,2008-01-10,7.05,7.05,7.05,7.05
MNSB,2008-01-11,7.05,7.05,7.05,7.05
MNSB,2008-01-14,7.05,7.05,7.05,7.05
MNSB,2008-01-15,7.05,7.05,7.05,7.05
MNSB,2008-01-16,7.05,7.05,7.0,7.05
MNSB,2008-01-17,7.05,7.05,7.05,7.05
MNSB,2008-01-18,7.05,7.05,7.05,7.05
MNSB,2008-01-22,6.95,6.95,6.95,6.95
MNSB,2008-01-23,6.95,6.95,6.95,6.95
MNSB,2008-01-24,6.72,6.95,6.72,6.95
MNSB,2008-01-25,6.95,6.95,6.95,6.95
MNSB,2008-01-28,6.95,6.95,6.95,6.95
MNSB,2008-01-29,6.95,6.95,6.95,6.95
MNSB,2008-01-30,6.95,6.95,6.95,6.95
MNSB,2008-01-31,6.95,6.95,6.95,6.95
MNSB,2008-02-01,6.95,6.95,6.95,6.95
MNSB,2008-02-04,6.95,6.95,6.95,6.95
MNSB,2008-02-05,6.95,6.95,6.95,6.95
MNSB,2008-02-06,6.95,6.95,6.95,6.95
MNSB,2008-02-07,6.78,6.78,6.76,6.76
MNSB,2008-02-08,6.76,6.76,6.76,6.76
MNSB,2008-02-11,6.77,6.77,6.77,6.77
MNSB,2008-02-12,6.77,6.77,6.77,6.77
MNSB,2008-02-13,6.77,6.77,6.77,6.77
MNSB,2008-02-14,6.77,6.77,6.77,6.77
MNSB,2008-02-15,6.77,6.77,6.77,6.77
MNSB,2008-02-19,6.9,6.91,6.9,6.91
MNSB,2008-02-20,6.92,6.92,6.92,6.92
MNSB,2008-02-21,7.0,7.0,7.0,7.0
MNSB,2008-02-22,7.0,7.0,7.0,7.0
MNSB,2008-02-25,7.0,7.0,7.0,7.0
MNSB,2008-02-26,7.0,7.0,7.0,7.0
MNSB,2008-02-27,7.0,7.0,7.0,7.0
MNSB,2008-02-28,7.0,7.1,7.0,7.1
MNSB,2008-02-29,7.01,7.1,7.01,7.1
MNSB,2008-03-03,7.05,7.05,7.05,7.05
MNSB,2008-03-04,7.05,7.05,7.05,7.05
MNSB,2008-03-05,7.1,7.1,7.1,7.1
MNSB,2008-03-06,7.1,7.1,7.1,7.1
MNSB,2008-03-07,7.1,7.1,7.05,7.05
MNSB,2008-03-10,7.05,7.05,7.05,7.05
MNSB,2008-03-11,7.05,7.05,7.05,7.05
MNSB,2008-03-12,6.97,6.97,6.95,6.95
MNSB,2008-03-13,6.95,6.95,6.95,6.95
MNSB,2008-03-14,6.95,6.95,6.95,6.95
MNSB,2008-03-17,6.95,6.95,6.76,6.76
MNSB,2008-03-18,6.76,6.76,6.76,6.76
MNSB,2008-03-19,6.76,6.76,6.76,6.76
MNSB,2008-03-20,6.76,6.76,6.76,6.76
MNSB,2008-03-24,6.76,6.76,6.76,6.76
MNSB,2008-03-25,6.76,6.76,6.76,6.76
MNSB,2008-03-26,6.76,6.76,6.76,6.76
MNSB,2008-03-27,6.76,6.86,6.76,6.76
MNSB,2008-03-28,6.76,6.76,6.76,6.76
MNSB,2008-03-31,7.0,7.14,7.0,7.14
MNSB,2008-04-01,7.52,7.52,7.52,7.52
MNSB,2008-04-02,7.52,7.52,7.52,7.52
MNSB,2008-04-03,7.52,7.52,7.52,7.52
MNSB,2008-04-04,7.52,7.52,7.52,7.52
MNSB,2008-04-07,7.52,7.52,7.52,7.52
MNSB,2008-04-08,7.52,7.52,7.52,7.52
MNSB,2008-04-09,7.52,7.52,7.52,7.52
MNSB,2008-04-10,7.52,7.52,7.52,7.52
MNSB,2008-04-11,7.52,7.52,7.52,7.52
MNSB,2008-04-14,7.52,7.52,7.52,7.52
MNSB,2008-04-15,6.9,8.1,6.9,7.52
MNSB,2008-04-16,7.52,7.52,7.52,7.52
MNSB,2008-04-17,7.52,7.52,7.52,7.52
MNSB,2008-04-18,7.52,7.52,7.52,7.52
MNSB,2008-04-21,7.52,7.52,7.52,7.52
MNSB,2008-04-22,7.52,7.52,7.52,7.52
MNSB,2008-04-23,7.52,7.52,7.52,7.52
MNSB,2008-04-24,7.86,7.86,7.86,7.86
MNSB,2008-04-25,7.86,7.86,7.86,7.86
MNSB,2008-04-28,7.86,7.86,7.86,7.86
MNSB,2008-04-29,7.86,7.86,7.86,7.86
MNSB,2008-04-30,7.86,7.86,7.86,7.86
MNSB,2008-05-01,7.86,7.86,7.86,7.86
MNSB,2008-05-02,7.86,7.86,7.86,7.86
MNSB,2008-05-05,7.86,7.86,7.86,7.86
MNSB,2008-05-06,7.86,7.86,7.86,7.86
MNSB,2008-05-07,7.86,7.86,7.86,7.86
MNSB,2008-05-08,7.86,7.86,7.86,7.86
MNSB,2008-05-09,7.86,7.86,7.52,7.63
MNSB,2008-05-12,7.63,7.63,7.63,7.63
MNSB,2008-05-13,7.62,7.62,7.61,7.61
MNSB,2008-05-14,7.61,7.61,7.61,7.61
MNSB,2008-05-15,7.62,7.62,7.62,7.62
MNSB,2008-05-16,7.62,7.62,7.62,7.62
MNSB,2008-05-19,7.62,7.62,7.62,7.62
MNSB,2008-05-20,7.62,7.62,7.62,7.62
MNSB,2008-05-21,7.62,7.62,7.62,7.62
MNSB,2008-05-22,7.62,7.62,7.62,7.62
MNSB,2008-05-23,7.62,7.62,7.62,7.62
MNSB,2008-05-27,7.62,7.62,7.62,7.62
MNSB,2008-05-28,7.62,7.62,7.62,7.62
MNSB,2008-05-29,7.62,7.62,7.62,7.62
MNSB,2008-05-30,7.48,7.48,7.43,7.43
MNSB,2008-06-02,7.52,7.52,7.38,7.38
MNSB,2008-06-03,7.38,7.38,7.38,7.38
MNSB,2008-06-04,7.14,7.14,7.14,7.14
MNSB,2008-06-05,7.14,7.14,7.1,7.1
MNSB,2008-06-06,7.1,7.1,6.95,6.95
MNSB,2008-06-09,6.95,6.95,6.95,6.95
MNSB,2008-06-10,7.14,7.19,7.14,7.19
MNSB,2008-06-11,7.14,7.14,6.95,6.95
MNSB,2008-06-12,6.95,6.95,6.95,6.95
MNSB,2008-06-13,6.9,6.9,6.9,6.9
MNSB,2008-06-16,6.86,6.86,6.67,6.86
MNSB,2008-06-17,6.86,6.86,6.86,6.86
MNSB,2008-06-18,6.86,6.86,6.86,6.86
MNSB,2008-06-19,6.67,6.67,6.67,6.67
MNSB,2008-06-20,6.67,6.67,6.67,6.67
MNSB,2008-06-23,6.67,6.67,6.67,6.67
MNSB,2008-06-24,6.67,6.67,6.67,6.67
MNSB,2008-06-25,6.67,6.67,6.67,6.67
MNSB,2008-06-26,6.67,6.67,6.67,6.67
MNSB,2008-06-27,6.67,6.67,6.67,6.67
MNSB,2008-06-30,6.67,6.67,6.67,6.67
MNSB,2008-07-01,6.67,6.67,6.67,6.67
MNSB,2008-07-02,6.67,6.67,6.67,6.67
MNSB,2008-07-03,6.67,6.67,6.67,6.67
MNSB,2008-07-07,6.67,6.67,6.67,6.67
MNSB,2008-07-08,6.67,6.67,6.67,6.67
MNSB,2008-07-09,6.48,6.48,6.48,6.48
MNSB,2008-07-10,5.76,5.95,5.71,5.95
MNSB,2008-07-11,5.95,5.95,5.95,5.95
MNSB,2008-07-14,5.81,5.81,5.71,5.71
MNSB,2008-07-15,5.71,5.71,5.71,5.71
MNSB,2008-07-16,5.71,5.71,5.71,5.71
MNSB,2008-07-17,5.71,5.71,5.71,5.71
MNSB,2008-07-18,5.71,5.71,5.71,5.71
MNSB,2008-07-21,5.81,5.81,5.81,5.81
MNSB,2008-07-22,5.81,5.81,5.81,5.81
MNSB,2008-07-23,5.81,5.81,5.81,5.81
MNSB,2008-07-24,5.76,5.76,5.76,5.76
MNSB,2008-07-25,5.76,5.76,5.76,5.76
MNSB,2008-07-28,6.24,6.71,6.24,6.71
MNSB,2008-07-29,6.71,6.71,6.71,6.71
MNSB,2008-07-30,6.67,6.9,6.67,6.9
MNSB,2008-07-31,6.86,6.9,6.86,6.9
MNSB,2008-08-01,6.9,6.9,6.9,6.9
MNSB,2008-08-04,6.9,6.9,6.9,6.9
MNSB,2008-08-05,6.9,6.9,6.9,6.9
MNSB,2008-08-06,6.9,6.9,6.9,6.9
MNSB,2008-08-07,6.9,6.9,6.9,6.9
MNSB,2008-08-08,6.9,6.9,6.9,6.9
MNSB,2008-08-11,6.86,6.95,5.95,5.95
MNSB,2008-08-12,5.95,5.95,5.95,5.95
MNSB,2008-08-13,5.95,5.95,5.95,5.95
MNSB,2008-08-14,6.19,6.19,6.19,6.19
MNSB,2008-08-15,6.19,6.19,6.19,6.19
MNSB,2008-08-18,6.62,6.62,6.38,6.38
MNSB,2008-08-19,6.38,6.38,6.38,6.38
MNSB,2008-08-20,6.19,6.19,6.19,6.19
MNSB,2008-08-21,6.19,6.19,6.19,6.19
MNSB,2008-08-22,6.19,6.19,6.19,6.19
MNSB,2008-08-25,6.19,6.19,6.19,6.19
MNSB,2008-08-26,6.0,6.01,5.9,6.01
MNSB,2008-08-27,6.01,6.01,6.01,6.01
MNSB,2008-08-28,6.01,6.01,6.01,6.01
MNSB,2008-08-29,5.81,5.81,5.81,5.81
MNSB,2008-09-02,5.81,5.81,5.81,5.81
MNSB,2008-09-03,5.81,5.81,5.81,5.81
MNSB,2008-09-04,5.81,5.81,5.81,5.81
MNSB,2008-09-05,5.81,5.81,5.81,5.81
MNSB,2008-09-08,5.81,5.81,5.81,5.81
MNSB,2008-09-09,5.81,5.81,5.81,5.81
MNSB,2008-09-10,5.81,5.81,5.81,5.81
MNSB,2008-09-11,5.81,5.81,5.81,5.81
MNSB,2008-09-12,5.81,5.81,5.81,5.81
MNSB,2008-09-15,5.77,5.77,5.77,5.77
MNSB,2008-09-16,5.77,5.77,5.77,5.77
MNSB,2008-09-17,5.77,5.77,5.77,5.77
MNSB,2008-09-18,5.77,5.77,5.77,5.77
MNSB,2008-09-19,6.0,6.0,6.0,6.0
MNSB,2008-09-22,5.77,5.77,5.77,5.77
MNSB,2008-09-23,5.9,5.9,5.9,5.9
MNSB,2008-09-24,5.9,5.9,5.9,5.9
MNSB,2008-09-25,6.19,6.19,6.14,6.14
MNSB,2008-09-26,6.14,6.14,6.14,6.14
MNSB,2008-09-29,5.81,5.81,5.71,5.71
MNSB,2008-09-30,5.71,5.71,5.71,5.71
MNSB,2008-10-01,5.71,5.71,5.71,5.71
MNSB,2008-10-02,5.71,5.71,5.71,5.71
MNSB,2008-10-03,5.71,5.71,5.71,5.71
MNSB,2008-10-06,5.48,5.48,5.33,5.33
MNSB,2008-10-07,5.33,5.33,5.33,5.33
MNSB,2008-10-08,5.33,5.33,5.33,5.33
MNSB,2008-10-09,5.33,5.33,5.33,5.33
MNSB,2008-10-10,5.29,5.29,5.24,5.24
MNSB,2008-10-13,5.24,5.24,5.24,5.24
MNSB,2008-10-14,5.24,5.24,5.24,5.24
MNSB,2008-10-15,5.95,5.95,4.01,4.01
MNSB,2008-10-16,4.01,4.01,4.01,4.01
MNSB,2008-10-17,4.01,4.01,4.01,4.01
MNSB,2008-10-20,5.95,5.95,5.95,5.95
MNSB,2008-10-21,5.95,5.95,5.95,5.95
MNSB,2008-10-22,5.0,5.0,4.29,4.76
MNSB,2008-10-23,4.76,4.76,4.76,4.76
MNSB,2008-10-24,4.29,4.52,4.29,4.52
MNSB,2008-10-27,4.52,4.76,4.52,4.76
MNSB,2008-10-28,4.76,4.76,4.29,4.29
MNSB,2008-10-29,4.29,4.29,4.29,4.29
MNSB,2008-10-30,4.38,4.38,4.38,4.38
MNSB,2008-10-31,4.38,4.38,4.38,4.38
MNSB,2008-11-03,4.38,4.38,4.38,4.38
MNSB,2008-11-04,4.38,4.38,4.38,4.38
MNSB,2008-11-05,4.38,4.38,4.38,4.38
MNSB,2008-11-06,4.95,4.95,4.95,4.95
MNSB,2008-11-07,4.95,4.95,4.95,4.95
MNSB,2008-11-10,4.95,4.95,4.95,4.95
MNSB,2008-11-11,4.95,4.95,4.95,4.95
MNSB,2008-11-12,4.95,4.95,4.95,4.95
MNSB,2008-11-13,4.95,4.95,4.95,4.95
MNSB,2008-11-14,5.95,5.95,5.9,5.9
MNSB,2008-11-17,5.9,5.9,5.9,5.9
MNSB,2008-11-18,5.9,5.9,5.9,5.9
MNSB,2008-11-19,5.9,5.9,5.9,5.9
MNSB,2008-11-20,5.9,5.9,5.9,5.9
MNSB,2008-11-21,5.9,5.9,5.9,5.9
MNSB,2008-11-24,5.9,5.9,5.9,5.9
MNSB,2008-11-25,5.9,5.9,5.9,5.9
MNSB,2008-11-26,5.9,5.9,5.9,5.9
MNSB,2008-11-28,5.9,5.9,5.9,5.9
MNSB,2008-12-01,5.9,5.9,5.9,5.9
MNSB,2008-12-02,5.9,5.9,5.9,5.9
MNSB,2008-12-03,5.24,5.24,5.24,5.24
MNSB,2008-12-04,4.95,4.95,4.76,4.76
MNSB,2008-12-05,4.76,4.76,4.76,4.76
MNSB,2008-12-08,4.76,4.76,4.76,4.76
MNSB,2008-12-09,4.76,4.76,4.76,4.76
MNSB,2008-12-10,5.0,5.0,5.0,5.0
MNSB,2008-12-11,5.0,5.0,5.0,5.0
MNSB,2008-12-12,5.71,5.71,5.71,5.71
MNSB,2008-12-15,5.71,5.71,5.71,5.71
MNSB,2008-12-16,5.71,5.71,5.71,5.71
MNSB,2008-12-17,5.71,5.71,5.71,5.71
MNSB,2008-12-18,5.62,5.62,5.62,5.62
MNSB,2008-12-19,4.76,4.76,4.76,4.76
MNSB,2008-12-22,4.76,4.76,4.76,4.76
MNSB,2008-12-23,4.76,4.76,4.76,4.76
MNSB,2008-12-24,4.76,4.76,4.76,4.76
MNSB,2008-12-26,4.76,4.76,4.76,4.76
MNSB,2008-12-29,4.76,4.76,4.76,4.76
MNSB,2008-12-30,4.76,4.76,4.76,4.76
MNSB,2008-12-31,4.76,4.76,4.76,4.76
MNSB,2009-01-02,4.76,4.76,4.76,4.76
MNSB,2009-01-05,4.76,4.76,4.76,4.76
MNSB,2009-01-06,4.76,4.76,4.76,4.76
MNSB,2009-01-07,4.76,4.76,4.76,4.76
MNSB,2009-01-08,4.76,4.76,4.76,4.76
MNSB,2009-01-09,4.76,4.76,4.76,4.76
MNSB,2009-01-12,4.76,4.76,4.76,4.76
MNSB,2009-01-13,4.76,4.76,4.76,4.76
MNSB,2009-01-14,4.76,4.76,4.76,4.76
MNSB,2009-01-15,4.76,4.76,4.76,4.76
MNSB,2009-01-16,4.76,4.76,4.76,4.76
MNSB,2009-01-20,4.76,4.76,4.76,4.76
MNSB,2009-01-21,4.76,4.76,4.76,4.76
MNSB,2009-01-22,4.76,4.76,4.76,4.76
MNSB,2009-01-23,4.76,4.76,4.76,4.76
MNSB,2009-01-26,4.76,4.76,4.76,4.76
MNSB,2009-01-27,4.76,4.76,4.76,4.76
MNSB,2009-01-28,4.76,4.76,4.76,4.76
MNSB,2009-01-29,4.95,4.95,4.86,4.86
MNSB,2009-01-30,4.86,4.86,4.86,4.86
MNSB,2009-02-02,4.86,4.86,4.86,4.86
MNSB,2009-02-03,4.86,4.86,4.86,4.86
MNSB,2009-02-04,4.86,4.86,4.86,4.86
MNSB,2009-02-05,4.86,4.86,4.86,4.86
MNSB,2009-02-06,4.86,4.86,4.86,4.86
MNSB,2009-02-09,4.86,4.86,4.86,4.86
MNSB,2009-02-10,4.86,4.86,4.86,4.86
MNSB,2009-02-11,4.48,4.48,4.29,4.29
MNSB,2009-02-12,4.29,4.29,4.29,4.29
MNSB,2009-02-13,4.29,4.29,4.29,4.29
MNSB,2009-02-17,4.29,4.29,4.29,4.29
MNSB,2009-02-18,4.29,4.29,4.29,4.29
MNSB,2009-02-19,4.29,4.29,4.29,4.29
MNSB,2009-02-20,4.29,4.29,4.29,4.29
MNSB,2009-02-23,4.29,4.29,4.29,4.29
MNSB,2009-02-24,4.29,4.29,4.29,4.29
MNSB,2009-02-25,4.29,4.29,4.29,4.29
MNSB,2009-02-26,4.29,4.29,4.29,4.29
MNSB,2009-02-27,4.29,4.29,4.29,4.29
MNSB,2009-03-02,4.24,4.24,4.24,4.24
MNSB,2009-03-03,4.24,4.24,4.24,4.24
MNSB,2009-03-04,4.24,4.24,4.24,4.24
MNSB,2009-03-05,3.86,3.86,2.9,3.81
MNSB,2009-03-06,3.81,3.86,3.81,3.81
MNSB,2009-03-09,3.81,3.81,3.81,3.81
MNSB,2009-03-10,3.81,3.81,3.33,3.34
MNSB,2009-03-11,3.34,3.34,3.34,3.34
MNSB,2009-03-12,3.34,3.34,3.34,3.34
MNSB,2009-03-13,3.9,4.05,3.57,4.05
MNSB,2009-03-16,4.05,4.05,4.05,4.05
MNSB,2009-03-17,3.52,3.52,3.52,3.52
MNSB,2009-03-18,3.52,3.52,3.52,3.52
MNSB,2009-03-19,3.52,3.52,3.52,3.52
MNSB,2009-03-20,3.52,3.52,3.52,3.52
MNSB,2009-03-23,3.52,3.52,3.52,3.52
MNSB,2009-03-24,3.52,3.52,3.52,3.52
MNSB,2009-03-25,3.52,3.52,3.52,3.52
MNSB,2009-03-26,3.52,3.52,3.52,3.52
MNSB,2009-03-27,3.52,3.52,3.52,3.52
MNSB,2009-03-30,3.52,3.52,3.52,3.52
MNSB,2009-03-31,3.52,3.52,3.52,3.52
MNSB,2009-04-01,3.52,3.52,3.52,3.52
MNSB,2009-04-02,3.52,3.52,3.52,3.52
MNSB,2009-04-03,4.05,4.05,3.81,4.05
MNSB,2009-04-06,4.05,4.05,4.05,4.05
MNSB,2009-04-07,4.05,4.05,4.05,4.05
MNSB,2009-04-08,4.05,4.05,4.05,4.05
MNSB,2009-04-09,4.05,4.05,4.05,4.05
MNSB,2009-04-13,4.05,4.05,4.05,4.05
MNSB,2009-04-14,4.05,4.05,4.05,4.05
MNSB,2009-04-15,4.05,4.05,4.05,4.05
MNSB,2009-04-16,4.29,4.67,4.29,4.29
MNSB,2009-04-17,4.71,4.71,4.71,4.71
MNSB,2009-04-20,4.33,4.38,4.29,4.38
MNSB,2009-04-21,4.38,4.38,4.38,4.38
MNSB,2009-04-22,4.38,4.38,4.38,4.38
MNSB,2009-04-23,4.38,4.38,4.38,4.38
MNSB,2009-04-24,4.38,4.38,4.38,4.38
MNSB,2009-04-27,4.38,4.38,4.38,4.38
MNSB,2009-04-28,4.38,4.38,4.38,4.38
MNSB,2009-04-29,4.76,4.76,4.76,4.76
MNSB,2009-04-30,4.76,4.76,4.76,4.76
MNSB,2009-05-01,4.76,4.76,4.76,4.76
MNSB,2009-05-04,4.76,4.76,4.76,4.76
MNSB,2009-05-05,4.76,4.76,4.76,4.76
MNSB,2009-05-06,5.0,5.0,5.0,5.0
MNSB,2009-05-07,5.0,5.0,5.0,5.0
MNSB,2009-05-08,5.0,5.0,5.0,5.0
MNSB,2009-05-11,5.0,5.0,5.0,5.0
MNSB,2009-05-12,5.0,5.0,5.0,5.0
MNSB,2009-05-13,4.76,4.9,4.76,4.86
MNSB,2009-05-14,4.86,4.86,4.86,4.86
MNSB,2009-05-15,5.14,5.14,4.76,4.76
MNSB,2009-05-18,4.95,4.95,4.95,4.95
MNSB,2009-05-19,4.95,4.95,4.95,4.95
MNSB,2009-05-20,4.95,4.95,4.95,4.95
MNSB,2009-05-21,4.95,4.95,4.95,4.95
MNSB,2009-05-22,4.95,4.95,4.95,4.95
MNSB,2009-05-26,5.05,5.05,5.05,5.05
MNSB,2009-05-27,5.05,5.05,5.05,5.05
MNSB,2009-05-28,5.05,5.05,5.05,5.05
MNSB,2009-05-29,5.05,5.05,5.05,5.05
MNSB,2009-06-01,5.05,5.05,5.05,5.05
MNSB,2009-06-02,5.05,5.05,5.05,5.05
MNSB,2009-06-03,5.05,5.05,4.76,4.9
MNSB,2009-06-04,4.76,4.81,4.76,4.81
MNSB,2009-06-05,4.86,4.86,4.76,4.81
MNSB,2009-06-08,4.81,4.81,4.81,4.81
MNSB,2009-06-09,4.81,4.81,4.81,4.81
MNSB,2009-06-10,4.81,4.81,4.81,4.81
MNSB,2009-06-11,4.81,4.81,4.81,4.81
MNSB,2009-06-12,4.76,4.76,4.76,4.76
MNSB,2009-06-15,4.76,4.76,4.76,4.76
MNSB,2009-06-16,4.76,4.76,4.76,4.76
MNSB,2009-06-17,4.76,4.76,4.76,4.76
MNSB,2009-06-18,4.76,4.76,4.76,4.76
MNSB,2009-06-19,4.76,4.79,4.76,4.79
MNSB,2009-06-22,4.79,4.79,4.79,4.79
MNSB,2009-06-23,4.79,4.79,4.79,4.79
MNSB,2009-06-24,4.79,4.79,4.79,4.79
MNSB,2009-06-25,4.79,4.79,4.79,4.79
MNSB,2009-06-26,4.79,4.79,4.79,4.79
MNSB,2009-06-29,4.79,4.79,4.79,4.79
MNSB,2009-06-30,4.79,4.79,4.79,4.79
MNSB,2009-07-01,4.79,4.79,4.79,4.79
MNSB,2009-07-02,4.79,4.79,4.79,4.79
MNSB,2009-07-06,4.79,4.79,4.79,4.79
MNSB,2009-07-07,4.79,4.79,4.79,4.79
MNSB,2009-07-08,4.79,4.79,4.79,4.79
MNSB,2009-07-09,4.79,4.79,4.79,4.79
MNSB,2009-07-10,4.79,4.79,4.79,4.79
MNSB,2009-07-13,4.79,4.79,4.79,4.79
MNSB,2009-07-14,4.79,4.79,4.79,4.79
MNSB,2009-07-15,4.81,4.81,4.72,4.76
MNSB,2009-07-16,4.76,4.76,4.76,4.76
MNSB,2009-07-17,4.76,4.76,4.76,4.76
MNSB,2009-07-20,4.76,4.76,4.76,4.76
MNSB,2009-07-21,4.76,4.76,4.76,4.76
MNSB,2009-07-22,4.76,4.76,4.76,4.76
MNSB,2009-07-23,4.76,4.76,4.76,4.76
MNSB,2009-07-24,4.76,4.76,4.76,4.76
MNSB,2009-07-27,4.76,4.76,4.76,4.76
MNSB,2009-07-28,4.76,4.76,4.76,4.76
MNSB,2009-07-29,4.76,4.76,4.76,4.76
MNSB,2009-07-30,4.76,4.76,4.76,4.76
MNSB,2009-07-31,4.76,4.76,4.76,4.76
MNSB,2009-08-03,4.76,4.76,4.76,4.76
MNSB,2009-08-04,4.76,4.76,4.76,4.76
MNSB,2009-08-05,4.76,4.76,4.76,4.76
MNSB,2009-08-06,5.24,5.24,5.24,5.24
MNSB,2009-08-07,5.24,5.24,5.24,5.24
MNSB,2009-08-10,5.24,5.24,5.24,5.24
MNSB,2009-08-11,5.24,5.24,5.24,5.24
MNSB,2009-08-12,5.24,5.24,5.24,5.24
MNSB,2009-08-13,5.24,5.24,5.24,5.24
MNSB,2009-08-14,5.29,5.48,5.29,5.48
MNSB,2009-08-17,6.19,6.57,6.1,6.1
MNSB,2009-08-18,6.1,6.1,6.1,6.1
MNSB,2009-08-19,6.1,6.1,6.1,6.1
MNSB,2009-08-20,6.1,6.1,6.1,6.1
MNSB,2009-08-21,6.1,6.1,5.95,6.1
MNSB,2009-08-24,6.1,6.1,6.1,6.1
MNSB,2009-08-25,6.1,6.1,6.1,6.1
MNSB,2009-08-26,6.1,6.1,6.1,6.1
MNSB,2009-08-27,6.1,6.1,6.1,6.1
MNSB,2009-08-28,6.1,6.1,6.1,6.1
MNSB,2009-08-31,6.1,6.1,6.05,6.05
MNSB,2009-09-01,6.1,6.1,6.1,6.1
MNSB,2009-09-02,5.48,5.48,5.19,5.19
MNSB,2009-09-03,5.38,5.38,5.38,5.38
MNSB,2009-09-04,5.38,5.38,5.38,5.38
MNSB,2009-09-08,6.0,6.0,6.0,6.0
MNSB,2009-09-09,6.0,6.0,5.95,5.95
MNSB,2009-09-10,6.1,6.9,6.05,6.9
MNSB,2009-09-11,6.05,6.05,6.05,6.05
MNSB,2009-09-14,6.05,6.05,6.05,6.05
MNSB,2009-09-15,6.1,6.14,5.48,6.14
MNSB,2009-09-16,6.14,6.19,6.14,6.19
MNSB,2009-09-17,6.14,6.14,6.14,6.14
MNSB,2009-09-18,6.14,6.14,6.14,6.14
MNSB,2009-09-21,6.14,6.14,6.14,6.14
MNSB,2009-09-22,5.71,5.71,5.71,5.71
MNSB,2009-09-23,5.71,5.71,5.71,5.71
MNSB,2009-09-24,5.71,5.71,5.71,5.71
MNSB,2009-09-25,5.71,5.71,5.71,5.71
MNSB,2009-09-28,5.71,5.71,5.71,5.71
MNSB,2009-09-29,5.71,5.71,5.71,5.71
MNSB,2009-09-30,5.48,5.71,5.48,5.71
MNSB,2009-10-01,5.71,5.71,5.71,5.71
MNSB,2009-10-02,5.38,5.38,5.38,5.38
MNSB,2009-10-05,5.76,6.14,5.76,6.14
MNSB,2009-10-06,6.24,6.24,5.67,5.67
MNSB,2009-10-07,5.67,5.67,5.67,5.67
MNSB,2009-10-08,5.67,5.67,5.67,5.67
MNSB,2009-10-09,5.67,5.67,5.67,5.67
MNSB,2009-10-12,5.67,5.67,5.38,5.38
MNSB,2009-10-13,5.95,5.95,5.62,5.62
MNSB,2009-10-14,5.95,5.95,5.95,5.95
MNSB,2009-10-15,5.95,5.95,5.95,5.95
MNSB,2009-10-16,5.95,5.95,5.95,5.95
MNSB,2009-10-19,5.95,5.95,5.95,5.95
MNSB,2009-10-20,5.71,5.71,5.71,5.71
MNSB,2009-10-21,5.71,5.71,5.71,5.71
MNSB,2009-10-22,5.71,5.71,5.71,5.71
MNSB,2009-10-23,6.05,6.05,5.71,5.71
MNSB,2009-10-26,5.71,5.71,5.71,5.71
MNSB,2009-10-27,5.48,5.81,5.48,5.81
MNSB,2009-10-28,5.81,5.81,5.81,5.81
MNSB,2009-10-29,5.81,5.81,5.81,5.81
MNSB,2009-10-30,5.71,5.71,5.71,5.71
MNSB,2009-11-02,5.71,5.71,5.71,5.71
MNSB,2009-11-03,5.71,5.71,5.71,5.71
MNSB,2009-11-04,5.62,5.62,5.62,5.62
MNSB,2009-11-05,5.1,5.62,5.1,5.1
MNSB,2009-11-06,5.1,5.1,5.1,5.1
MNSB,2009-11-09,5.1,5.1,5.1,5.1
MNSB,2009-11-10,5.62,5.71,5.62,5.71
MNSB,2009-11-11,5.71,5.71,5.71,5.71
MNSB,2009-11-12,5.1,5.1,5.1,5.1
MNSB,2009-11-13,5.1,5.1,5.1,5.1
MNSB,2009-11-16,5.52,5.52,5.52,5.52
MNSB,2009-11-17,5.57,5.57,5.57,5.57
MNSB,2009-11-18,5.57,5.57,5.57,5.57
MNSB,2009-11-19,5.57,5.57,5.57,5.57
MNSB,2009-11-20,5.57,5.57,5.57,5.57
MNSB,2009-11-23,5.57,5.57,5.57,5.57
MNSB,2009-11-24,5.57,5.57,5.57,5.57
MNSB,2009-11-25,5.38,5.38,5.38,5.38
MNSB,2009-11-27,5.38,5.38,5.38,5.38
MNSB,2009-11-30,5.37,5.38,5.33,5.33
MNSB,2009-12-01,5.33,5.33,5.33,5.33
MNSB,2009-12-02,5.33,5.33,5.33,5.33
MNSB,2009-12-03,5.24,5.24,5.1,5.1
MNSB,2009-12-04,5.1,5.1,5.1,5.1
MNSB,2009-12-07,5.1,5.1,5.1,5.1
MNSB,2009-12-08,5.1,5.1,5.1,5.1
MNSB,2009-12-09,5.1,5.1,5.1,5.1
MNSB,2009-12-10,5.1,5.1,5.1,5.1
MNSB,2009-12-11,5.1,5.1,5.1,5.1
MNSB,2009-12-14,5.38,5.38,5.38,5.38
MNSB,2009-12-15,5.71,5.71,5.71,5.71
MNSB,2009-12-16,5.71,5.71,5.71,5.71
MNSB,2009-12-17,4.86,5.48,4.76,5.48
MNSB,2009-12-18,5.48,5.48,5.48,5.48
MNSB,2009-12-21,5.48,5.48,5.48,5.48
MNSB,2009-12-22,5.48,5.48,5.48,5.48
MNSB,2009-12-23,5.48,5.48,5.48,5.48
MNSB,2009-12-24,5.48,5.48,5.48,5.48
MNSB,2009-12-28,5.48,5.71,5.48,5.71
MNSB,2009-12-29,5.71,5.71,5.71,5.71
MNSB,2009-12-30,5.29,5.29,5.29,5.29
MNSB,2009-12-31,6.43,6.43,4.76,4.81
MNSB,2010-01-04,5.71,5.71,5.71,5.71
MNSB,2010-01-05,5.71,5.71,5.71,5.71
MNSB,2010-01-06,5.71,5.71,5.71,5.71
MNSB,2010-01-07,5.71,5.71,5.71,5.71
MNSB,2010-01-08,5.71,5.71,5.71,5.71
MNSB,2010-01-11,5.71,5.71,5.71,5.71
MNSB,2010-01-12,5.71,5.71,5.71,5.71
MNSB,2010-01-13,5.71,5.71,5.71,5.71
MNSB,2010-01-14,5.71,5.71,5.71,5.71
MNSB,2010-01-15,5.71,5.71,5.71,5.71
MNSB,2010-01-19,5.71,5.71,5.71,5.71
MNSB,2010-01-20,5.71,5.71,5.71,5.71
MNSB,2010-01-21,6.38,6.38,6.38,6.38
MNSB,2010-01-22,6.38,6.38,6.38,6.38
MNSB,2010-01-25,6.38,6.38,6.38,6.38
MNSB,2010-01-26,6.38,6.38,6.38,6.38
MNSB,2010-01-27,5.48,5.48,5.48,5.48
MNSB,2010-01-28,6.05,6.05,6.05,6.05
MNSB,2010-01-29,6.05,6.05,6.05,6.05
MNSB,2010-02-01,6.05,6.05,6.05,6.05
MNSB,2010-02-02,6.05,6.05,6.05,6.05
MNSB,2010-02-03,6.05,6.05,6.05,6.05
MNSB,2010-02-04,6.19,6.38,6.19,6.38
MNSB,2010-02-05,6.26,6.26,6.26,6.26
MNSB,2010-02-08,6.26,6.26,6.26,6.26
MNSB,2010-02-09,6.26,6.26,6.26,6.26
MNSB,2010-02-10,6.26,6.26,6.26,6.26
MNSB,2010-02-11,6.26,6.26,6.26,6.26
MNSB,2010-02-12,6.26,6.26,6.26,6.26
MNSB,2010-02-16,5.95,6.38,5.95,6.38
MNSB,2010-02-17,6.38,6.38,6.38,6.38
MNSB,2010-02-18,6.38,6.38,6.38,6.38
MNSB,2010-02-19,6.38,6.38,6.38,6.38
MNSB,2010-02-22,6.38,6.38,6.38,6.38
MNSB,2010-02-23,6.29,6.29,6.29,6.29
MNSB,2010-02-24,6.29,6.29,6.29,6.29
MNSB,2010-02-25,6.29,6.29,6.29,6.29
MNSB,2010-02-26,6.29,6.29,6.29,6.29
MNSB,2010-03-01,6.29,6.29,6.29,6.29
MNSB,2010-03-02,6.62,6.62,6.62,6.62
MNSB,2010-03-03,5.9,5.9,5.1,5.1
MNSB,2010-03-04,5.71,5.71,5.71,5.71
MNSB,2010-03-05,5.71,5.71,5.71,5.71
MNSB,2010-03-08,5.81,5.81,5.81,5.81
MNSB,2010-03-09,5.81,5.81,5.14,5.14
MNSB,2010-03-10,5.81,5.81,5.81,5.81
MNSB,2010-03-11,5.71,5.71,5.71,5.71
MNSB,2010-03-12,5.71,5.71,5.71,5.71
MNSB,2010-03-15,5.71,5.71,5.71,5.71
MNSB,2010-03-16,5.71,5.71,5.71,5.71
MNSB,2010-03-17,5.71,5.71,5.71,5.71
MNSB,2010-03-18,5.71,5.71,5.71,5.71
MNSB,2010-03-19,5.71,5.71,5.71,5.71
MNSB,2010-03-22,5.71,5.71,5.71,5.71
MNSB,2010-03-23,6.43,6.43,6.43,6.43
MNSB,2010-03-24,6.43,6.43,6.43,6.43
MNSB,2010-03-25,6.52,6.52,6.52,6.52
MNSB,2010-03-26,6.62,6.62,6.61,6.61
MNSB,2010-03-29,6.61,6.61,6.61,6.61
MNSB,2010-03-30,6.61,6.61,6.61,6.61
MNSB,2010-03-31,6.61,6.61,6.61,6.61
MNSB,2010-04-01,5.71,5.71,5.71,5.71
MNSB,2010-04-05,5.62,5.62,5.62,5.62
MNSB,2010-04-06,5.62,5.62,5.62,5.62
MNSB,2010-04-07,5.62,5.62,5.62,5.62
MNSB,2010-04-08,5.62,5.62,5.62,5.62
MNSB,2010-04-09,5.62,5.62,5.62,5.62
MNSB,2010-04-12,5.62,5.62,5.62,5.62
MNSB,2010-04-13,5.62,5.62,5.62,5.62
MNSB,2010-04-14,5.62,5.62,5.62,5.62
MNSB,2010-04-15,5.62,5.62,5.62,5.62
MNSB,2010-04-16,5.62,5.62,5.62,5.62
MNSB,2010-04-19,5.62,5.62,5.62,5.62
MNSB,2010-04-20,5.62,5.62,5.62,5.62
MNSB,2010-04-21,6.43,6.61,6.43,6.61
MNSB,2010-04-22,5.38,5.38,5.38,5.38
MNSB,2010-04-23,5.48,5.48,5.48,5.48
MNSB,2010-04-26,5.57,5.57,5.57,5.57
MNSB,2010-04-27,5.57,5.57,5.57,5.57
MNSB,2010-04-28,5.57,5.57,5.57,5.57
MNSB,2010-04-29,5.57,5.57,5.57,5.57
MNSB,2010-04-30,6.6,6.6,6.6,6.6
MNSB,2010-05-03,6.6,6.6,6.6,6.6
MNSB,2010-05-04,6.6,6.6,6.6,6.6
MNSB,2010-05-05,6.6,6.6,6.6,6.6
MNSB,2010-05-06,6.6,6.6,6.6,6.6
MNSB,2010-05-07,6.6,6.6,6.6,6.6
MNSB,2010-05-10,6.6,6.6,6.6,6.6
MNSB,2010-05-11,6.6,6.6,6.6,6.6
MNSB,2010-05-12,6.6,6.6,6.6,6.6
MNSB,2010-05-13,6.6,6.6,6.6,6.6
MNSB,2010-05-14,6.6,6.6,6.6,6.6
MNSB,2010-05-17,6.6,6.6,6.6,6.6
MNSB,2010-05-18,6.6,6.6,6.6,6.6
MNSB,2010-05-19,6.6,6.6,6.6,6.6
MNSB,2010-05-20,6.6,6.6,6.6,6.6
MNSB,2010-05-21,6.6,6.6,6.6,6.6
MNSB,2010-05-24,6.43,6.43,6.43,6.43
MNSB,2010-05-25,6.43,6.43,6.43,6.43
MNSB,2010-05-26,6.43,6.43,6.43,6.43
MNSB,2010-05-27,6.43,6.43,6.43,6.43
MNSB,2010-05-28,6.43,6.43,6.42,6.42
MNSB,2010-06-01,6.42,6.42,6.42,6.42
MNSB,2010-06-02,6.42,6.42,6.42,6.42
MNSB,2010-06-03,6.42,6.42,6.42,6.42
MNSB,2010-06-04,6.42,6.42,6.42,6.42
MNSB,2010-06-07,6.42,6.42,6.42,6.42
MNSB,2010-06-08,5.57,5.57,5.57,5.57
MNSB,2010-06-09,5.57,5.57,5.57,5.57
MNSB,2010-06-10,5.57,5.57,5.57,5.57
MNSB,2010-06-11,5.57,5.57,5.57,5.57
MNSB,2010-06-14,5.57,5.57,5.57,5.57
MNSB,2010-06-15,5.57,5.57,5.57,5.57
MNSB,2010-06-16,5.57,5.57,5.57,5.57
MNSB,2010-06-17,5.57,5.57,5.57,5.57
MNSB,2010-06-18,5.71,5.71,5.67,5.67
MNSB,2010-06-21,5.67,5.67,5.67,5.67
MNSB,2010-06-22,5.67,5.67,5.67,5.67
MNSB,2010-06-23,5.67,5.67,5.67,5.67
MNSB,2010-06-24,5.57,5.71,5.57,5.71
MNSB,2010-06-25,5.71,5.71,5.71,5.71
MNSB,2010-06-28,5.71,5.71,5.71,5.71
MNSB,2010-06-29,5.71,5.71,5.71,5.71
MNSB,2010-06-30,5.9,5.9,5.9,5.9
MNSB,2010-07-01,5.9,5.9,5.9,5.9
MNSB,2010-07-02,5.9,5.9,5.9,5.9
MNSB,2010-07-06,5.9,5.9,5.9,5.9
MNSB,2010-07-07,5.9,5.9,5.9,5.9
MNSB,2010-07-08,5.9,5.9,5.9,5.9
MNSB,2010-07-09,5.9,5.9,5.9,5.9
MNSB,2010-07-12,5.9,5.9,5.9,5.9
MNSB,2010-07-13,5.9,5.9,5.9,5.9
MNSB,2010-07-14,5.95,6.33,5.95,6.33
MNSB,2010-07-15,6.33,6.33,6.33,6.33
MNSB,2010-07-16,5.62,5.62,5.57,5.62
MNSB,2010-07-19,5.62,5.62,5.62,5.62
MNSB,2010-07-20,5.62,5.62,5.62,5.62
MNSB,2010-07-21,5.62,5.62,5.62,5.62
MNSB,2010-07-22,5.62,5.62,5.62,5.62
MNSB,2010-07-23,5.62,5.62,5.62,5.62
MNSB,2010-07-26,5.62,5.62,5.62,5.62
MNSB,2010-07-27,5.62,5.62,5.62,5.62
MNSB,2010-07-28,5.62,5.62,5.62,5.62
MNSB,2010-07-29,5.62,5.62,5.62,5.62
MNSB,2010-07-30,5.62,5.62,5.62,5.62
MNSB,2010-08-02,5.62,5.62,5.62,5.62
MNSB,2010-08-03,5.48,5.48,5.48,5.48
MNSB,2010-08-04,5.48,5.48,5.48,5.48
MNSB,2010-08-05,5.48,5.48,5.48,5.48
MNSB,2010-08-06,5.48,5.48,5.48,5.48
MNSB,2010-08-09,5.48,5.48,5.48,5.48
MNSB,2010-08-10,5.48,5.48,5.48,5.48
MNSB,2010-08-11,5.95,5.95,5.95,5.95
MNSB,2010-08-12,5.95,5.95,5.95,5.95
MNSB,2010-08-13,5.95,5.95,5.95,5.95
MNSB,2010-08-16,5.95,5.95,5.95,5.95
MNSB,2010-08-17,5.52,5.67,5.52,5.67
MNSB,2010-08-18,5.67,5.67,5.67,5.67
MNSB,2010-08-19,5.67,5.67,5.67,5.67
MNSB,2010-08-20,5.95,6.42,5.95,6.42
MNSB,2010-08-23,6.42,6.42,6.42,6.42
MNSB,2010-08-24,6.42,6.42,6.42,6.42
MNSB,2010-08-25,5.81,5.81,5.81,5.81
MNSB,2010-08-26,5.81,5.81,5.81,5.81
MNSB,2010-08-27,5.81,5.81,5.81,5.81
MNSB,2010-08-30,5.81,5.81,5.81,5.81
MNSB,2010-08-31,5.52,5.58,5.52,5.58
MNSB,2010-09-01,5.52,5.52,5.52,5.52
MNSB,2010-09-02,5.52,5.52,5.52,5.52
MNSB,2010-09-03,5.52,5.52,5.52,5.52
MNSB,2010-09-07,5.52,5.52,5.52,5.52
MNSB,2010-09-08,5.52,6.19,5.52,5.62
MNSB,2010-09-09,5.54,5.54,5.54,5.54
MNSB,2010-09-10,5.54,5.54,5.54,5.54
MNSB,2010-09-13,5.54,5.54,5.54,5.54
MNSB,2010-09-14,5.54,5.54,5.54,5.54
MNSB,2010-09-15,5.54,5.54,5.54,5.54
MNSB,2010-09-16,5.54,5.54,5.54,5.54
MNSB,2010-09-17,5.54,5.54,5.54,5.54
MNSB,2010-09-20,5.54,5.54,5.54,5.54
MNSB,2010-09-21,5.54,5.54,5.54,5.54
MNSB,2010-09-22,5.54,5.54,5.54,5.54
MNSB,2010-09-23,5.19,5.61,5.19,5.52
MNSB,2010-09-24,5.52,5.52,5.52,5.52
MNSB,2010-09-27,5.19,5.26,5.14,5.19
MNSB,2010-09-28,5.19,5.19,5.19,5.19
MNSB,2010-09-29,5.19,5.19,5.19,5.19
MNSB,2010-09-30,5.19,5.19,5.19,5.19
MNSB,2010-10-01,5.29,5.29,5.29,5.29
MNSB,2010-10-04,5.29,5.29,5.29,5.29
MNSB,2010-10-05,5.29,5.29,5.29,5.29
MNSB,2010-10-06,5.19,5.19,5.19,5.19
MNSB,2010-10-07,5.19,5.19,5.19,5.19
MNSB,2010-10-08,5.19,5.19,5.19,5.19
MNSB,2010-10-11,5.19,5.19,5.19,5.19
MNSB,2010-10-12,5.19,5.19,5.19,5.19
MNSB,2010-10-13,5.19,5.19,5.19,5.19
MNSB,2010-10-14,5.43,5.43,5.0,5.0
MNSB,2010-10-15,5.16,5.16,5.16,5.16
MNSB,2010-10-18,5.16,5.16,5.16,5.16
MNSB,2010-10-19,5.16,5.16,5.16,5.16
MNSB,2010-10-20,5.16,5.16,5.16,5.16
MNSB,2010-10-21,5.43,5.43,5.0,5.0
MNSB,2010-10-22,5.0,5.0,5.0,5.0
MNSB,2010-10-25,5.0,5.0,5.0,5.0
MNSB,2010-10-26,5.0,5.0,5.0,5.0
MNSB,2010-10-27,5.0,5.0,5.0,5.0
MNSB,2010-10-28,5.19,5.19,5.19,5.19
MNSB,2010-10-29,5.19,5.19,5.19,5.19
MNSB,2010-11-01,5.19,5.19,5.19,5.19
MNSB,2010-11-02,5.19,5.19,5.19,5.19
MNSB,2010-11-03,5.19,5.19,5.19,5.19
MNSB,2010-11-04,5.19,5.19,5.19,5.19
MNSB,2010-11-05,5.19,5.19,5.19,5.19
MNSB,2010-11-08,5.19,5.19,5.19,5.19
MNSB,2010-11-09,5.7,5.7,5.7,5.7
MNSB,2010-11-10,5.7,5.7,5.7,5.7
MNSB,2010-11-11,5.7,5.7,5.7,5.7
MNSB,2010-11-12,5.19,5.19,5.19,5.19
MNSB,2010-11-15,5.19,5.19,5.19,5.19
MNSB,2010-11-16,5.19,5.19,5.05,5.19
MNSB,2010-11-17,5.19,5.19,5.19,5.19
MNSB,2010-11-18,4.86,5.19,4.86,4.9
MNSB,2010-11-19,4.9,4.9,4.9,4.9
MNSB,2010-11-22,4.9,4.9,4.9,4.9
MNSB,2010-11-23,4.81,4.81,4.81,4.81
MNSB,2010-11-24,4.81,4.81,4.81,4.81
MNSB,2010-11-26,5.05,5.05,5.05,5.05
MNSB,2010-11-29,5.05,5.05,5.05,5.05
MNSB,2010-11-30,5.14,5.14,5.14,5.14
MNSB,2010-12-01,5.14,5.14,5.14,5.14
MNSB,2010-12-02,5.14,5.14,5.14,5.14
MNSB,2010-12-03,5.14,5.14,5.14,5.14
MNSB,2010-12-06,5.14,5.14,5.14,5.14
MNSB,2010-12-07,5.19,5.19,5.19,5.19
MNSB,2010-12-08,5.0,5.0,5.0,5.0
MNSB,2010-12-09,5.0,5.0,5.0,5.0
MNSB,2010-12-10,5.0,5.0,5.0,5.0
MNSB,2010-12-13,5.0,5.0,5.0,5.0
MNSB,2010-12-14,5.0,5.0,5.0,5.0
MNSB,2010-12-15,5.14,5.14,4.86,4.9
MNSB,2010-12-16,4.9,4.9,4.9,4.9
MNSB,2010-12-17,4.9,4.9,4.9,4.9
MNSB,2010-12-20,5.05,5.05,5.05,5.05
MNSB,2010-12-21,5.05,5.05,5.05,5.05
MNSB,2010-12-22,5.1,5.1,4.9,4.9
MNSB,2010-12-23,4.9,4.9,4.9,4.9
MNSB,2010-12-27,4.9,4.9,4.9,4.9
MNSB,2010-12-28,4.9,4.9,4.9,4.9
MNSB,2010-12-29,5.05,5.48,5.05,5.48
MNSB,2010-12-30,5.48,5.48,5.48,5.48
MNSB,2010-12-31,4.9,4.9,4.9,4.9
MNSB,2011-01-03,4.9,4.9,4.9,4.9
MNSB,2011-01-04,4.9,4.9,4.9,4.9
MNSB,2011-01-05,4.9,4.9,4.9,4.9
MNSB,2011-01-06,4.9,4.9,4.9,4.9
MNSB,2011-01-07,4.9,4.9,4.9,4.9
MNSB,2011-01-10,4.9,4.9,4.9,4.9
MNSB,2011-01-11,4.9,4.9,4.9,4.9
MNSB,2011-01-12,4.76,4.76,4.76,4.76
MNSB,2011-01-13,4.76,5.24,4.76,5.24
MNSB,2011-01-14,5.48,5.48,5.48,5.48
MNSB,2011-01-18,4.76,4.76,4.76,4.76
MNSB,2011-01-19,5.24,5.24,4.81,4.81
MNSB,2011-01-20,4.81,4.81,4.81,4.81
MNSB,2011-01-21,5.14,5.19,5.14,5.19
MNSB,2011-01-24,5.19,5.19,5.19,5.19
MNSB,2011-01-25,5.19,5.19,5.19,5.19
MNSB,2011-01-26,4.95,4.95,4.95,4.95
MNSB,2011-01-27,4.95,4.95,4.95,4.95
MNSB,2011-01-28,4.95,4.95,4.95,4.95
MNSB,2011-01-31,4.95,4.95,4.95,4.95
MNSB,2011-02-01,4.95,4.95,4.95,4.95
MNSB,2011-02-02,4.95,4.95,4.95,4.95
MNSB,2011-02-03,5.0,5.0,5.0,5.0
MNSB,2011-02-04,5.0,5.0,5.0,5.0
MNSB,2011-02-07,5.0,5.05,5.0,5.05
MNSB,2011-02-08,5.24,5.24,4.95,4.98
MNSB,2011-02-09,4.95,5.05,4.9,5.05
MNSB,2011-02-10,5.05,5.05,5.05,5.05
MNSB,2011-02-11,5.29,5.29,5.29,5.29
MNSB,2011-02-14,5.29,5.29,5.29,5.29
MNSB,2011-02-15,5.1,5.1,5.1,5.1
MNSB,2011-02-16,5.05,5.05,5.0,5.0
MNSB,2011-02-17,5.0,5.0,5.0,5.0
MNSB,2011-02-18,5.0,5.0,5.0,5.0
MNSB,2011-02-22,5.0,5.0,5.0,5.0
MNSB,2011-02-23,5.0,5.0,5.0,5.0
MNSB,2011-02-24,5.29,5.29,5.29,5.29
MNSB,2011-02-25,5.11,5.29,5.1,5.1
MNSB,2011-02-28,5.1,5.1,5.1,5.1
MNSB,2011-03-01,5.33,5.43,5.24,5.43
MNSB,2011-03-02,5.48,5.52,5.24,5.29
MNSB,2011-03-03,5.29,5.29,5.29,5.29
MNSB,2011-03-04,5.57,5.57,5.57,5.57
MNSB,2011-03-07,5.38,5.38,5.38,5.38
MNSB,2011-03-08,5.4,5.48,5.4,5.48
MNSB,2011-03-09,5.48,5.48,5.48,5.48
MNSB,2011-03-10,5.48,5.48,5.48,5.48
MNSB,2011-03-11,5.71,5.71,5.71,5.71
MNSB,2011-03-14,5.71,5.71,5.71,5.71
MNSB,2011-03-15,5.71,5.71,5.71,5.71
MNSB,2011-03-16,5.71,5.71,5.71,5.71
MNSB,2011-03-17,5.71,5.71,5.71,5.71
MNSB,2011-03-18,5.71,5.71,5.71,5.71
MNSB,2011-03-21,5.95,5.95,5.95,5.95
MNSB,2011-03-22,5.94,5.94,5.94,5.94
MNSB,2011-03-23,5.4,5.62,5.4,5.62
MNSB,2011-03-24,5.62,5.62,5.62,5.62
MNSB,2011-03-25,5.62,5.62,5.62,5.62
MNSB,2011-03-28,5.62,5.62,5.62,5.62
MNSB,2011-03-29,6.1,6.14,6.1,6.14
MNSB,2011-03-30,6.14,6.14,6.14,6.14
MNSB,2011-03-31,5.95,6.43,5.95,6.1
MNSB,2011-04-01,6.1,6.1,6.1,6.1
MNSB,2011-04-04,6.1,6.1,6.1,6.1
MNSB,2011-04-05,5.62,5.62,5.62,5.62
MNSB,2011-04-06,5.62,5.62,5.62,5.62
MNSB,2011-04-07,5.62,5.62,5.62,5.62
MNSB,2011-04-08,5.62,5.62,5.62,5.62
MNSB,2011-04-11,5.62,5.62,5.62,5.62
MNSB,2011-04-12,5.62,5.62,5.62,5.62
MNSB,2011-04-13,5.62,5.62,5.62,5.62
MNSB,2011-04-14,5.62,5.62,5.62,5.62
MNSB,2011-04-15,5.62,5.62,5.62,5.62
MNSB,2011-04-18,5.62,5.62,5.62,5.62
MNSB,2011-04-19,5.62,5.62,5.62,5.62
MNSB,2011-04-20,5.62,5.62,5.62,5.62
MNSB,2011-04-21,5.52,5.71,5.52,5.71
MNSB,2011-04-25,5.81,5.81,5.81,5.81
MNSB,2011-04-26,5.81,5.81,5.81,5.81
MNSB,2011-04-27,5.81,5.81,5.81,5.81
MNSB,2011-04-28,5.81,5.81,5.81,5.81
MNSB,2011-04-29,5.81,5.81,5.81,5.81
MNSB,2011-05-02,5.81,5.81,5.81,5.81
MNSB,2011-05-03,5.81,5.81,5.81,5.81
MNSB,2011-05-04,5.71,5.71,5.71,5.71
MNSB,2011-05-05,5.71,5.71,5.71,5.71
MNSB,2011-05-06,5.95,5.95,5.95,5.95
MNSB,2011-05-09,5.88,5.9,5.88,5.9
MNSB,2011-05-10,5.9,5.9,5.9,5.9
MNSB,2011-05-11,5.9,5.9,5.9,5.9
MNSB,2011-05-12,5.9,5.9,5.9,5.9
MNSB,2011-05-13,5.9,5.9,5.9,5.9
MNSB,2011-05-16,5.9,5.9,5.88,5.88
MNSB,2011-05-17,5.88,5.88,5.88,5.88
MNSB,2011-05-18,5.88,5.88,5.88,5.88
MNSB,2011-05-19,5.88,5.88,5.88,5.88
MNSB,2011-05-20,5.88,5.88,5.88,5.88
MNSB,2011-05-23,5.88,5.88,5.88,5.88
MNSB,2011-05-24,5.88,5.88,5.88,5.88
MNSB,2011-05-25,5.71,5.71,5.62,5.62
MNSB,2011-05-26,5.62,5.62,5.62,5.62
MNSB,2011-05-27,5.62,5.62,5.62,5.62
MNSB,2011-05-31,5.95,5.95,5.86,5.86
MNSB,2011-06-01,5.67,5.67,5.62,5.62
MNSB,2011-06-02,5.62,5.62,5.62,5.62
MNSB,2011-06-03,5.52,5.52,5.52,5.52
MNSB,2011-06-06,5.29,5.29,5.0,5.0
MNSB,2011-06-07,5.1,5.1,5.0,5.0
MNSB,2011-06-08,5.0,5.0,5.0,5.0
MNSB,2011-06-09,5.05,5.05,5.05,5.05
MNSB,2011-06-10,5.05,5.05,5.05,5.05
MNSB,2011-06-13,5.05,5.06,5.05,5.06
MNSB,2011-06-14,5.1,5.1,5.1,5.1
MNSB,2011-06-15,5.1,5.14,5.1,5.14
MNSB,2011-06-16,5.19,5.19,5.19,5.19
MNSB,2011-06-17,5.29,5.29,5.29,5.29
MNSB,2011-06-20,5.24,5.24,5.24,5.24
MNSB,2011-06-21,5.24,5.24,5.24,5.24
MNSB,2011-06-22,5.14,5.14,5.14,5.14
MNSB,2011-06-23,5.14,5.2,5.14,5.2
MNSB,2011-06-24,5.2,5.2,5.2,5.2
MNSB,2011-06-27,5.14,5.14,5.14,5.14
MNSB,2011-06-28,5.1,5.1,5.1,5.1
MNSB,2011-06-29,5.24,5.33,5.24,5.33
MNSB,2011-06-30,5.43,5.43,5.43,5.43
MNSB,2011-07-01,5.43,5.43,5.43,5.43
MNSB,2011-07-05,5.43,5.43,5.43,5.43
MNSB,2011-07-06,5.43,5.43,5.43,5.43
MNSB,2011-07-07,5.48,5.62,5.48,5.62
MNSB,2011-07-08,5.62,5.62,5.62,5.62
MNSB,2011-07-11,5.62,5.62,5.52,5.62
MNSB,2011-07-12,5.62,5.62,5.62,5.62
MNSB,2011-07-13,5.57,5.57,5.57,5.57
MNSB,2011-07-14,5.67,5.67,5.67,5.67
MNSB,2011-07-15,5.62,5.62,5.62,5.62
MNSB,2011-07-18,5.62,5.62,5.62,5.62
MNSB,2011-07-19,5.33,5.62,5.33,5.62
MNSB,2011-07-20,5.62,5.62,5.62,5.62
MNSB,2011-07-21,5.62,5.62,5.62,5.62
MNSB,2011-07-22,5.33,5.48,5.33,5.48
MNSB,2011-07-25,5.57,5.57,5.57,5.57
MNSB,2011-07-26,5.52,5.52,5.52,5.52
MNSB,2011-07-27,5.52,5.52,5.52,5.52
MNSB,2011-07-28,5.38,5.38,5.38,5.38
MNSB,2011-07-29,5.38,5.52,5.38,5.52
MNSB,2011-08-01,5.52,5.52,5.52,5.52
MNSB,2011-08-02,5.52,5.52,5.52,5.52
MNSB,2011-08-03,5.48,5.48,5.48,5.48
MNSB,2011-08-04,5.48,5.48,5.48,5.48
MNSB,2011-08-05,5.24,5.24,5.24,5.24
MNSB,2011-08-08,5.19,5.19,5.19,5.19
MNSB,2011-08-09,5.19,5.19,5.19,5.19
MNSB,2011-08-10,5.24,5.24,5.24,5.24
MNSB,2011-08-11,5.24,5.24,5.24,5.24
MNSB,2011-08-12,5.24,5.29,5.24,5.29
MNSB,2011-08-15,5.29,5.29,5.29,5.29
MNSB,2011-08-16,5.14,5.14,5.14,5.14
MNSB,2011-08-17,5.24,5.24,5.24,5.24
MNSB,2011-08-18,5.24,5.24,5.24,5.24
MNSB,2011-08-19,5.24,5.24,5.24,5.24
MNSB,2011-08-22,5.24,5.24,5.24,5.24
MNSB,2011-08-23,5.52,5.52,5.52,5.52
MNSB,2011-08-24,5.52,5.52,5.52,5.52
MNSB,2011-08-25,5.52,5.52,5.52,5.52
MNSB,2011-08-26,5.52,5.52,5.52,5.52
MNSB,2011-08-29,5.33,5.33,5.33,5.33
MNSB,2011-08-30,5.33,5.33,5.33,5.33
MNSB,2011-08-31,5.14,5.14,5.14,5.14
MNSB,2011-09-01,5.24,5.24,5.24,5.24
MNSB,2011-09-02,5.14,5.14,5.0,5.0
MNSB,2011-09-06,5.08,5.14,4.95,4.95
MNSB,2011-09-07,5.14,5.14,5.14,5.14
MNSB,2011-09-08,5.14,5.14,5.14,5.14
MNSB,2011-09-09,5.14,5.14,5.14,5.14
MNSB,2011-09-12,5.14,5.14,5.14,5.14
MNSB,2011-09-13,5.19,5.19,5.19,5.19
MNSB,2011-09-14,5.19,5.19,5.19,5.19
MNSB,2011-09-15,4.95,5.14,4.9,5.14
MNSB,2011-09-16,5.14,5.14,5.14,5.14
MNSB,2011-09-19,4.96,5.05,4.96,5.05
MNSB,2011-09-20,5.05,5.05,5.05,5.05
MNSB,2011-09-21,5.05,5.05,5.05,5.05
MNSB,2011-09-22,5.0,5.0,5.0,5.0
MNSB,2011-09-23,5.0,5.0,5.0,5.0
MNSB,2011-09-26,5.0,5.0,5.0,5.0
MNSB,2011-09-27,5.05,5.14,5.05,5.14
MNSB,2011-09-28,5.14,5.14,5.14,5.14
MNSB,2011-09-29,5.14,5.14,5.14,5.14
MNSB,2011-09-30,5.0,5.0,5.0,5.0
MNSB,2011-10-03,5.0,5.0,5.0,5.0
MNSB,2011-10-04,5.0,5.0,5.0,5.0
MNSB,2011-10-05,5.0,5.0,5.0,5.0
MNSB,2011-10-06,5.0,5.0,5.0,5.0
MNSB,2011-10-07,5.0,5.0,5.0,5.0
MNSB,2011-10-10,5.0,5.0,5.0,5.0
MNSB,2011-10-11,5.0,5.0,5.0,5.0
MNSB,2011-10-12,5.0,5.0,5.0,5.0
MNSB,2011-10-13,5.0,5.0,5.0,5.0
MNSB,2011-10-14,5.0,5.0,5.0,5.0
MNSB,2011-10-17,5.0,5.0,5.0,5.0
MNSB,2011-10-18,5.0,5.0,5.0,5.0
MNSB,2011-10-19,5.0,5.0,5.0,5.0
MNSB,2011-10-20,5.0,5.0,5.0,5.0
MNSB,2011-10-21,5.0,5.0,5.0,5.0
MNSB,2011-10-24,5.0,5.0,5.0,5.0
MNSB,2011-10-25,5.1,5.1,5.0,5.0
MNSB,2011-10-26,5.0,5.0,5.0,5.0
MNSB,2011-10-27,5.1,5.1,5.0,5.0
MNSB,2011-10-28,5.01,5.1,5.01,5.01
MNSB,2011-10-31,5.01,5.01,5.01,5.01
MNSB,2011-11-01,5.01,5.01,5.01,5.01
MNSB,2011-11-02,5.01,5.01,5.01,5.01
MNSB,2011-11-03,5.01,5.01,5.01,5.01
MNSB,2011-11-04,5.01,5.01,5.01,5.01
MNSB,2011-11-07,4.95,4.95,4.86,4.86
MNSB,2011-11-08,4.86,4.86,4.86,4.86
MNSB,2011-11-09,4.86,4.86,4.86,4.86
MNSB,2011-11-10,4.86,4.86,4.86,4.86
MNSB,2011-11-11,4.86,4.86,4.86,4.86
MNSB,2011-11-14,4.9,4.9,4.9,4.9
MNSB,2011-11-15,5.14,5.14,4.95,4.95
MNSB,2011-11-16,4.95,4.95,4.95,4.95
MNSB,2011-11-17,4.95,4.95,4.95,4.95
MNSB,2011-11-18,4.95,4.95,4.95,4.95
MNSB,2011-11-21,4.95,4.95,4.95,4.95
MNSB,2011-11-22,4.86,4.86,4.86,4.86
MNSB,2011-11-23,4.9,4.9,4.9,4.9
MNSB,2011-11-25,4.9,4.9,4.9,4.9
MNSB,2011-11-28,4.9,4.9,4.9,4.9
MNSB,2011-11-29,4.9,4.9,4.9,4.9
MNSB,2011-11-30,4.81,5.0,4.76,5.0
MNSB,2011-12-01,5.0,5.0,5.0,5.0
MNSB,2011-12-02,4.9,4.9,4.9,4.9
MNSB,2011-12-05,4.9,4.9,4.9,4.9
MNSB,2011-12-06,4.9,4.9,4.9,4.9
MNSB,2011-12-07,4.9,4.9,4.9,4.9
MNSB,2011-12-08,4.9,4.9,4.9,4.9
MNSB,2011-12-09,4.95,4.95,4.91,4.91
MNSB,2011-12-12,4.91,4.91,4.91,4.91
MNSB,2011-12-13,5.0,5.0,4.91,4.91
MNSB,2011-12-14,5.0,5.0,5.0,5.0
MNSB,2011-12-15,5.0,5.0,5.0,5.0
MNSB,2011-12-16,5.0,5.0,5.0,5.0
MNSB,2011-12-19,5.0,5.0,5.0,5.0
MNSB,2011-12-20,4.95,4.95,4.62,4.67
MNSB,2011-12-21,4.67,4.67,4.67,4.67
MNSB,2011-12-22,4.73,5.0,4.73,5.0
MNSB,2011-12-23,5.0,5.05,5.0,5.05
MNSB,2011-12-27,5.14,5.14,5.14,5.14
MNSB,2011-12-28,5.0,5.14,5.0,5.14
MNSB,2011-12-29,5.14,5.14,5.14,5.14
MNSB,2011-12-30,4.98,4.98,4.98,4.98
MNSB,2012-01-03,5.19,5.19,5.19,5.19
MNSB,2012-01-04,5.19,5.19,5.19,5.19
MNSB,2012-01-05,5.19,5.19,5.19,5.19
MNSB,2012-01-06,5.19,5.19,5.19,5.19
MNSB,2012-01-09,5.19,5.19,5.19,5.19
MNSB,2012-01-10,5.19,5.19,5.19,5.19
MNSB,2012-01-11,5.19,5.19,5.19,5.19
MNSB,2012-01-12,5.19,5.19,5.19,5.19
MNSB,2012-01-13,5.19,5.19,5.19,5.19
MNSB,2012-01-17,5.19,5.19,5.19,5.19
MNSB,2012-01-18,5.19,5.19,5.19,5.19
MNSB,2012-01-19,5.05,5.05,5.05,5.05
MNSB,2012-01-20,5.05,5.86,4.78,5.86
MNSB,2012-01-23,5.24,5.29,5.0,5.0
MNSB,2012-01-24,5.0,5.0,5.0,5.0
MNSB,2012-01-25,5.0,5.0,5.0,5.0
MNSB,2012-01-26,5.0,5.0,5.0,5.0
MNSB,2012-01-27,5.0,5.0,5.0,5.0
MNSB,2012-01-30,5.0,5.0,5.0,5.0
MNSB,2012-01-31,5.0,5.0,5.0,5.0
MNSB,2012-02-01,5.0,5.0,4.98,4.98
MNSB,2012-02-02,4.98,4.98,4.98,4.98
MNSB,2012-02-03,4.98,4.98,4.98,4.98
MNSB,2012-02-06,4.98,4.98,4.98,4.98
MNSB,2012-02-07,4.86,4.9,4.86,4.9
MNSB,2012-02-08,4.9,4.9,4.9,4.9
MNSB,2012-02-09,4.9,4.9,4.9,4.9
MNSB,2012-02-10,4.86,4.86,4.86,4.86
MNSB,2012-02-13,4.89,4.89,4.89,4.89
MNSB,2012-02-14,5.0,5.0,5.0,5.0
MNSB,2012-02-15,5.0,5.0,5.0,5.0
MNSB,2012-02-16,5.0,5.0,5.0,5.0
MNSB,2012-02-17,5.01,5.01,5.01,5.01
MNSB,2012-02-21,5.01,5.01,5.01,5.01
MNSB,2012-02-22,4.96,4.96,4.96,4.96
MNSB,2012-02-23,4.98,4.98,4.96,4.96
MNSB,2012-02-24,4.96,4.96,4.96,4.96
MNSB,2012-02-27,4.96,4.96,4.96,4.96
MNSB,2012-02-28,4.92,4.92,4.92,4.92
MNSB,2012-02-29,4.92,4.92,4.92,4.92
MNSB,2012-03-01,4.92,4.92,4.92,4.92
MNSB,2012-03-02,4.92,4.92,4.92,4.92
MNSB,2012-03-05,4.92,4.92,4.92,4.92
MNSB,2012-03-06,4.92,4.92,4.92,4.92
MNSB,2012-03-07,4.92,4.92,4.92,4.92
MNSB,2012-03-08,4.92,4.92,4.92,4.92
MNSB,2012-03-09,4.92,4.92,4.92,4.92
MNSB,2012-03-12,4.9,4.92,4.78,4.92
MNSB,2012-03-13,4.92,4.92,4.92,4.92
MNSB,2012-03-14,5.0,5.05,5.0,5.05
MNSB,2012-03-15,5.0,5.0,5.0,5.0
MNSB,2012-03-16,5.0,5.0,5.0,5.0
MNSB,2012-03-19,5.0,5.0,5.0,5.0
MNSB,2012-03-20,5.0,5.0,5.0,5.0
MNSB,2012-03-21,5.48,5.52,5.48,5.52
MNSB,2012-03-22,5.52,5.52,5.52,5.52
MNSB,2012-03-23,5.51,5.51,5.51,5.51
MNSB,2012-03-26,5.51,5.51,5.51,5.51
MNSB,2012-03-27,5.1,5.1,5.1,5.1
MNSB,2012-03-28,5.1,5.1,5.1,5.1
MNSB,2012-03-29,5.1,5.1,5.1,5.1
MNSB,2012-03-30,5.52,5.52,5.52,5.52
MNSB,2012-04-02,5.52,5.52,5.52,5.52
MNSB,2012-04-03,5.52,5.52,5.52,5.52
MNSB,2012-04-04,5.14,5.14,4.86,5.05
MNSB,2012-04-05,5.0,5.0,5.0,5.0
MNSB,2012-04-09,5.0,5.0,5.0,5.0
MNSB,2012-04-10,5.14,5.14,5.0,5.0
MNSB,2012-04-11,5.14,5.14,5.14,5.14
MNSB,2012-04-12,5.14,5.14,5.14,5.14
MNSB,2012-04-13,5.14,5.14,5.14,5.14
MNSB,2012-04-16,5.14,5.14,5.14,5.14
MNSB,2012-04-17,5.14,5.14,5.14,5.14
MNSB,2012-04-18,5.13,5.14,5.13,5.14
MNSB,2012-04-19,5.14,5.14,5.14,5.14
MNSB,2012-04-20,5.14,5.14,5.14,5.14
MNSB,2012-04-23,5.14,5.14,5.14,5.14
MNSB,2012-04-24,5.03,5.03,5.03,5.03
MNSB,2012-04-25,5.03,5.03,5.03,5.03
MNSB,2012-04-26,5.14,5.14,5.05,5.14
MNSB,2012-04-27,5.14,5.14,5.14,5.14
MNSB,2012-04-30,5.14,5.14,5.05,5.05
MNSB,2012-05-01,5.05,5.05,5.05,5.05
MNSB,2012-05-02,5.1,5.1,4.86,5.0
MNSB,2012-05-03,5.0,5.0,5.0,5.0
MNSB,2012-05-04,4.86,4.86,4.86,4.86
MNSB,2012-05-07,4.86,4.86,4.86,4.86
MNSB,2012-05-08,4.86,4.86,4.86,4.86
MNSB,2012-05-09,4.86,4.86,4.86,4.86
MNSB,2012-05-10,4.86,4.86,4.86,4.86
MNSB,2012-05-11,4.95,4.95,4.95,4.95
MNSB,2012-05-14,4.95,4.95,4.86,4.86
MNSB,2012-05-15,4.86,4.86,4.86,4.86
MNSB,2012-05-16,4.95,4.95,4.95,4.95
MNSB,2012-05-17,4.95,4.95,4.95,4.95
MNSB,2012-05-18,4.95,4.95,4.95,4.95
MNSB,2012-05-21,4.95,4.95,4.95,4.95
MNSB,2012-05-22,4.95,4.95,4.95,4.95
MNSB,2012-05-23,4.95,4.95,4.95,4.95
MNSB,2012-05-24,4.86,4.86,4.86,4.86
MNSB,2012-05-25,4.86,4.86,4.86,4.86
MNSB,2012-05-29,4.86,4.86,4.86,4.86
MNSB,2012-05-30,4.86,4.86,4.86,4.86
MNSB,2012-05-31,4.86,4.86,4.86,4.86
MNSB,2012-06-01,4.86,4.86,4.86,4.86
MNSB,2012-06-04,4.86,4.86,4.86,4.86
MNSB,2012-06-05,4.86,4.86,4.86,4.86
MNSB,2012-06-06,4.86,4.86,4.86,4.86
MNSB,2012-06-07,4.86,4.86,4.86,4.86
MNSB,2012-06-08,4.86,4.86,4.86,4.86
MNSB,2012-06-11,4.86,4.86,4.86,4.86
MNSB,2012-06-12,4.84,4.84,4.76,4.76
MNSB,2012-06-13,4.76,4.76,4.76,4.76
MNSB,2012-06-14,4.76,4.81,4.71,4.71
MNSB,2012-06-15,4.71,4.71,4.46,4.46
MNSB,2012-06-18,4.52,4.52,4.52,4.52
MNSB,2012-06-19,4.52,4.52,4.38,4.38
MNSB,2012-06-20,4.38,4.38,4.38,4.38
MNSB,2012-06-21,4.38,4.38,4.38,4.38
MNSB,2012-06-22,4.38,4.38,4.38,4.38
MNSB,2012-06-25,4.43,4.43,4.38,4.38
MNSB,2012-06-26,4.24,4.24,4.24,4.24
MNSB,2012-06-27,4.33,4.33,4.33,4.33
MNSB,2012-06-28,4.33,4.43,4.33,4.43
MNSB,2012-06-29,4.43,4.43,4.43,4.43
MNSB,2012-07-02,4.43,4.43,4.43,4.43
MNSB,2012-07-03,4.67,4.67,4.67,4.67
MNSB,2012-07-05,4.67,4.67,4.67,4.67
MNSB,2012-07-06,4.57,4.57,4.57,4.57
MNSB,2012-07-09,4.57,4.57,4.57,4.57
MNSB,2012-07-10,4.57,4.57,4.57,4.57
MNSB,2012-07-11,4.57,4.57,4.57,4.57
MNSB,2012-07-12,4.57,4.57,4.57,4.57
MNSB,2012-07-13,4.57,4.57,4.57,4.57
MNSB,2012-07-16,4.57,4.57,4.57,4.57
MNSB,2012-07-17,4.57,4.57,4.57,4.57
MNSB,2012-07-18,4.67,4.67,4.67,4.67
MNSB,2012-07-19,4.76,4.86,4.76,4.86
MNSB,2012-07-20,4.86,4.86,4.86,4.86
MNSB,2012-07-23,4.76,4.76,4.76,4.76
MNSB,2012-07-24,4.76,4.76,4.76,4.76
MNSB,2012-07-25,4.76,4.76,4.76,4.76
MNSB,2012-07-26,4.76,4.76,4.76,4.76
MNSB,2012-07-27,4.76,4.76,4.29,4.29
MNSB,2012-07-30,4.29,4.29,4.19,4.19
MNSB,2012-07-31,4.19,4.19,4.19,4.19
MNSB,2012-08-01,4.62,4.62,4.62,4.62
MNSB,2012-08-02,4.62,4.62,4.62,4.62
MNSB,2012-08-03,4.62,4.62,4.62,4.62
MNSB,2012-08-06,4.62,4.62,4.62,4.62
MNSB,2012-08-07,4.71,4.71,4.71,4.71
MNSB,2012-08-08,4.71,4.71,4.71,4.71
MNSB,2012-08-09,4.71,4.71,4.71,4.71
MNSB,2012-08-10,4.29,4.29,4.23,4.23
MNSB,2012-08-13,4.52,4.52,4.52,4.52
MNSB,2012-08-14,4.52,4.52,4.52,4.52
MNSB,2012-08-15,4.52,4.52,4.52,4.52
MNSB,2012-08-16,4.52,4.52,4.52,4.52
MNSB,2012-08-17,4.52,4.52,4.52,4.52
MNSB,2012-08-20,4.19,4.43,4.0,4.43
MNSB,2012-08-21,3.9,3.9,3.9,3.9
MNSB,2012-08-22,3.9,3.9,3.9,3.9
MNSB,2012-08-23,3.9,3.9,3.9,3.9
MNSB,2012-08-24,4.12,4.12,4.12,4.12
MNSB,2012-08-27,4.0,4.0,4.0,4.0
MNSB,2012-08-28,4.0,4.0,3.73,3.81
MNSB,2012-08-29,3.76,3.86,3.76,3.86
MNSB,2012-08-30,3.81,3.81,3.81,3.81
MNSB,2012-08-31,3.76,3.81,3.76,3.81
MNSB,2012-09-04,3.81,3.81,3.81,3.81
MNSB,2012-09-05,3.81,4.19,3.81,4.19
MNSB,2012-09-06,4.19,4.19,4.19,4.19
MNSB,2012-09-07,4.19,4.19,4.19,4.19
MNSB,2012-09-10,4.1,4.1,3.9,4.05
MNSB,2012-09-11,4.05,4.05,4.05,4.05
MNSB,2012-09-12,4.05,4.05,4.05,4.05
MNSB,2012-09-13,4.05,4.05,3.9,3.9
MNSB,2012-09-14,3.9,4.14,3.9,4.14
MNSB,2012-09-17,4.19,4.19,4.19,4.19
MNSB,2012-09-18,4.19,4.19,4.19,4.19
MNSB,2012-09-19,4.48,4.48,4.19,4.19
MNSB,2012-09-20,4.19,4.19,4.19,4.19
MNSB,2012-09-21,4.47,4.47,4.47,4.47
MNSB,2012-09-24,4.47,4.47,4.47,4.47
MNSB,2012-09-25,4.46,4.46,3.95,3.95
MNSB,2012-09-26,3.95,3.95,3.95,3.95
MNSB,2012-09-27,4.47,4.47,4.47,4.47
MNSB,2012-09-28,4.29,4.29,4.29,4.29
MNSB,2012-10-01,4.46,4.46,4.46,4.46
MNSB,2012-10-02,4.44,4.46,4.39,4.46
MNSB,2012-10-03,4.05,4.46,4.05,4.43
MNSB,2012-10-04,4.57,4.57,4.52,4.57
MNSB,2012-10-05,4.57,4.57,4.48,4.48
MNSB,2012-10-08,4.48,4.48,4.48,4.48
MNSB,2012-10-09,4.57,4.62,4.57,4.62
MNSB,2012-10-10,4.62,4.62,4.43,4.45
MNSB,2012-10-11,4.45,4.45,4.45,4.45
MNSB,2012-10-12,4.45,4.45,4.45,4.45
MNSB,2012-10-15,4.45,4.45,4.45,4.45
MNSB,2012-10-16,4.45,4.45,4.45,4.45
MNSB,2012-10-17,4.45,4.45,4.45,4.45
MNSB,2012-10-18,4.45,4.45,4.45,4.45
MNSB,2012-10-19,4.45,4.45,4.45,4.45
MNSB,2012-10-22,4.45,4.45,4.45,4.45
MNSB,2012-10-23,4.45,4.45,4.45,4.45
MNSB,2012-10-24,4.45,4.45,4.45,4.45
MNSB,2012-10-25,4.45,4.45,4.45,4.45
MNSB,2012-10-26,4.43,4.48,4.32,4.38
MNSB,2012-10-31,4.38,4.38,4.38,4.38
MNSB,2012-11-01,4.3,4.3,4.3,4.3
MNSB,2012-11-02,4.62,4.62,4.62,4.62
MNSB,2012-11-05,4.76,4.81,4.76,4.81
MNSB,2012-11-06,4.96,4.96,4.76,4.81
MNSB,2012-11-07,4.76,4.81,4.76,4.81
MNSB,2012-11-08,4.81,4.81,4.81,4.81
MNSB,2012-11-09,4.67,4.81,4.67,4.81
MNSB,2012-11-12,4.73,4.73,4.73,4.73
MNSB,2012-11-13,4.81,4.9,4.81,4.9
MNSB,2012-11-14,4.9,5.05,4.9,5.05
MNSB,2012-11-15,4.81,4.81,4.81,4.81
MNSB,2012-11-16,4.81,4.81,4.81,4.81
MNSB,2012-11-19,4.81,4.81,4.81,4.81
MNSB,2012-11-20,4.76,4.76,4.71,4.71
MNSB,2012-11-21,4.71,4.71,4.71,4.71
MNSB,2012-11-23,4.71,4.71,4.71,4.71
MNSB,2012-11-26,4.81,4.81,4.81,4.81
MNSB,2012-11-27,4.72,4.72,4.72,4.72
MNSB,2012-11-28,4.81,4.81,4.76,4.81
MNSB,2012-11-29,4.81,4.81,4.81,4.81
MNSB,2012-11-30,4.81,4.81,4.81,4.81
MNSB,2012-12-03,4.81,4.81,4.81,4.81
MNSB,2012-12-04,4.81,4.81,4.81,4.81
MNSB,2012-12-05,4.81,4.81,4.81,4.81
MNSB,2012-12-06,4.81,4.81,4.81,4.81
MNSB,2012-12-07,4.81,4.81,4.81,4.81
MNSB,2012-12-10,4.81,4.81,4.81,4.81
MNSB,2012-12-11,4.81,4.81,4.81,4.81
MNSB,2012-12-12,5.0,5.0,5.0,5.0
MNSB,2012-12-13,5.04,5.04,5.04,5.04
MNSB,2012-12-14,5.1,5.1,5.1,5.1
MNSB,2012-12-17,5.0,5.0,4.81,4.81
MNSB,2012-12-18,4.81,4.81,4.81,4.81
MNSB,2012-12-19,4.81,4.81,4.81,4.81
MNSB,2012-12-20,4.81,4.81,4.81,4.81
MNSB,2012-12-21,4.81,5.05,4.81,5.05
MNSB,2012-12-24,5.05,5.05,5.05,5.05
MNSB,2012-12-26,5.05,5.05,5.05,5.05
MNSB,2012-12-27,4.86,4.86,4.86,4.86
MNSB,2012-12-28,4.86,4.86,4.86,4.86
MNSB,2012-12-31,5.05,5.05,5.05,5.05
MNSB,2013-01-02,5.05,5.05,5.05,5.05
MNSB,2013-01-03,5.05,5.05,5.05,5.05
MNSB,2013-01-04,4.9,4.9,4.9,4.9
MNSB,2013-01-07,5.1,5.1,5.1,5.1
MNSB,2013-01-08,5.1,5.1,5.1,5.1
MNSB,2013-01-09,5.1,5.1,5.1,5.1
MNSB,2013-01-10,5.1,5.1,5.1,5.1
MNSB,2013-01-11,5.1,5.1,5.1,5.1
MNSB,2013-01-14,5.14,5.38,5.14,5.38
MNSB,2013-01-15,5.38,5.38,5.38,5.38
MNSB,2013-01-16,5.47,5.47,5.47,5.47
MNSB,2013-01-17,5.47,5.47,5.47,5.47
MNSB,2013-01-18,5.67,5.71,5.67,5.71
MNSB,2013-01-22,5.71,5.71,5.71,5.71
MNSB,2013-01-23,5.71,5.71,5.71,5.71
MNSB,2013-01-24,5.71,5.71,5.71,5.71
MNSB,2013-01-25,5.71,5.71,5.71,5.71
MNSB,2013-01-28,5.71,5.71,5.71,5.71
MNSB,2013-01-29,5.71,5.71,5.71,5.71
MNSB,2013-01-30,5.52,5.52,5.52,5.52
MNSB,2013-01-31,5.52,5.52,5.52,5.52
MNSB,2013-02-01,5.52,5.52,5.52,5.52
MNSB,2013-02-04,5.71,5.86,5.71,5.71
MNSB,2013-02-05,5.89,6.14,5.89,6.14
MNSB,2013-02-06,6.06,6.06,6.05,6.05
MNSB,2013-02-07,6.05,6.05,6.05,6.05
MNSB,2013-02-08,6.05,6.05,6.05,6.05
MNSB,2013-02-11,6.05,6.05,6.05,6.05
MNSB,2013-02-12,6.14,6.33,6.14,6.33
MNSB,2013-02-13,6.38,6.57,6.38,6.57
MNSB,2013-02-14,6.57,6.57,6.57,6.57
MNSB,2013-02-15,6.57,6.57,6.57,6.57
MNSB,2013-02-19,6.57,6.66,6.57,6.66
MNSB,2013-02-20,6.66,6.66,6.66,6.66
MNSB,2013-02-21,6.66,6.76,6.66,6.76
MNSB,2013-02-22,6.81,6.95,6.81,6.95
MNSB,2013-02-25,6.95,6.95,6.95,6.95
MNSB,2013-02-26,6.95,6.95,6.95,6.95
MNSB,2013-02-27,7.0,7.0,7.0,7.0
MNSB,2013-02-28,7.1,7.24,7.1,7.24
MNSB,2013-03-01,7.24,7.24,7.24,7.24
MNSB,2013-03-04,7.24,7.24,7.01,7.01
MNSB,2013-03-05,6.9,6.96,6.9,6.96
MNSB,2013-03-06,6.95,6.96,6.95,6.96
MNSB,2013-03-07,6.96,6.96,6.96,6.96
MNSB,2013-03-08,7.0,7.13,7.0,7.13
MNSB,2013-03-11,6.95,6.95,6.67,6.67
MNSB,2013-03-12,6.76,6.76,6.76,6.76
MNSB,2013-03-13,6.9,6.95,6.71,6.71
MNSB,2013-03-14,6.71,6.71,6.71,6.71
MNSB,2013-03-15,6.9,7.14,6.9,7.14
MNSB,2013-03-18,6.95,6.95,6.95,6.95
MNSB,2013-03-19,6.95,6.95,6.95,6.95
MNSB,2013-03-20,6.76,7.1,6.76,7.1
MNSB,2013-03-21,7.1,7.19,7.1,7.19
MNSB,2013-03-22,7.29,7.33,7.29,7.33
MNSB,2013-03-25,7.38,8.1,7.38,8.1
MNSB,2013-03-26,8.1,8.1,8.1,8.1
MNSB,2013-03-27,8.33,8.33,8.33,8.33
MNSB,2013-03-28,8.43,8.43,7.86,7.86
MNSB,2013-04-01,7.86,8.19,7.73,8.19
MNSB,2013-04-02,7.86,7.86,7.86,7.86
MNSB,2013-04-03,8.1,8.1,8.1,8.1
MNSB,2013-04-04,7.81,7.81,7.71,7.71
MNSB,2013-04-05,7.71,7.71,7.71,7.71
MNSB,2013-04-08,7.38,7.38,7.38,7.38
MNSB,2013-04-09,7.38,7.38,7.38,7.38
MNSB,2013-04-10,7.38,7.38,7.38,7.38
MNSB,2013-04-11,7.38,7.38,7.38,7.38
MNSB,2013-04-12,7.38,7.38,7.38,7.38
MNSB,2013-04-15,7.38,7.38,7.38,7.38
MNSB,2013-04-16,7.38,7.38,7.38,7.38
MNSB,2013-04-17,7.38,7.38,6.71,6.71
MNSB,2013-04-18,6.71,6.71,6.71,6.71
MNSB,2013-04-19,6.71,6.71,6.71,6.71
MNSB,2013-04-22,6.71,6.71,6.71,6.71
MNSB,2013-04-23,6.71,6.71,6.71,6.71
MNSB,2013-04-24,6.81,7.29,6.76,7.29
MNSB,2013-04-25,6.81,6.81,6.81,6.81
MNSB,2013-04-26,6.81,6.81,6.81,6.81
MNSB,2013-04-29,6.81,6.81,6.81,6.81
MNSB,2013-04-30,6.81,6.81,6.81,6.81
MNSB,2013-05-01,6.81,6.81,6.81,6.81
MNSB,2013-05-02,6.81,6.81,6.81,6.81
MNSB,2013-05-03,6.81,6.81,6.81,6.81
MNSB,2013-05-06,6.81,6.81,6.81,6.81
MNSB,2013-05-07,6.81,6.81,6.81,6.81
MNSB,2013-05-08,6.81,6.81,6.81,6.81
MNSB,2013-05-09,6.81,6.81,6.81,6.81
MNSB,2013-05-10,6.81,6.81,6.81,6.81
MNSB,2013-05-13,6.83,6.83,6.83,6.83
MNSB,2013-05-14,6.83,6.83,6.83,6.83
MNSB,2013-05-15,6.83,6.83,6.83,6.83
MNSB,2013-05-16,6.83,6.83,6.83,6.83
MNSB,2013-05-17,7.1,7.24,7.05,7.24
MNSB,2013-05-20,7.24,7.24,7.24,7.24
MNSB,2013-05-21,7.24,7.24,7.24,7.24
MNSB,2013-05-22,7.24,7.29,7.19,7.29
MNSB,2013-05-23,7.29,7.29,7.29,7.29
MNSB,2013-05-24,7.29,7.29,7.29,7.29
MNSB,2013-05-28,7.29,7.29,7.29,7.29
MNSB,2013-05-29,7.24,7.24,7.24,7.24
MNSB,2013-05-30,7.31,7.31,7.31,7.31
MNSB,2013-05-31,7.24,7.29,7.24,7.29
MNSB,2013-06-03,7.29,7.29,7.29,7.29
MNSB,2013-06-04,7.29,7.29,7.29,7.29
MNSB,2013-06-05,7.29,7.29,7.29,7.29
MNSB,2013-06-06,7.29,7.29,7.29,7.29
MNSB,2013-06-07,7.24,7.24,7.24,7.24
MNSB,2013-06-10,7.24,7.24,7.24,7.24
MNSB,2013-06-11,7.38,7.38,7.38,7.38
MNSB,2013-06-12,7.38,7.38,7.38,7.38
MNSB,2013-06-13,7.48,7.61,7.48,7.61
MNSB,2013-06-14,7.61,7.61,7.61,7.61
MNSB,2013-06-17,7.24,7.24,7.24,7.24
MNSB,2013-06-18,7.24,7.24,7.24,7.24
MNSB,2013-06-19,7.24,7.24,7.24,7.24
MNSB,2013-06-20,7.28,7.28,7.24,7.24
MNSB,2013-06-21,7.24,7.24,7.24,7.24
MNSB,2013-06-24,7.24,7.24,7.24,7.24
MNSB,2013-06-25,7.24,7.24,7.24,7.24
MNSB,2013-06-26,7.24,7.24,7.24,7.24
MNSB,2013-06-27,7.24,7.24,7.24,7.24
MNSB,2013-06-28,7.24,7.24,7.24,7.24
MNSB,2013-07-01,7.25,7.33,7.25,7.33
MNSB,2013-07-02,7.33,7.48,7.33,7.48
MNSB,2013-07-03,7.48,7.48,7.48,7.48
MNSB,2013-07-05,7.48,7.48,7.48,7.48
MNSB,2013-07-08,7.3,7.52,7.3,7.52
MNSB,2013-07-09,7.52,7.52,7.52,7.52
MNSB,2013-07-10,7.52,7.52,7.52,7.52
MNSB,2013-07-11,7.52,7.52,7.52,7.52
MNSB,2013-07-12,7.52,7.52,7.52,7.52
MNSB,2013-07-15,7.52,7.52,7.52,7.52
MNSB,2013-07-16,7.52,7.52,7.52,7.52
MNSB,2013-07-17,7.52,7.52,7.52,7.52
MNSB,2013-07-18,7.52,7.52,7.52,7.52
MNSB,2013-07-19,7.52,7.52,7.52,7.52
MNSB,2013-07-22,7.52,7.52,7.52,7.52
MNSB,2013-07-23,7.52,7.52,7.52,7.52
MNSB,2013-07-24,7.57,7.62,7.57,7.62
MNSB,2013-07-25,7.62,7.62,7.62,7.62
MNSB,2013-07-26,7.62,7.62,7.62,7.62
MNSB,2013-07-29,7.62,7.62,7.62,7.62
MNSB,2013-07-30,7.62,7.62,7.62,7.62
MNSB,2013-07-31,7.62,7.62,7.62,7.62
MNSB,2013-08-01,7.62,7.67,7.62,7.67
MNSB,2013-08-02,7.67,7.67,7.67,7.67
MNSB,2013-08-05,7.62,7.62,7.62,7.62
MNSB,2013-08-06,7.62,7.76,7.62,7.76
MNSB,2013-08-07,7.76,7.76,7.76,7.76
MNSB,2013-08-08,7.81,7.95,7.81,7.95
MNSB,2013-08-09,7.95,7.95,7.95,7.95
MNSB,2013-08-12,7.81,7.81,7.81,7.81
MNSB,2013-08-13,7.81,7.81,7.81,7.81
MNSB,2013-08-14,7.81,7.81,7.81,7.81
MNSB,2013-08-15,7.81,7.81,7.81,7.81
MNSB,2013-08-16,7.86,7.86,7.86,7.86
MNSB,2013-08-19,7.86,7.86,7.86,7.86
MNSB,2013-08-20,7.86,7.86,7.86,7.86
MNSB,2013-08-21,7.86,7.86,7.86,7.86
MNSB,2013-08-22,7.86,7.86,7.86,7.86
MNSB,2013-08-23,7.86,7.86,7.86,7.86
MNSB,2013-08-26,7.33,7.33,7.33,7.33
MNSB,2013-08-27,7.33,7.33,7.33,7.33
MNSB,2013-08-28,7.33,7.33,7.33,7.33
MNSB,2013-08-29,7.38,7.38,7.33,7.33
MNSB,2013-08-30,7.33,7.33,7.33,7.33
MNSB,2013-09-03,7.33,7.33,7.33,7.33
MNSB,2013-09-04,7.33,7.33,7.33,7.33
MNSB,2013-09-05,7.33,7.33,7.33,7.33
MNSB,2013-09-06,7.33,7.33,7.33,7.33
MNSB,2013-09-09,7.33,7.33,7.33,7.33
MNSB,2013-09-10,7.33,7.33,7.33,7.33
MNSB,2013-09-11,7.33,7.33,7.33,7.33
MNSB,2013-09-12,7.33,7.33,7.33,7.33
MNSB,2013-09-13,7.33,7.33,7.33,7.33
MNSB,2013-09-16,7.33,7.33,7.33,7.33
MNSB,2013-09-17,7.33,7.33,7.33,7.33
MNSB,2013-09-18,7.33,7.33,7.33,7.33
MNSB,2013-09-19,7.33,7.33,7.33,7.33
MNSB,2013-09-20,7.33,7.33,7.33,7.33
MNSB,2013-09-23,7.3,7.3,7.24,7.24
MNSB,2013-09-24,7.24,7.52,7.14,7.52
MNSB,2013-09-25,7.52,7.52,7.52,7.52
MNSB,2013-09-26,7.52,7.52,7.52,7.52
MNSB,2013-09-27,7.52,7.52,7.52,7.52
MNSB,2013-09-30,7.52,7.52,7.52,7.52
MNSB,2013-10-01,7.52,7.52,7.52,7.52
MNSB,2013-10-02,7.52,7.52,7.52,7.52
MNSB,2013-10-03,7.52,7.52,7.52,7.52
MNSB,2013-10-04,7.52,7.52,7.52,7.52
MNSB,2013-10-07,7.52,7.52,7.52,7.52
MNSB,2013-10-08,7.52,7.52,7.52,7.52
MNSB,2013-10-09,7.52,7.52,7.52,7.52
MNSB,2013-10-10,7.52,7.52,7.52,7.52
MNSB,2013-10-11,7.52,7.52,7.52,7.52
MNSB,2013-10-14,7.57,7.62,7.2,7.2
MNSB,2013-10-15,7.2,7.2,7.2,7.2
MNSB,2013-10-16,7.2,7.2,7.2,7.2
MNSB,2013-10-17,7.2,7.2,7.2,7.2
MNSB,2013-10-18,7.24,7.5,7.24,7.43
MNSB,2013-10-21,7.52,7.52,7.52,7.52
MNSB,2013-10-22,7.52,7.52,7.52,7.52
MNSB,2013-10-23,7.52,7.52,7.52,7.52
MNSB,2013-10-24,7.52,7.52,7.52,7.52
MNSB,2013-10-25,7.52,7.52,7.52,7.52
MNSB,2013-10-28,7.52,7.52,7.52,7.52
MNSB,2013-10-29,7.52,7.52,7.52,7.52
MNSB,2013-10-30,7.52,7.52,7.52,7.52
MNSB,2013-10-31,7.43,7.43,7.43,7.43
MNSB,2013-11-01,7.43,7.43,7.43,7.43
MNSB,2013-11-04,7.43,7.43,7.43,7.43
MNSB,2013-11-05,7.43,7.43,7.43,7.43
MNSB,2013-11-06,7.43,7.43,7.43,7.43
MNSB,2013-11-07,7.29,7.29,7.29,7.29
MNSB,2013-11-08,7.29,7.29,7.29,7.29
MNSB,2013-11-11,7.29,7.29,7.29,7.29
MNSB,2013-11-12,7.29,7.29,7.29,7.29
MNSB,2013-11-13,7.29,7.29,7.29,7.29
MNSB,2013-11-14,7.29,7.29,7.29,7.29
MNSB,2013-11-15,7.52,7.52,7.52,7.52
MNSB,2013-11-18,7.38,7.38,7.38,7.38
MNSB,2013-11-19,7.24,7.24,7.24,7.24
MNSB,2013-11-20,7.24,7.24,7.24,7.24
MNSB,2013-11-21,7.24,7.24,7.24,7.24
MNSB,2013-11-22,7.24,7.24,7.24,7.24
MNSB,2013-11-25,7.24,7.24,7.24,7.24
MNSB,2013-11-26,7.24,7.24,7.24,7.24
MNSB,2013-11-27,7.24,7.24,7.24,7.24
MNSB,2013-11-29,7.24,7.24,7.24,7.24
MNSB,2013-12-02,7.57,7.67,7.52,7.52
MNSB,2013-12-03,7.52,7.52,7.52,7.52
MNSB,2013-12-04,7.52,7.52,7.52,7.52
MNSB,2013-12-05,7.52,7.52,7.52,7.52
MNSB,2013-12-06,7.52,7.52,7.52,7.52
MNSB,2013-12-09,7.67,7.67,7.62,7.62
MNSB,2013-12-10,7.62,7.62,7.62,7.62
MNSB,2013-12-11,7.52,7.52,7.52,7.52
MNSB,2013-12-12,7.52,7.52,7.52,7.52
MNSB,2013-12-13,7.52,7.52,7.38,7.38
MNSB,2013-12-16,7.38,7.38,7.38,7.38
MNSB,2013-12-17,7.38,7.38,7.38,7.38
MNSB,2013-12-18,7.38,7.38,7.38,7.38
MNSB,2013-12-19,7.52,7.52,7.38,7.38
MNSB,2013-12-20,7.38,7.38,7.38,7.38
MNSB,2013-12-23,7.52,7.52,7.52,7.52
MNSB,2013-12-24,7.38,7.38,7.38,7.38
MNSB,2013-12-26,7.38,7.38,7.38,7.38
MNSB,2013-12-27,7.38,7.38,7.38,7.38
MNSB,2013-12-30,7.38,7.38,7.38,7.38
MNSB,2013-12-31,7.43,7.71,7.43,7.71
MNSB,2014-01-02,7.71,7.71,7.71,7.71
MNSB,2014-01-03,7.71,7.71,7.71,7.71
MNSB,2014-01-06,7.71,7.71,7.71,7.71
MNSB,2014-01-07,7.71,7.71,7.71,7.71
MNSB,2014-01-08,7.62,7.62,7.62,7.62
MNSB,2014-01-09,7.62,7.62,7.62,7.62
MNSB,2014-01-10,7.62,7.62,7.62,7.62
MNSB,2014-01-13,7.62,7.62,7.62,7.62
MNSB,2014-01-14,7.62,7.62,7.62,7.62
MNSB,2014-01-15,7.62,7.62,7.62,7.62
MNSB,2014-01-16,7.67,7.86,7.67,7.67
MNSB,2014-01-17,7.63,7.67,7.62,7.67
MNSB,2014-01-21,7.62,7.67,7.62,7.67
MNSB,2014-01-22,7.71,7.71,7.71,7.71
MNSB,2014-01-23,7.71,7.71,7.71,7.71
MNSB,2014-01-24,8.1,8.1,8.1,8.1
MNSB,2014-01-27,8.1,8.1,8.1,8.1
MNSB,2014-01-28,8.1,8.1,8.1,8.1
MNSB,2014-01-29,7.64,7.64,7.64,7.64
MNSB,2014-01-30,7.64,7.64,7.64,7.64
MNSB,2014-01-31,7.64,7.64,7.64,7.64
MNSB,2014-02-03,7.64,7.64,7.64,7.64
MNSB,2014-02-04,7.64,7.64,7.64,7.64
MNSB,2014-02-05,7.64,7.64,7.64,7.64
MNSB,2014-02-06,7.64,7.64,7.64,7.64
MNSB,2014-02-07,7.64,7.64,7.64,7.64
MNSB,2014-02-10,7.67,7.67,7.67,7.67
MNSB,2014-02-11,7.67,7.67,7.67,7.67
MNSB,2014-02-12,7.67,7.67,7.67,7.67
MNSB,2014-02-13,7.67,7.67,7.67,7.67
MNSB,2014-02-14,7.67,7.67,7.67,7.67
MNSB,2014-02-18,7.62,7.62,7.5,7.5
MNSB,2014-02-19,7.62,7.62,7.52,7.52
MNSB,2014-02-20,7.52,7.52,7.52,7.52
MNSB,2014-02-21,7.52,7.52,7.52,7.52
MNSB,2014-02-24,7.71,7.71,7.71,7.71
MNSB,2014-02-25,7.52,7.52,7.43,7.43
MNSB,2014-02-26,7.71,7.81,7.71,7.81
MNSB,2014-02-27,7.81,7.81,7.81,7.81
MNSB,2014-02-28,7.81,7.81,7.81,7.81
MNSB,2014-03-03,7.81,7.81,7.81,7.81
MNSB,2014-03-04,7.63,7.63,7.63,7.63
MNSB,2014-03-05,7.63,7.63,7.63,7.63
MNSB,2014-03-06,7.62,7.62,7.62,7.62
MNSB,2014-03-07,7.62,7.62,7.44,7.44
MNSB,2014-03-10,7.44,7.44,7.44,7.44
MNSB,2014-03-11,7.44,7.44,7.44,7.44
MNSB,2014-03-12,7.48,7.62,7.48,7.62
MNSB,2014-03-13,7.5,7.5,7.5,7.5
MNSB,2014-03-14,7.5,7.5,7.5,7.5
MNSB,2014-03-17,7.44,7.52,7.35,7.44
MNSB,2014-03-18,7.44,7.44,7.44,7.44
MNSB,2014-03-19,7.44,7.44,7.44,7.44
MNSB,2014-03-20,7.44,7.44,7.44,7.44
MNSB,2014-03-21,7.44,7.44,7.44,7.44
MNSB,2014-03-24,7.4,7.4,7.4,7.4
MNSB,2014-03-25,7.4,7.4,7.4,7.4
MNSB,2014-03-26,7.52,7.52,7.52,7.52
MNSB,2014-03-27,7.52,7.52,7.52,7.52
MNSB,2014-03-28,7.52,7.52,7.52,7.52
MNSB,2014-03-31,7.38,7.38,7.38,7.38
MNSB,2014-04-01,7.52,7.52,7.38,7.38
MNSB,2014-04-02,7.35,7.35,7.35,7.35
MNSB,2014-04-03,7.35,7.48,7.35,7.48
MNSB,2014-04-04,7.48,7.48,7.38,7.38
MNSB,2014-04-07,7.35,7.35,7.35,7.35
MNSB,2014-04-08,7.35,7.35,7.35,7.35
MNSB,2014-04-09,7.35,7.35,7.35,7.35
MNSB,2014-04-10,7.35,7.35,7.35,7.35
MNSB,2014-04-11,7.48,7.52,7.48,7.52
MNSB,2014-04-14,7.52,7.52,7.52,7.52
MNSB,2014-04-15,7.52,7.52,7.52,7.52
MNSB,2014-04-16,7.52,7.52,7.52,7.52
MNSB,2014-04-17,7.52,7.52,7.52,7.52
MNSB,2014-04-21,7.57,7.57,7.38,7.38
MNSB,2014-04-22,7.38,7.38,7.38,7.38
MNSB,2014-04-23,7.38,7.38,7.38,7.38
MNSB,2014-04-24,7.38,7.38,7.38,7.38
MNSB,2014-04-25,7.38,7.38,7.38,7.38
MNSB,2014-04-28,7.38,7.38,7.38,7.38
MNSB,2014-04-29,7.38,7.38,7.38,7.38
MNSB,2014-04-30,7.52,7.52,7.52,7.52
MNSB,2014-05-01,7.52,7.52,7.33,7.33
MNSB,2014-05-02,7.33,7.33,7.33,7.33
MNSB,2014-05-05,7.33,7.33,7.33,7.33
MNSB,2014-05-06,7.33,7.33,7.33,7.33
MNSB,2014-05-07,7.52,7.52,7.52,7.52
MNSB,2014-05-08,7.52,7.52,7.52,7.52
MNSB,2014-05-09,7.52,7.52,7.52,7.52
MNSB,2014-05-12,7.48,7.48,7.48,7.48
MNSB,2014-05-13,7.48,7.48,7.48,7.48
MNSB,2014-05-14,7.48,7.48,7.48,7.48
MNSB,2014-05-15,7.48,7.48,7.48,7.48
MNSB,2014-05-16,7.48,7.48,7.48,7.48
MNSB,2014-05-19,7.48,7.48,7.48,7.48
MNSB,2014-05-20,7.62,7.9,7.62,7.9
MNSB,2014-05-21,7.9,7.9,7.76,7.9
MNSB,2014-05-22,7.9,7.9,7.9,7.9
MNSB,2014-05-23,7.81,7.81,7.81,7.81
MNSB,2014-05-27,7.9,7.9,7.9,7.9
MNSB,2014-05-28,7.81,7.81,7.81,7.81
MNSB,2014-05-29,7.71,7.71,7.71,7.71
MNSB,2014-05-30,7.67,7.67,7.52,7.52
MNSB,2014-06-02,7.57,7.57,7.57,7.57
MNSB,2014-06-03,7.57,7.57,7.57,7.57
MNSB,2014-06-04,7.52,7.52,7.43,7.43
MNSB,2014-06-05,7.43,7.43,7.43,7.43
MNSB,2014-06-06,7.43,7.43,7.43,7.43
MNSB,2014-06-09,7.43,7.43,7.43,7.43
MNSB,2014-06-10,7.43,7.43,7.43,7.43
MNSB,2014-06-11,7.43,7.43,7.43,7.43
MNSB,2014-06-12,7.43,7.43,7.43,7.43
MNSB,2014-06-13,7.62,7.62,7.62,7.62
MNSB,2014-06-16,7.62,7.62,7.62,7.62
MNSB,2014-06-17,7.62,7.62,7.62,7.62
MNSB,2014-06-18,7.71,7.71,7.62,7.62
MNSB,2014-06-19,7.57,7.57,7.57,7.57
MNSB,2014-06-20,7.57,7.57,7.57,7.57
MNSB,2014-06-23,7.67,8.0,7.67,8.0
MNSB,2014-06-24,7.9,8.1,7.9,8.1
MNSB,2014-06-25,7.95,7.95,7.86,7.86
MNSB,2014-06-26,7.86,7.86,7.86,7.86
MNSB,2014-06-27,7.86,7.86,7.86,7.86
MNSB,2014-06-30,8.1,8.1,8.1,8.1
MNSB,2014-07-01,8.1,8.29,8.1,8.29
MNSB,2014-07-02,8.33,8.33,8.33,8.33
MNSB,2014-07-03,8.33,8.33,8.33,8.33
MNSB,2014-07-07,8.33,8.33,8.33,8.33
MNSB,2014-07-08,8.33,8.33,8.33,8.33
MNSB,2014-07-09,8.33,8.33,8.33,8.33
MNSB,2014-07-10,7.86,7.86,7.81,7.81
MNSB,2014-07-11,7.81,7.81,7.81,7.81
MNSB,2014-07-14,7.81,7.81,7.81,7.81
MNSB,2014-07-15,7.81,7.81,7.81,7.81
MNSB,2014-07-16,7.81,7.81,7.81,7.81
MNSB,2014-07-17,7.81,7.81,7.81,7.81
MNSB,2014-07-18,7.81,7.81,7.81,7.81
MNSB,2014-07-21,7.81,7.81,7.81,7.81
MNSB,2014-07-22,7.81,7.81,7.81,7.81
MNSB,2014-07-23,7.95,7.95,7.95,7.95
MNSB,2014-07-24,8.0,8.0,8.0,8.0
MNSB,2014-07-25,8.05,8.05,8.05,8.05
MNSB,2014-07-28,8.1,8.1,8.1,8.1
MNSB,2014-07-29,8.1,8.1,8.1,8.1
MNSB,2014-07-30,8.1,8.1,8.1,8.1
MNSB,2014-07-31,8.33,8.33,8.33,8.33
MNSB,2014-08-01,8.33,8.33,8.33,8.33
MNSB,2014-08-04,8.33,8.33,8.14,8.14
MNSB,2014-08-05,8.33,8.33,8.33,8.33
MNSB,2014-08-06,8.33,8.33,8.33,8.33
MNSB,2014-08-07,8.1,8.1,8.1,8.1
MNSB,2014-08-08,8.1,8.1,8.1,8.1
MNSB,2014-08-11,8.33,8.33,8.33,8.33
MNSB,2014-08-12,8.33,8.33,8.33,8.33
MNSB,2014-08-13,8.1,8.1,8.1,8.1
MNSB,2014-08-14,8.1,8.1,8.1,8.1
MNSB,2014-08-15,8.1,8.1,8.1,8.1
MNSB,2014-08-18,8.0,8.09,7.71,7.71
MNSB,2014-08-19,7.71,7.71,7.71,7.71
MNSB,2014-08-20,7.71,7.71,7.71,7.71
MNSB,2014-08-21,7.71,7.71,7.71,7.71
MNSB,2014-08-22,7.71,7.71,7.71,7.71
MNSB,2014-08-25,7.71,7.71,7.71,7.71
MNSB,2014-08-26,7.9,7.9,7.52,7.52
MNSB,2014-08-27,7.86,7.86,7.86,7.86
MNSB,2014-08-28,7.86,7.86,7.86,7.86
MNSB,2014-08-29,7.86,7.86,7.86,7.86
MNSB,2014-09-02,7.54,7.67,7.48,7.67
MNSB,2014-09-03,7.67,7.67,7.67,7.67
MNSB,2014-09-04,7.67,7.67,7.67,7.67
MNSB,2014-09-05,7.67,7.67,7.67,7.67
MNSB,2014-09-08,7.52,7.53,7.48,7.48
MNSB,2014-09-09,7.48,7.48,7.48,7.48
MNSB,2014-09-10,7.48,7.48,7.48,7.48
MNSB,2014-09-11,7.62,7.62,7.62,7.62
MNSB,2014-09-12,7.62,7.62,7.62,7.62
MNSB,2014-09-15,7.64,7.64,7.64,7.64
MNSB,2014-09-16,7.64,7.64,7.64,7.64
MNSB,2014-09-17,7.62,7.62,7.62,7.62
MNSB,2014-09-18,7.62,7.62,7.62,7.62
MNSB,2014-09-19,7.62,7.62,7.62,7.62
MNSB,2014-09-22,7.67,7.67,7.62,7.62
MNSB,2014-09-23,7.62,7.62,7.62,7.62
MNSB,2014-09-24,7.62,7.62,7.62,7.62
MNSB,2014-09-25,7.62,7.62,7.62,7.62
MNSB,2014-09-26,7.62,7.62,7.62,7.62
MNSB,2014-09-29,7.62,7.62,7.62,7.62
MNSB,2014-09-30,7.62,7.62,7.62,7.62
MNSB,2014-10-01,7.57,7.57,7.57,7.57
MNSB,2014-10-02,7.62,7.62,7.62,7.62
MNSB,2014-10-03,7.67,7.67,7.67,7.67
MNSB,2014-10-06,7.71,7.9,7.71,7.9
MNSB,2014-10-07,7.9,7.9,7.9,7.9
MNSB,2014-10-08,7.9,7.9,7.9,7.9
MNSB,2014-10-09,7.9,7.9,7.9,7.9
MNSB,2014-10-10,7.9,7.9,7.9,7.9
MNSB,2014-10-13,7.9,7.9,7.9,7.9
MNSB,2014-10-14,7.9,7.9,7.9,7.9
MNSB,2014-10-15,7.86,8.1,7.86,8.05
MNSB,2014-10-16,8.05,8.05,8.05,8.05
MNSB,2014-10-17,8.05,8.05,8.05,8.05
MNSB,2014-10-20,8.05,8.05,8.05,8.05
MNSB,2014-10-21,7.81,8.38,7.81,8.38
MNSB,2014-10-22,8.38,8.38,8.38,8.38
MNSB,2014-10-23,8.38,8.48,8.38,8.48
MNSB,2014-10-24,8.48,8.48,8.25,8.25
MNSB,2014-10-27,8.24,8.33,8.24,8.33
MNSB,2014-10-28,8.24,8.24,8.24,8.24
MNSB,2014-10-29,8.33,8.33,8.33,8.33
MNSB,2014-10-30,8.33,8.33,8.33,8.33
MNSB,2014-10-31,8.33,8.33,8.33,8.33
MNSB,2014-11-03,8.48,8.48,8.38,8.38
MNSB,2014-11-04,8.33,8.52,8.33,8.52
MNSB,2014-11-05,8.52,8.52,8.38,8.38
MNSB,2014-11-06,8.1,8.38,8.1,8.38
MNSB,2014-11-07,8.38,8.38,8.38,8.38
MNSB,2014-11-10,8.52,8.52,8.52,8.52
MNSB,2014-11-11,8.52,8.52,8.52,8.52
MNSB,2014-11-12,8.52,8.52,8.52,8.52
MNSB,2014-11-13,8.52,8.52,8.52,8.52
MNSB,2014-11-14,8.52,8.52,8.52,8.52
MNSB,2014-11-17,8.52,8.52,8.52,8.52
MNSB,2014-11-18,8.57,8.57,8.57,8.57
MNSB,2014-11-19,8.57,8.57,8.57,8.57
MNSB,2014-11-20,8.48,8.48,8.48,8.48
MNSB,2014-11-21,8.48,8.48,8.48,8.48
MNSB,2014-11-24,8.48,8.48,8.48,8.48
MNSB,2014-11-25,8.62,8.62,8.62,8.62
MNSB,2014-11-26,8.58,8.58,8.58,8.58
MNSB,2014-11-28,8.58,8.58,8.58,8.58
MNSB,2014-12-01,8.58,8.58,8.58,8.58
MNSB,2014-12-02,8.53,8.53,8.52,8.52
MNSB,2014-12-03,8.52,8.52,8.52,8.52
MNSB,2014-12-04,8.52,8.52,8.52,8.52
MNSB,2014-12-05,8.52,8.52,8.38,8.43
MNSB,2014-12-08,8.38,8.38,8.38,8.38
MNSB,2014-12-09,8.62,8.62,8.62,8.62
MNSB,2014-12-10,8.62,8.62,8.62,8.62
MNSB,2014-12-11,8.43,8.57,8.43,8.57
MNSB,2014-12-12,8.57,8.57,8.57,8.57
MNSB,2014-12-15,8.46,8.46,7.99,8.1
MNSB,2014-12-16,8.13,8.13,8.13,8.13
MNSB,2014-12-17,8.48,8.52,8.48,8.52
MNSB,2014-12-18,8.13,8.13,8.13,8.13
MNSB,2014-12-19,8.52,8.52,8.52,8.52
MNSB,2014-12-22,8.19,8.19,8.19,8.19
MNSB,2014-12-23,8.38,8.38,8.19,8.19
MNSB,2014-12-24,8.19,8.19,8.19,8.19
MNSB,2014-12-26,8.19,8.19,8.19,8.19
MNSB,2014-12-29,8.52,8.67,8.52,8.52
MNSB,2014-12-30,8.57,8.57,8.57,8.57
MNSB,2014-12-31,8.48,8.48,8.48,8.48
MNSB,2015-01-02,8.48,8.48,8.48,8.48
MNSB,2015-01-05,8.67,8.9,8.67,8.9
MNSB,2015-01-06,8.9,8.9,8.9,8.9
MNSB,2015-01-07,8.76,8.76,8.56,8.57
MNSB,2015-01-08,8.57,8.57,8.56,8.56
MNSB,2015-01-09,8.57,8.57,8.5,8.5
MNSB,2015-01-12,8.5,8.5,8.5,8.5
MNSB,2015-01-13,8.52,8.52,8.52,8.52
MNSB,2015-01-14,8.54,8.54,8.52,8.52
MNSB,2015-01-15,8.52,8.52,8.52,8.52
MNSB,2015-01-16,8.52,8.52,8.52,8.52
MNSB,2015-01-20,8.5,8.5,8.41,8.48
MNSB,2015-01-21,8.48,8.48,8.48,8.48
MNSB,2015-01-22,8.48,8.48,8.48,8.48
MNSB,2015-01-23,8.5,8.5,8.5,8.5
MNSB,2015-01-26,8.5,8.5,8.5,8.5
MNSB,2015-01-27,8.5,8.5,8.5,8.5
MNSB,2015-01-28,8.5,8.5,8.5,8.5
MNSB,2015-01-29,8.5,8.5,8.5,8.5
MNSB,2015-01-30,8.5,8.5,8.5,8.5
MNSB,2015-02-02,8.5,8.5,8.38,8.38
MNSB,2015-02-03,8.38,8.38,8.38,8.38
MNSB,2015-02-04,8.38,8.38,8.38,8.38
MNSB,2015-02-05,8.38,8.38,8.38,8.38
MNSB,2015-02-06,8.53,8.56,8.53,8.56
MNSB,2015-02-09,8.56,8.57,8.55,8.55
MNSB,2015-02-10,8.55,8.67,8.55,8.57
MNSB,2015-02-11,8.48,8.67,8.48,8.67
MNSB,2015-02-12,8.67,8.67,8.67,8.67
MNSB,2015-02-13,8.57,8.57,8.53,8.53
MNSB,2015-02-17,8.53,8.53,8.53,8.53
MNSB,2015-02-18,8.67,8.67,8.67,8.67
MNSB,2015-02-19,8.53,8.53,8.48,8.48
MNSB,2015-02-20,8.57,8.57,8.57,8.57
MNSB,2015-02-23,8.52,8.52,8.52,8.52
MNSB,2015-02-24,8.43,8.57,8.38,8.57
MNSB,2015-02-25,8.57,8.57,8.57,8.57
MNSB,2015-02-26,8.57,8.57,8.57,8.57
MNSB,2015-02-27,8.57,8.57,8.57,8.57
MNSB,2015-03-02,8.57,8.7,8.57,8.7
MNSB,2015-03-03,8.7,8.7,8.7,8.7
MNSB,2015-03-04,8.7,8.7,8.7,8.7
MNSB,2015-03-05,8.7,8.7,8.7,8.7
MNSB,2015-03-06,8.71,8.71,8.6,8.6
MNSB,2015-03-09,8.66,8.66,8.66,8.66
MNSB,2015-03-10,8.67,8.71,8.66,8.71
MNSB,2015-03-11,8.76,8.76,8.76,8.76
MNSB,2015-03-12,8.76,8.76,8.76,8.76
MNSB,2015-03-13,8.81,8.95,8.81,8.95
MNSB,2015-03-16,8.95,8.95,8.95,8.95
MNSB,2015-03-17,9.04,9.04,9.04,9.04
MNSB,2015-03-18,9.04,9.04,9.04,9.04
MNSB,2015-03-19,9.04,9.04,9.04,9.04
MNSB,2015-03-20,8.9,8.9,8.9,8.9
MNSB,2015-03-23,8.9,8.91,8.9,8.91
MNSB,2015-03-24,8.91,8.91,8.91,8.91
MNSB,2015-03-25,8.9,8.9,8.9,8.9
MNSB,2015-03-26,9.0,9.0,9.0,9.0
MNSB,2015-03-27,9.0,9.0,9.0,9.0
MNSB,2015-03-30,8.95,8.95,8.9,8.95
MNSB,2015-03-31,8.95,8.95,8.95,8.95
MNSB,2015-04-01,9.04,9.04,8.97,8.97
MNSB,2015-04-02,9.04,9.05,8.99,8.99
MNSB,2015-04-06,9.07,9.07,8.99,8.99
MNSB,2015-04-07,9.14,9.14,9.14,9.14
MNSB,2015-04-08,9.14,9.14,9.14,9.14
MNSB,2015-04-09,9.14,9.14,9.14,9.14
MNSB,2015-04-10,9.14,9.14,9.14,9.14
MNSB,2015-04-13,9.14,9.14,9.14,9.14
MNSB,2015-04-14,9.14,9.14,9.14,9.14
MNSB,2015-04-15,9.14,9.14,9.14,9.14
MNSB,2015-04-16,9.14,9.14,9.14,9.14
MNSB,2015-04-17,9.0,9.0,8.95,8.95
MNSB,2015-04-20,9.0,9.0,9.0,9.0
MNSB,2015-04-21,9.0,9.0,9.0,9.0
MNSB,2015-04-22,9.0,9.0,9.0,9.0
MNSB,2015-04-23,9.0,9.0,9.0,9.0
MNSB,2015-04-24,9.14,9.14,9.14,9.14
MNSB,2015-04-27,8.86,8.86,8.86,8.86
MNSB,2015-04-28,8.86,8.86,8.82,8.82
MNSB,2015-04-29,8.95,8.95,8.95,8.95
MNSB,2015-04-30,8.95,8.95,8.95,8.95
MNSB,2015-05-01,8.95,8.95,8.95,8.95
MNSB,2015-05-04,8.95,8.95,8.95,8.95
MNSB,2015-05-05,9.05,9.05,9.05,9.05
MNSB,2015-05-06,9.05,9.05,9.05,9.05
MNSB,2015-05-07,9.05,9.05,9.05,9.05
MNSB,2015-05-08,9.05,9.05,9.05,9.05
MNSB,2015-05-11,8.95,9.05,8.95,9.05
MNSB,2015-05-12,9.1,9.14,9.1,9.14
MNSB,2015-05-13,9.1,9.1,9.1,9.1
MNSB,2015-05-14,9.05,9.05,9.05,9.05
MNSB,2015-05-15,9.05,9.05,9.05,9.05
MNSB,2015-05-18,9.05,9.19,9.05,9.19
MNSB,2015-05-19,9.19,9.19,9.19,9.19
MNSB,2015-05-20,9.19,9.19,9.19,9.19
MNSB,2015-05-21,9.19,9.19,9.19,9.19
MNSB,2015-05-22,9.19,9.19,9.19,9.19
MNSB,2015-05-26,9.24,9.24,9.24,9.24
MNSB,2015-05-27,9.42,9.42,9.42,9.42
MNSB,2015-05-28,9.29,9.42,9.29,9.38
MNSB,2015-05-29,9.38,9.38,9.38,9.38
MNSB,2015-06-01,9.51,9.52,9.51,9.52
MNSB,2015-06-02,9.59,9.63,9.59,9.63
MNSB,2015-06-03,9.63,9.63,9.63,9.63
MNSB,2015-06-04,9.63,9.63,9.63,9.63
MNSB,2015-06-05,9.72,9.72,9.67,9.67
MNSB,2015-06-08,9.67,9.67,9.67,9.67
MNSB,2015-06-09,9.67,9.67,9.67,9.67
MNSB,2015-06-10,9.76,9.76,9.43,9.43
MNSB,2015-06-11,9.52,9.52,9.52,9.52
MNSB,2015-06-12,9.52,9.52,9.52,9.52
MNSB,2015-06-15,9.52,9.52,9.52,9.52
MNSB,2015-06-16,9.52,9.52,9.52,9.52
MNSB,2015-06-17,9.52,9.52,9.52,9.52
MNSB,2015-06-18,9.52,9.52,9.52,9.52
MNSB,2015-06-19,9.52,9.52,9.52,9.52
MNSB,2015-06-22,9.52,9.52,9.52,9.52
MNSB,2015-06-23,10.0,10.0,10.0,10.0
MNSB,2015-06-24,10.0,10.0,10.0,10.0
MNSB,2015-06-25,10.0,10.0,10.0,10.0
MNSB,2015-06-26,10.0,10.0,10.0,10.0
MNSB,2015-06-29,9.81,9.81,9.81,9.81
MNSB,2015-06-30,9.71,9.71,9.71,9.71
MNSB,2015-07-01,9.86,9.86,9.86,9.86
MNSB,2015-07-02,9.86,9.86,9.86,9.86
MNSB,2015-07-06,9.86,9.86,9.86,9.86
MNSB,2015-07-07,9.86,9.86,9.86,9.86
MNSB,2015-07-08,9.86,9.86,9.86,9.86
MNSB,2015-07-09,9.86,9.86,9.86,9.86
MNSB,2015-07-10,9.86,9.86,9.86,9.86
MNSB,2015-07-13,10.0,10.0,10.0,10.0
MNSB,2015-07-14,10.0,10.0,10.0,10.0
MNSB,2015-07-15,10.0,10.0,10.0,10.0
MNSB,2015-07-16,10.0,10.0,10.0,10.0
MNSB,2015-07-17,10.0,10.0,10.0,10.0
MNSB,2015-07-20,10.0,10.0,10.0,10.0
MNSB,2015-07-21,10.0,10.0,10.0,10.0
MNSB,2015-07-22,10.0,10.0,10.0,10.0
MNSB,2015-07-23,10.14,10.14,10.1,10.14
MNSB,2015-07-24,10.14,10.14,10.14,10.14
MNSB,2015-07-27,10.14,10.14,10.14,10.14
MNSB,2015-07-28,10.14,10.14,10.14,10.14
MNSB,2015-07-29,10.14,10.14,10.14,10.14
MNSB,2015-07-30,10.14,10.14,10.14,10.14
MNSB,2015-07-31,10.14,10.14,10.14,10.14
MNSB,2015-08-03,10.14,10.14,10.14,10.14
MNSB,2015-08-04,9.95,10.19,9.95,10.19
MNSB,2015-08-05,10.02,10.02,10.02,10.02
MNSB,2015-08-06,10.0,10.0,9.95,10.0
MNSB,2015-08-07,10.0,10.0,10.0,10.0
MNSB,2015-08-10,9.9,9.9,9.9,9.9
MNSB,2015-08-11,9.9,9.9,9.9,9.9
MNSB,2015-08-12,9.9,9.9,9.9,9.9
MNSB,2015-08-13,9.99,9.99,9.99,9.99
MNSB,2015-08-14,9.99,9.99,9.99,9.99
MNSB,2015-08-17,10.0,10.0,10.0,10.0
MNSB,2015-08-18,10.0,10.1,10.0,10.1
MNSB,2015-08-19,10.1,10.1,10.1,10.1
MNSB,2015-08-20,10.19,10.19,9.83,9.83
MNSB,2015-08-21,9.86,9.86,9.86,9.86
MNSB,2015-08-24,9.81,9.81,9.43,9.43
MNSB,2015-08-25,9.43,9.43,9.43,9.43
MNSB,2015-08-26,9.71,9.89,9.71,9.89
MNSB,2015-08-27,9.89,9.89,9.89,9.89
MNSB,2015-08-28,9.9,9.9,9.9,9.9
MNSB,2015-08-31,9.52,9.9,9.52,9.9
MNSB,2015-09-01,9.71,9.9,9.71,9.9
MNSB,2015-09-02,9.9,9.9,9.9,9.9
MNSB,2015-09-03,9.89,10.0,9.89,10.0
MNSB,2015-09-04,10.05,10.09,9.94,10.09
MNSB,2015-09-08,10.12,10.12,10.12,10.12
MNSB,2015-09-09,10.12,10.12,10.12,10.12
MNSB,2015-09-10,10.13,10.14,10.13,10.14
MNSB,2015-09-11,10.19,10.19,10.19,10.19
MNSB,2015-09-14,10.19,10.19,10.19,10.19
MNSB,2015-09-15,10.05,10.21,10.05,10.19
MNSB,2015-09-16,10.18,10.21,10.18,10.21
MNSB,2015-09-17,10.19,10.19,10.19,10.19
MNSB,2015-09-18,10.19,10.19,10.19,10.19
MNSB,2015-09-21,10.19,10.19,10.19,10.19
MNSB,2015-09-22,10.19,10.19,10.19,10.19
MNSB,2015-09-23,10.0,10.0,9.81,9.81
MNSB,2015-09-24,10.1,10.1,9.99,9.99
MNSB,2015-09-25,10.19,10.25,10.19,10.25
MNSB,2015-09-28,10.25,10.25,10.25,10.25
MNSB,2015-09-29,10.36,11.04,10.36,11.04
MNSB,2015-09-30,11.04,11.04,11.04,11.04
MNSB,2015-10-01,11.04,11.04,11.04,11.04
MNSB,2015-10-02,11.04,11.04,11.04,11.04
MNSB,2015-10-05,11.04,11.04,11.04,11.04
MNSB,2015-10-06,11.05,11.05,11.05,11.05
MNSB,2015-10-07,11.05,11.05,11.05,11.05
MNSB,2015-10-08,11.05,11.05,11.05,11.05
MNSB,2015-10-09,11.05,11.05,11.05,11.05
MNSB,2015-10-12,11.05,11.05,11.05,11.05
MNSB,2015-10-13,10.48,10.62,10.24,10.24
MNSB,2015-10-14,10.38,10.38,10.24,10.29
MNSB,2015-10-15,10.29,10.29,10.29,10.29
MNSB,2015-10-16,10.29,10.29,10.29,10.29
MNSB,2015-10-19,10.29,10.29,10.29,10.29
MNSB,2015-10-20,10.29,10.29,10.29,10.29
MNSB,2015-10-21,10.29,10.29,10.29,10.29
MNSB,2015-10-22,10.29,10.29,10.29,10.29
MNSB,2015-10-23,10.19,10.19,10.19,10.19
MNSB,2015-10-26,10.19,10.19,10.19,10.19
MNSB,2015-10-27,10.19,10.19,10.19,10.19
MNSB,2015-10-28,10.19,10.24,10.19,10.24
MNSB,2015-10-29,10.24,10.24,10.24,10.24
MNSB,2015-10-30,10.24,10.24,10.24,10.24
MNSB,2015-11-02,10.48,10.95,9.71,10.24
MNSB,2015-11-03,10.24,10.24,10.24,10.24
MNSB,2015-11-04,10.29,10.29,10.29,10.29
MNSB,2015-11-05,10.38,10.76,10.38,10.76
MNSB,2015-11-06,10.89,10.89,10.88,10.88
MNSB,2015-11-09,10.88,10.88,10.88,10.88
MNSB,2015-11-10,10.71,10.95,10.71,10.95
MNSB,2015-11-11,10.95,10.95,10.95,10.95
MNSB,2015-11-12,10.95,10.95,10.95,10.95
MNSB,2015-11-13,10.95,11.1,10.9,10.95
MNSB,2015-11-16,10.95,10.95,10.95,10.95
MNSB,2015-11-17,10.95,11.1,10.95,10.95
MNSB,2015-11-18,10.95,11.08,10.95,11.0
MNSB,2015-11-19,11.1,11.1,11.1,11.1
MNSB,2015-11-20,11.14,11.14,11.14,11.14
MNSB,2015-11-23,11.29,11.33,11.19,11.33
MNSB,2015-11-24,11.43,11.43,11.35,11.43
MNSB,2015-11-25,11.43,11.43,11.43,11.43
MNSB,2015-11-27,11.43,11.43,11.43,11.43
MNSB,2015-11-30,11.43,11.57,11.43,11.57
MNSB,2015-12-01,11.57,11.67,11.57,11.67
MNSB,2015-12-02,11.67,11.67,11.67,11.67
MNSB,2015-12-03,11.67,11.67,11.67,11.67
MNSB,2015-12-04,11.67,11.67,11.67,11.67
MNSB,2015-12-07,11.57,11.57,11.57,11.57
MNSB,2015-12-08,11.57,11.57,11.52,11.52
MNSB,2015-12-09,11.57,11.57,11.43,11.52
MNSB,2015-12-10,11.57,11.58,11.45,11.45
MNSB,2015-12-11,11.45,11.45,11.45,11.45
MNSB,2015-12-14,11.52,11.58,11.52,11.52
MNSB,2015-12-15,11.52,11.62,11.49,11.52
MNSB,2015-12-16,11.62,11.67,11.62,11.67
MNSB,2015-12-17,11.67,11.67,11.67,11.67
MNSB,2015-12-18,11.67,11.67,11.67,11.67
MNSB,2015-12-21,11.67,11.67,11.67,11.67
MNSB,2015-12-22,11.67,11.67,11.67,11.67
MNSB,2015-12-23,11.67,11.67,11.67,11.67
MNSB,2015-12-24,11.67,11.67,11.67,11.67
MNSB,2015-12-28,11.6,11.71,11.6,11.67
MNSB,2015-12-29,11.67,11.67,11.67,11.67
MNSB,2015-12-30,11.62,11.71,11.62,11.71
MNSB,2015-12-31,11.76,11.76,11.76,11.76
MNSB,2016-01-04,11.58,11.58,11.58,11.58
MNSB,2016-01-05,11.65,11.67,11.58,11.67
MNSB,2016-01-06,11.65,11.69,11.65,11.69
MNSB,2016-01-07,11.69,11.69,11.69,11.69
MNSB,2016-01-08,11.67,11.67,11.58,11.64
MNSB,2016-01-11,11.64,11.64,11.64,11.64
MNSB,2016-01-12,11.64,11.64,11.64,11.64
MNSB,2016-01-13,11.64,11.64,11.64,11.64
MNSB,2016-01-14,11.64,11.64,11.58,11.6
MNSB,2016-01-15,11.6,11.6,11.6,11.6
MNSB,2016-01-19,11.58,11.59,11.58,11.59
MNSB,2016-01-20,11.58,11.67,11.48,11.56
MNSB,2016-01-21,11.56,11.56,11.56,11.56
MNSB,2016-01-22,11.56,11.56,11.49,11.49
MNSB,2016-01-25,11.5,11.5,11.5,11.5
MNSB,2016-01-26,11.51,11.51,11.5,11.51
MNSB,2016-01-27,11.49,11.56,11.43,11.5
MNSB,2016-01-28,11.5,11.62,11.5,11.5
MNSB,2016-01-29,11.52,11.52,11.52,11.52
MNSB,2016-02-01,11.52,11.52,11.52,11.52
MNSB,2016-02-02,11.62,11.62,11.62,11.62
MNSB,2016-02-03,11.62,11.62,11.62,11.62
MNSB,2016-02-04,11.67,11.67,11.67,11.67
MNSB,2016-02-05,11.67,11.67,11.67,11.67
MNSB,2016-02-08,11.67,11.67,11.67,11.67
MNSB,2016-02-09,11.67,11.67,11.67,11.67
MNSB,2016-02-10,11.52,11.67,11.52,11.67
MNSB,2016-02-11,11.67,11.67,11.67,11.67
MNSB,2016-02-12,11.67,11.67,11.67,11.67
MNSB,2016-02-16,11.67,11.67,11.67,11.67
MNSB,2016-02-17,11.54,11.57,11.54,11.57
MNSB,2016-02-18,11.57,11.57,11.57,11.57
MNSB,2016-02-19,11.67,11.67,11.67,11.67
MNSB,2016-02-22,11.62,11.76,11.62,11.76
MNSB,2016-02-23,11.52,11.62,11.52,11.62
MNSB,2016-02-24,11.57,11.57,11.57,11.57
MNSB,2016-02-25,11.6,11.71,11.57,11.57
MNSB,2016-02-26,11.57,11.57,11.57,11.57
MNSB,2016-02-29,11.57,11.57,11.57,11.57
MNSB,2016-03-01,11.67,11.67,11.67,11.67
MNSB,2016-03-02,11.67,11.67,11.67,11.67
MNSB,2016-03-03,11.67,11.67,11.67,11.67
MNSB,2016-03-04,11.67,11.76,11.64,11.76
MNSB,2016-03-07,11.76,11.76,11.76,11.76
MNSB,2016-03-08,11.71,11.71,11.67,11.67
MNSB,2016-03-09,11.71,11.71,11.71,11.71
MNSB,2016-03-10,11.67,11.67,11.67,11.67
MNSB,2016-03-11,11.71,11.81,11.71,11.71
MNSB,2016-03-14,11.71,11.71,11.71,11.71
MNSB,2016-03-15,11.71,11.71,11.62,11.62
MNSB,2016-03-16,11.62,11.62,11.62,11.62
MNSB,2016-03-17,11.52,11.52,11.52,11.52
MNSB,2016-03-18,11.52,11.52,11.52,11.52
MNSB,2016-03-21,11.52,11.57,11.52,11.52
MNSB,2016-03-22,11.48,11.48,10.95,11.43
MNSB,2016-03-23,11.43,11.43,11.43,11.43
MNSB,2016-03-24,11.33,11.38,11.33,11.38
MNSB,2016-03-28,11.38,11.38,11.38,11.38
MNSB,2016-03-29,11.38,11.38,11.38,11.38
MNSB,2016-03-30,11.38,11.38,11.38,11.38
MNSB,2016-03-31,11.38,11.38,11.38,11.38
MNSB,2016-04-01,11.38,11.38,11.38,11.38
MNSB,2016-04-04,11.38,11.38,11.38,11.38
MNSB,2016-04-05,11.38,11.38,11.38,11.38
MNSB,2016-04-06,11.33,11.43,11.33,11.38
MNSB,2016-04-07,11.38,11.38,11.38,11.38
MNSB,2016-04-08,10.95,10.95,10.86,10.86
MNSB,2016-04-11,11.0,11.0,11.0,11.0
MNSB,2016-04-12,11.33,11.52,11.33,11.52
MNSB,2016-04-13,11.43,11.43,10.95,10.95
MNSB,2016-04-14,11.05,11.07,10.95,10.95
MNSB,2016-04-15,11.0,11.0,11.0,11.0
MNSB,2016-04-18,10.9,10.9,10.81,10.81
MNSB,2016-04-19,10.71,10.71,10.55,10.55
MNSB,2016-04-20,10.55,10.71,10.52,10.71
MNSB,2016-04-21,10.71,10.71,10.71,10.71
MNSB,2016-04-22,10.76,10.9,10.76,10.9
MNSB,2016-04-25,10.71,10.86,10.71,10.86
MNSB,2016-04-26,10.86,10.95,10.86,10.95
MNSB,2016-04-27,10.86,10.86,10.86,10.86
MNSB,2016-04-28,10.86,10.86,10.86,10.86
MNSB,2016-04-29,10.86,10.86,10.86,10.86
MNSB,2016-05-02,10.86,10.86,10.86,10.86
MNSB,2016-05-03,10.86,10.86,10.86,10.86
MNSB,2016-05-04,10.86,10.86,10.86,10.86
MNSB,2016-05-05,10.95,10.97,10.95,10.95
MNSB,2016-05-06,10.97,10.97,10.95,10.97
MNSB,2016-05-09,11.0,11.1,11.0,11.1
MNSB,2016-05-10,11.1,11.1,11.1,11.1
MNSB,2016-05-11,11.1,11.1,11.1,11.1
MNSB,2016-05-12,11.1,11.24,11.1,11.19
MNSB,2016-05-13,10.95,10.95,10.86,10.9
MNSB,2016-05-16,10.86,10.86,10.86,10.86
MNSB,2016-05-17,10.88,10.88,10.88,10.88
MNSB,2016-05-18,10.76,10.76,10.76,10.76
MNSB,2016-05-19,10.62,10.76,10.62,10.76
MNSB,2016-05-20,10.76,10.76,10.76,10.76
MNSB,2016-05-23,10.76,10.76,10.76,10.76
MNSB,2016-05-24,10.81,11.05,10.81,11.05
MNSB,2016-05-25,11.05,11.05,11.05,11.05
MNSB,2016-05-26,11.1,11.1,11.1,11.1
MNSB,2016-05-27,11.09,11.09,11.02,11.02
MNSB,2016-05-31,11.02,11.02,11.02,11.02
MNSB,2016-06-01,10.95,10.95,10.5,10.76
MNSB,2016-06-02,10.76,10.76,10.76,10.76
MNSB,2016-06-03,10.76,10.76,10.76,10.76
MNSB,2016-06-06,10.81,11.14,10.81,11.14
MNSB,2016-06-07,11.05,11.05,11.05,11.05
MNSB,2016-06-08,11.14,11.15,11.14,11.15
MNSB,2016-06-09,11.15,11.15,11.15,11.15
MNSB,2016-06-10,11.19,11.29,11.19,11.29
MNSB,2016-06-13,11.29,11.29,11.29,11.29
MNSB,2016-06-14,11.29,11.29,11.29,11.29
MNSB,2016-06-15,11.29,11.29,11.29,11.29
MNSB,2016-06-16,11.29,11.29,11.29,11.29
MNSB,2016-06-17,11.29,11.29,11.29,11.29
MNSB,2016-06-20,11.29,11.29,11.29,11.29
MNSB,2016-06-21,11.31,11.38,11.31,11.38
MNSB,2016-06-22,11.38,11.38,11.38,11.38
MNSB,2016-06-23,11.29,11.29,11.29,11.29
MNSB,2016-06-24,11.29,11.29,11.29,11.29
MNSB,2016-06-27,11.29,11.29,11.19,11.19
MNSB,2016-06-28,11.19,11.21,11.14,11.21
MNSB,2016-06-29,11.21,11.21,11.21,11.21
MNSB,2016-06-30,11.33,11.33,11.33,11.33
MNSB,2016-07-01,11.33,11.33,11.33,11.33
MNSB,2016-07-05,11.33,11.33,11.33,11.33
MNSB,2016-07-06,11.33,11.33,11.33,11.33
MNSB,2016-07-07,11.33,11.33,11.33,11.33
MNSB,2016-07-08,11.33,11.33,11.33,11.33
MNSB,2016-07-11,11.33,11.33,11.33,11.33
MNSB,2016-07-12,11.24,11.24,11.24,11.24
MNSB,2016-07-13,11.24,11.24,11.24,11.24
MNSB,2016-07-14,11.1,11.19,11.1,11.14
MNSB,2016-07-15,11.14,11.14,11.14,11.14
MNSB,2016-07-18,11.15,11.15,11.15,11.15
MNSB,2016-07-19,11.22,11.22,11.05,11.1
MNSB,2016-07-20,11.29,11.29,11.29,11.29
MNSB,2016-07-21,11.29,11.48,11.23,11.43
MNSB,2016-07-22,11.43,11.43,11.43,11.43
MNSB,2016-07-25,11.33,11.33,11.33,11.33
MNSB,2016-07-26,11.33,11.86,11.33,11.33
MNSB,2016-07-27,11.34,11.34,11.34,11.34
MNSB,2016-07-28,11.38,11.38,11.38,11.38
MNSB,2016-07-29,11.44,11.67,11.44,11.64
MNSB,2016-08-01,11.64,11.64,11.64,11.64
MNSB,2016-08-02,11.64,11.64,11.64,11.64
MNSB,2016-08-03,11.64,11.64,11.64,11.64
MNSB,2016-08-04,11.73,11.73,11.67,11.69
MNSB,2016-08-05,11.69,11.71,11.62,11.62
MNSB,2016-08-08,11.71,11.71,11.71,11.71
MNSB,2016-08-09,11.71,11.71,11.71,11.71
MNSB,2016-08-10,11.71,11.71,11.71,11.71
MNSB,2016-08-11,11.81,11.81,11.81,11.81
MNSB,2016-08-12,11.86,11.9,11.86,11.9
MNSB,2016-08-15,11.86,11.86,11.86,11.86
MNSB,2016-08-16,11.86,11.86,11.86,11.86
MNSB,2016-08-17,11.95,11.95,11.9,11.9
MNSB,2016-08-18,11.95,11.95,11.95,11.95
MNSB,2016-08-19,11.95,11.95,11.95,11.95
MNSB,2016-08-22,12.0,12.0,12.0,12.0
MNSB,2016-08-23,11.9,11.9,11.9,11.9
MNSB,2016-08-24,11.9,11.9,11.9,11.9
MNSB,2016-08-25,11.92,11.92,11.92,11.92
MNSB,2016-08-26,11.92,11.92,11.92,11.92
MNSB,2016-08-29,11.92,11.92,11.92,11.92
MNSB,2016-08-30,11.92,11.92,11.92,11.92
MNSB,2016-08-31,11.92,11.92,11.92,11.92
MNSB,2016-09-01,11.92,11.92,11.92,11.92
MNSB,2016-09-02,11.92,11.92,11.92,11.92
MNSB,2016-09-06,12.0,12.0,12.0,12.0
MNSB,2016-09-07,12.05,12.14,12.05,12.14
MNSB,2016-09-08,12.14,12.14,12.14,12.14
MNSB,2016-09-09,12.06,12.06,12.06,12.06
MNSB,2016-09-12,12.06,12.06,12.06,12.06
MNSB,2016-09-13,12.14,12.14,12.14,12.14
MNSB,2016-09-14,12.14,12.14,12.05,12.05
MNSB,2016-09-15,12.05,12.05,12.05,12.05
MNSB,2016-09-16,12.05,12.05,12.05,12.05
MNSB,2016-09-19,12.05,12.05,12.05,12.05
MNSB,2016-09-20,12.05,12.05,12.05,12.05
MNSB,2016-09-21,12.05,12.05,12.05,12.05
MNSB,2016-09-22,12.05,12.05,12.05,12.05
MNSB,2016-09-23,12.05,12.05,12.05,12.05
MNSB,2016-09-26,12.05,12.05,12.05,12.05
MNSB,2016-09-27,12.05,12.05,12.05,12.05
MNSB,2016-09-28,12.05,12.05,12.05,12.05
MNSB,2016-09-29,12.0,12.0,12.0,12.0
MNSB,2016-09-30,12.0,12.0,12.0,12.0
MNSB,2016-10-03,12.0,12.0,12.0,12.0
MNSB,2016-10-04,12.05,12.05,12.0,12.0
MNSB,2016-10-05,12.0,12.0,12.0,12.0
MNSB,2016-10-06,12.0,12.0,12.0,12.0
MNSB,2016-10-07,12.0,12.0,12.0,12.0
MNSB,2016-10-10,12.0,12.0,12.0,12.0
MNSB,2016-10-11,12.19,12.19,12.19,12.19
MNSB,2016-10-12,12.19,12.19,12.19,12.19
MNSB,2016-10-13,12.19,12.19,12.19,12.19
MNSB,2016-10-14,12.33,12.38,12.33,12.38
MNSB,2016-10-17,12.38,12.38,12.38,12.38
MNSB,2016-10-18,12.57,12.57,12.57,12.57
MNSB,2016-10-19,12.38,12.38,12.19,12.24
MNSB,2016-10-20,12.24,12.24,12.24,12.24
MNSB,2016-10-21,12.24,12.24,12.24,12.24
MNSB,2016-10-24,12.24,12.48,12.24,12.48
MNSB,2016-10-25,12.48,12.48,12.48,12.48
MNSB,2016-10-26,12.48,12.48,12.33,12.33
MNSB,2016-10-27,12.38,12.38,12.38,12.38
MNSB,2016-10-28,12.38,12.38,12.38,12.38
MNSB,2016-10-31,12.38,12.38,12.38,12.38
MNSB,2016-11-01,12.38,12.38,12.38,12.38
MNSB,2016-11-02,12.38,12.38,12.38,12.38
MNSB,2016-11-03,12.38,12.38,12.38,12.38
MNSB,2016-11-04,12.37,12.37,12.37,12.37
MNSB,2016-11-07,12.24,12.24,12.24,12.24
MNSB,2016-11-08,12.24,12.24,12.24,12.24
MNSB,2016-11-09,12.24,12.24,12.24,12.24
MNSB,2016-11-10,12.24,12.24,12.24,12.24
MNSB,2016-11-11,12.38,12.38,12.29,12.38
MNSB,2016-11-14,12.38,12.38,12.29,12.29
MNSB,2016-11-15,12.29,12.3,12.27,12.3
MNSB,2016-11-16,12.29,12.29,12.21,12.24
MNSB,2016-11-17,12.29,12.29,12.21,12.29
MNSB,2016-11-18,12.47,12.62,12.47,12.62
MNSB,2016-11-21,12.62,12.62,12.62,12.62
MNSB,2016-11-22,12.57,12.63,12.57,12.63
MNSB,2016-11-23,12.62,12.76,12.62,12.71
MNSB,2016-11-25,12.71,12.71,12.71,12.71
MNSB,2016-11-28,12.71,12.76,12.71,12.76
MNSB,2016-11-29,12.72,12.81,12.68,12.68
MNSB,2016-11-30,12.68,12.68,12.68,12.68
MNSB,2016-12-01,12.68,12.68,12.68,12.68
MNSB,2016-12-02,12.69,12.69,12.62,12.62
MNSB,2016-12-05,12.48,12.62,12.44,12.48
MNSB,2016-12-06,12.48,12.48,12.48,12.48
MNSB,2016-12-07,12.57,12.62,12.57,12.61
MNSB,2016-12-08,12.67,12.76,12.67,12.76
MNSB,2016-12-09,12.81,12.86,12.81,12.86
MNSB,2016-12-12,12.95,13.06,12.81,12.9
MNSB,2016-12-13,12.9,12.9,12.86,12.86
MNSB,2016-12-14,12.86,12.86,12.86,12.86
MNSB,2016-12-15,13.0,13.24,13.0,13.24
MNSB,2016-12-16,13.24,13.24,13.24,13.24
MNSB,2016-12-19,13.24,13.24,13.24,13.24
MNSB,2016-12-20,13.29,13.29,13.19,13.29
MNSB,2016-12-21,13.24,13.24,13.24,13.24
MNSB,2016-12-22,13.29,13.29,13.29,13.29
MNSB,2016-12-23,13.29,13.29,13.29,13.29
MNSB,2016-12-27,13.32,13.33,13.24,13.33
MNSB,2016-12-28,13.33,13.33,13.33,13.33
MNSB,2016-12-29,13.52,13.52,13.52,13.52
MNSB,2016-12-30,13.52,13.52,13.52,13.52
MNSB,2017-01-03,13.76,14.0,13.76,14.0
MNSB,2017-01-04,14.1,14.86,14.1,14.15
MNSB,2017-01-05,14.15,14.15,14.15,14.15
MNSB,2017-01-06,14.29,14.52,14.24,14.38
MNSB,2017-01-09,14.48,14.57,14.38,14.38
MNSB,2017-01-10,14.38,14.38,14.38,14.38
MNSB,2017-01-11,14.76,15.48,14.76,15.48
MNSB,2017-01-12,15.24,15.24,15.24,15.24
MNSB,2017-01-13,15.24,15.24,15.24,15.24
MNSB,2017-01-17,15.71,22.86,15.71,16.43
MNSB,2017-01-18,16.1,16.1,15.71,15.71
MNSB,2017-01-19,16.19,16.19,15.71,15.71
MNSB,2017-01-20,15.62,15.71,15.57,15.57
MNSB,2017-01-23,15.71,15.71,15.57,15.57
MNSB,2017-01-24,15.57,15.57,15.57,15.57
MNSB,2017-01-25,15.67,15.71,15.67,15.67
MNSB,2017-01-26,15.9,15.9,15.9,15.9
MNSB,2017-01-27,15.9,15.9,15.9,15.9
MNSB,2017-01-30,15.81,16.19,15.81,16.19
MNSB,2017-01-31,16.43,16.86,16.43,16.58
MNSB,2017-02-01,16.67,16.67,16.67,16.67
MNSB,2017-02-02,16.65,16.65,16.58,16.58
MNSB,2017-02-03,16.67,16.67,16.46,16.57
MNSB,2017-02-06,16.67,16.67,16.19,16.43
MNSB,2017-02-07,16.62,16.62,16.62,16.62
MNSB,2017-02-08,16.62,16.62,16.62,16.62
MNSB,2017-02-09,16.43,16.43,16.29,16.29
MNSB,2017-02-10,16.62,16.62,16.61,16.61
MNSB,2017-02-13,16.62,16.62,16.62,16.62
MNSB,2017-02-14,16.66,16.66,16.33,16.33
MNSB,2017-02-15,16.29,16.29,16.29,16.29
MNSB,2017-02-16,16.29,16.29,16.29,16.29
MNSB,2017-02-17,16.33,16.33,16.33,16.33
MNSB,2017-02-21,16.33,16.33,16.33,16.33
MNSB,2017-02-22,16.19,16.19,16.19,16.19
MNSB,2017-02-23,16.24,16.24,16.19,16.19
MNSB,2017-02-24,16.19,16.19,16.19,16.19
MNSB,2017-02-27,16.1,16.1,16.1,16.1
MNSB,2017-02-28,16.1,16.1,16.1,16.1
MNSB,2017-03-01,16.1,16.1,16.1,16.1
MNSB,2017-03-02,16.1,16.1,16.1,16.1
MNSB,2017-03-03,16.1,16.1,16.0,16.02
MNSB,2017-03-06,15.97,16.19,15.97,15.97
MNSB,2017-03-07,15.95,15.95,15.95,15.95
MNSB,2017-03-08,15.95,15.95,15.95,15.95
MNSB,2017-03-09,15.9,15.9,15.9,15.9
MNSB,2017-03-10,15.9,15.9,15.9,15.9
MNSB,2017-03-13,15.87,15.87,15.71,15.71
MNSB,2017-03-14,15.71,15.71,15.71,15.71
MNSB,2017-03-15,15.71,15.71,15.71,15.71
MNSB,2017-03-16,15.71,15.76,15.71,15.76
MNSB,2017-03-17,15.71,15.71,15.62,15.62
MNSB,2017-03-20,15.67,15.67,15.67,15.67
MNSB,2017-03-21,15.67,15.67,15.67,15.67
MNSB,2017-03-22,15.67,15.67,15.67,15.67
MNSB,2017-03-23,15.67,15.67,15.67,15.67
MNSB,2017-03-24,15.62,15.62,15.62,15.62
MNSB,2017-03-27,15.53,16.05,15.52,16.05
MNSB,2017-03-28,16.05,16.14,15.81,16.14
MNSB,2017-03-29,15.81,15.81,15.81,15.81
MNSB,2017-03-30,16.14,16.14,16.14,16.14
MNSB,2017-03-31,16.18,16.19,15.76,15.76
MNSB,2017-04-03,15.95,16.07,15.79,15.81
MNSB,2017-04-04,15.76,15.76,15.62,15.76
MNSB,2017-04-05,15.76,15.76,15.76,15.76
MNSB,2017-04-06,15.76,15.76,15.57,15.57
MNSB,2017-04-07,15.57,15.81,15.57,15.71
MNSB,2017-04-10,15.71,15.71,15.71,15.71
MNSB,2017-04-11,15.76,15.81,15.76,15.81
MNSB,2017-04-12,15.76,15.76,15.76,15.76
MNSB,2017-04-13,15.81,15.81,15.71,15.71
MNSB,2017-04-17,15.71,15.71,15.71,15.71
MNSB,2017-04-18,15.71,15.71,15.71,15.71
MNSB,2017-04-19,15.67,15.67,15.67,15.67
MNSB,2017-04-20,15.67,15.67,15.62,15.62
MNSB,2017-04-21,15.57,15.71,15.57,15.71
MNSB,2017-04-24,15.71,15.71,15.71,15.71
MNSB,2017-04-25,15.71,15.71,15.71,15.71
MNSB,2017-04-26,15.71,15.71,15.71,15.71
MNSB,2017-04-27,15.67,15.67,15.67,15.67
MNSB,2017-04-28,15.67,15.67,15.67,15.67
MNSB,2017-05-01,15.57,15.57,15.57,15.57
MNSB,2017-05-02,15.57,15.57,15.57,15.57
MNSB,2017-05-03,15.57,15.57,15.57,15.57
MNSB,2017-05-04,15.62,15.67,15.62,15.67
MNSB,2017-05-05,15.67,15.67,15.67,15.67
MNSB,2017-05-08,15.57,15.57,15.57,15.57
MNSB,2017-05-09,15.57,15.57,15.57,15.57
MNSB,2017-05-10,15.67,15.67,15.67,15.67
MNSB,2017-05-11,15.57,15.57,15.48,15.52
MNSB,2017-05-12,15.48,15.48,15.43,15.48
MNSB,2017-05-15,15.48,15.48,15.38,15.38
MNSB,2017-05-16,15.48,15.63,15.48,15.63
MNSB,2017-05-17,15.63,15.63,15.63,15.63
MNSB,2017-05-18,15.63,15.63,15.63,15.63
MNSB,2017-05-19,15.62,15.62,15.48,15.49
MNSB,2017-05-22,15.52,15.52,15.52,15.52
MNSB,2017-05-23,15.52,15.53,15.48,15.53
MNSB,2017-05-24,15.57,15.57,15.52,15.57
MNSB,2017-05-25,15.53,15.57,15.53,15.57
MNSB,2017-05-26,15.67,15.67,15.67,15.67
MNSB,2017-05-30,15.54,15.54,15.54,15.54
MNSB,2017-05-31,15.54,15.67,15.54,15.67
MNSB,2017-06-01,15.67,15.67,15.67,15.67
MNSB,2017-06-02,15.67,15.67,15.54,15.54
MNSB,2017-06-05,15.57,15.57,15.53,15.53
MNSB,2017-06-06,15.54,15.54,15.38,15.52
MNSB,2017-06-07,15.52,15.52,15.52,15.52
MNSB,2017-06-08,15.38,15.38,15.38,15.38
MNSB,2017-06-09,15.48,15.48,15.38,15.38
MNSB,2017-06-12,15.5,15.52,15.48,15.48
MNSB,2017-06-13,15.48,15.48,15.48,15.48
MNSB,2017-06-14,15.48,15.48,15.48,15.48
MNSB,2017-06-15,15.48,15.52,15.48,15.48
MNSB,2017-06-16,15.48,15.5,15.48,15.48
MNSB,2017-06-19,15.43,15.43,15.43,15.43
MNSB,2017-06-20,15.33,15.43,15.33,15.38
MNSB,2017-06-21,15.35,15.35,15.33,15.33
MNSB,2017-06-22,15.3,15.33,15.3,15.33
MNSB,2017-06-23,15.33,15.33,15.31,15.33
MNSB,2017-06-26,15.33,15.33,15.3,15.33
MNSB,2017-06-27,15.29,15.29,15.24,15.24
MNSB,2017-06-28,15.26,15.29,15.26,15.29
MNSB,2017-06-29,15.29,15.29,15.29,15.29
MNSB,2017-06-30,15.29,15.29,15.29,15.29
MNSB,2017-07-03,15.29,15.29,15.29,15.29
MNSB,2017-07-05,15.29,15.29,15.29,15.29
MNSB,2017-07-06,15.26,15.29,15.24,15.24
MNSB,2017-07-07,15.33,15.33,15.24,15.24
MNSB,2017-07-10,15.33,15.43,15.33,15.43
MNSB,2017-07-11,15.43,15.43,15.43,15.43
MNSB,2017-07-12,15.43,15.43,15.43,15.43
MNSB,2017-07-13,15.43,15.43,15.43,15.43
MNSB,2017-07-14,15.43,15.43,15.43,15.43
MNSB,2017-07-17,15.43,15.43,15.43,15.43
MNSB,2017-07-18,15.33,15.43,15.33,15.33
MNSB,2017-07-19,15.33,15.33,15.33,15.33
MNSB,2017-07-20,15.33,15.81,15.33,15.81
MNSB,2017-07-21,15.43,15.71,15.43,15.57
MNSB,2017-07-24,15.57,15.57,15.57,15.57
MNSB,2017-07-25,15.57,15.57,15.29,15.57
MNSB,2017-07-26,15.57,15.57,15.57,15.57
MNSB,2017-07-27,15.43,15.43,15.43,15.43
MNSB,2017-07-28,15.43,15.51,15.38,15.4
MNSB,2017-07-31,15.45,15.45,15.45,15.45
MNSB,2017-08-01,15.45,15.62,15.45,15.57
MNSB,2017-08-02,15.57,15.57,15.57,15.57
MNSB,2017-08-03,15.57,15.57,15.57,15.57
MNSB,2017-08-04,15.57,15.57,15.57,15.57
MNSB,2017-08-07,15.57,15.57,15.57,15.57
MNSB,2017-08-08,15.62,15.62,15.62,15.62
MNSB,2017-08-09,15.43,15.43,15.43,15.43
MNSB,2017-08-10,15.43,15.43,15.43,15.43
MNSB,2017-08-11,15.43,15.43,15.3,15.3
MNSB,2017-08-14,15.3,15.3,15.3,15.3
MNSB,2017-08-15,15.33,15.33,15.24,15.33
MNSB,2017-08-16,15.2,15.2,15.1,15.1
MNSB,2017-08-17,15.14,15.14,15.14,15.14
MNSB,2017-08-18,15.14,15.22,15.14,15.22
MNSB,2017-08-21,15.22,15.22,15.22,15.22
MNSB,2017-08-22,15.19,15.24,15.19,15.24
MNSB,2017-08-23,15.24,15.33,15.24,15.25
MNSB,2017-08-24,15.25,15.25,15.25,15.25
MNSB,2017-08-25,15.24,15.33,15.24,15.33
MNSB,2017-08-28,15.33,15.33,15.33,15.33
MNSB,2017-08-29,15.24,15.24,15.24,15.24
MNSB,2017-08-30,15.24,15.24,15.24,15.24
MNSB,2017-08-31,15.24,15.33,15.23,15.24
MNSB,2017-09-01,15.24,15.33,15.24,15.33
MNSB,2017-09-05,15.29,15.29,15.14,15.14
MNSB,2017-09-06,15.24,15.29,15.24,15.29
MNSB,2017-09-07,15.33,15.33,15.33,15.33
MNSB,2017-09-08,15.38,15.38,15.38,15.38
MNSB,2017-09-11,15.38,15.38,15.38,15.38
MNSB,2017-09-12,15.38,15.38,15.38,15.38
MNSB,2017-09-13,15.33,15.33,15.31,15.31
MNSB,2017-09-14,15.31,15.31,15.31,15.31
MNSB,2017-09-15,15.31,15.31,15.31,15.31
MNSB,2017-09-18,15.31,15.31,15.31,15.31
MNSB,2017-09-19,15.31,15.33,15.3,15.33
MNSB,2017-09-20,15.33,15.38,15.33,15.33
MNSB,2017-09-21,15.33,15.38,15.33,15.38
MNSB,2017-09-22,15.38,15.38,15.38,15.38
MNSB,2017-09-25,15.38,15.38,15.38,15.38
MNSB,2017-09-26,15.38,15.38,15.38,15.38
MNSB,2017-09-27,15.43,15.48,15.38,15.48
MNSB,2017-09-28,15.48,15.48,15.48,15.48
MNSB,2017-09-29,15.47,15.52,15.47,15.52
MNSB,2017-10-02,15.71,15.86,15.39,15.39
MNSB,2017-10-03,15.39,15.39,15.39,15.39
MNSB,2017-10-04,15.39,15.39,15.39,15.39
MNSB,2017-10-05,15.62,15.71,15.52,15.71
MNSB,2017-10-06,15.71,15.71,15.71,15.71
MNSB,2017-10-09,15.71,15.71,15.71,15.71
MNSB,2017-10-10,15.52,15.52,15.52,15.52
MNSB,2017-10-11,15.5,15.57,15.5,15.57
MNSB,2017-10-12,15.52,15.52,15.48,15.52
MNSB,2017-10-13,15.71,15.81,15.71,15.81
MNSB,2017-10-16,15.81,15.81,15.81,15.81
MNSB,2017-10-17,15.55,15.67,15.55,15.67
MNSB,2017-10-18,15.67,15.67,15.67,15.67
MNSB,2017-10-19,15.62,15.67,15.62,15.67
MNSB,2017-10-20,15.81,15.81,15.81,15.81
MNSB,2017-10-23,16.0,16.0,15.52,15.57
MNSB,2017-10-24,15.7,15.71,15.7,15.71
MNSB,2017-10-25,15.71,15.71,15.57,15.57
MNSB,2017-10-26,15.62,15.62,15.62,15.62
MNSB,2017-10-27,15.71,15.71,15.62,15.62
MNSB,2017-10-30,15.71,15.71,15.71,15.71
MNSB,2017-10-31,15.76,15.81,15.76,15.81
MNSB,2017-11-01,15.76,16.0,15.67,15.67
MNSB,2017-11-02,15.8,15.8,15.57,15.57
MNSB,2017-11-03,15.95,15.95,15.81,15.81
MNSB,2017-11-06,15.62,15.62,15.62,15.62
MNSB,2017-11-07,15.62,15.62,15.62,15.62
MNSB,2017-11-08,15.71,15.9,15.71,15.9
MNSB,2017-11-09,16.0,16.19,16.0,16.19
MNSB,2017-11-10,16.33,17.14,16.33,17.14
MNSB,2017-11-13,17.14,17.14,17.14,17.14
MNSB,2017-11-14,17.1,17.1,17.1,17.1
MNSB,2017-11-15,17.1,17.1,17.1,17.1
MNSB,2017-11-16,16.9,16.9,16.9,16.9
MNSB,2017-11-17,16.67,16.67,16.67,16.67
MNSB,2017-11-20,16.67,16.67,16.67,16.67
MNSB,2017-11-21,16.38,16.38,16.38,16.38
MNSB,2017-11-22,16.38,16.38,16.38,16.38
MNSB,2017-11-24,16.38,16.38,16.38,16.38
MNSB,2017-11-27,16.33,16.48,16.33,16.43
MNSB,2017-11-28,16.19,16.48,16.19,16.48
MNSB,2017-11-29,16.29,16.29,16.29,16.29
MNSB,2017-11-30,16.29,16.29,16.29,16.29
MNSB,2017-12-01,16.67,16.67,16.67,16.67
MNSB,2017-12-04,16.67,16.67,16.67,16.67
MNSB,2017-12-05,17.1,17.1,16.62,16.67
MNSB,2017-12-06,16.67,16.67,16.67,16.67
MNSB,2017-12-07,16.38,16.38,16.38,16.38
MNSB,2017-12-08,17.0,17.24,17.0,17.13
MNSB,2017-12-11,17.13,17.13,17.0,17.03
MNSB,2017-12-12,17.04,17.04,17.04,17.04
MNSB,2017-12-13,17.04,17.04,17.04,17.04
MNSB,2017-12-14,16.86,16.86,16.86,16.86
MNSB,2017-12-15,16.86,16.86,16.86,16.86
MNSB,2017-12-18,16.86,17.12,16.86,16.86
MNSB,2017-12-19,16.81,16.86,16.81,16.85
MNSB,2017-12-20,16.81,16.81,16.67,16.67
MNSB,2017-12-21,16.71,16.9,16.67,16.69
MNSB,2017-12-22,16.69,16.69,16.69,16.69
MNSB,2017-12-26,16.71,16.71,16.7,16.71
MNSB,2017-12-27,16.67,16.76,16.67,16.7
MNSB,2017-12-28,16.71,16.71,16.71,16.71
MNSB,2017-12-29,16.67,16.81,16.62,16.69
MNSB,2018-01-02,16.71,16.71,16.67,16.67
MNSB,2018-01-03,16.62,16.62,16.57,16.62
MNSB,2018-01-04,16.6,16.65,16.57,16.65
MNSB,2018-01-05,16.71,16.81,16.71,16.81
MNSB,2018-01-08,16.71,16.71,16.7,16.7
MNSB,2018-01-09,16.81,16.81,16.81,16.81
MNSB,2018-01-10,16.86,16.86,16.76,16.76
MNSB,2018-01-11,16.71,16.9,16.71,16.78
MNSB,2018-01-12,16.86,16.86,16.78,16.81
MNSB,2018-01-16,16.9,16.9,16.81,16.81
MNSB,2018-01-17,17.0,17.07,16.9,17.07
MNSB,2018-01-18,17.05,17.05,17.05,17.05
MNSB,2018-01-19,17.05,19.05,17.05,18.1
MNSB,2018-01-22,17.14,17.14,16.82,17.13
MNSB,2018-01-23,17.13,17.13,17.13,17.13
MNSB,2018-01-24,17.24,18.05,17.24,18.05
MNSB,2018-01-25,17.14,17.14,17.14,17.14
MNSB,2018-01-26,17.38,18.1,17.38,18.05
MNSB,2018-01-29,18.05,18.05,18.05,18.05
MNSB,2018-01-30,18.05,18.05,18.05,18.05
MNSB,2018-01-31,18.05,19.76,18.05,19.05
MNSB,2018-02-01,19.05,19.05,19.05,19.05
MNSB,2018-02-02,18.9,19.76,18.9,19.76
MNSB,2018-02-05,19.06,19.06,19.05,19.05
MNSB,2018-02-06,18.9,19.9,18.9,18.96
MNSB,2018-02-07,19.01,19.05,19.01,19.05
MNSB,2018-02-08,19.24,19.25,19.24,19.24
MNSB,2018-02-09,19.24,19.24,18.76,18.76
MNSB,2018-02-12,18.76,18.76,18.76,18.76
MNSB,2018-02-13,18.7,18.7,18.62,18.62
MNSB,2018-02-14,19.05,19.29,19.05,19.29
MNSB,2018-02-15,19.56,19.56,19.14,19.14
MNSB,2018-02-16,19.05,19.05,18.95,18.95
MNSB,2018-02-20,19.05,19.05,18.76,18.8
MNSB,2018-02-21,18.8,18.8,18.65,18.67
MNSB,2018-02-22,18.67,18.67,18.67,18.67
MNSB,2018-02-23,18.76,18.76,18.67,18.67
MNSB,2018-02-26,18.71,18.71,18.71,18.71
MNSB,2018-02-27,18.63,18.63,18.59,18.59
MNSB,2018-02-28,18.63,18.9,18.59,18.9
MNSB,2018-03-01,18.76,18.76,18.76,18.76
MNSB,2018-03-02,18.9,19.24,18.9,19.24
MNSB,2018-03-05,19.24,19.24,19.24,19.24
MNSB,2018-03-06,19.24,19.24,19.24,19.24
MNSB,2018-03-07,19.24,19.24,19.24,19.24
MNSB,2018-03-08,19.1,19.33,19.05,19.33
MNSB,2018-03-09,19.33,19.33,19.33,19.33
MNSB,2018-03-12,19.48,19.52,19.48,19.52
MNSB,2018-03-13,19.9,20.0,19.5,19.5
MNSB,2018-03-14,19.52,19.52,19.52,19.52
MNSB,2018-03-15,19.52,19.52,19.52,19.52
MNSB,2018-03-16,19.52,19.52,19.52,19.52
MNSB,2018-03-19,19.76,19.76,19.76,19.76
MNSB,2018-03-20,19.52,19.52,19.52,19.52
MNSB,2018-03-21,19.52,19.52,19.2,19.2
MNSB,2018-03-22,19.51,19.51,19.33,19.33
MNSB,2018-03-23,19.62,19.76,19.62,19.76
MNSB,2018-03-26,19.76,19.76,19.76,19.76
MNSB,2018-03-27,20.0,20.0,19.76,19.76
MNSB,2018-03-28,19.62,19.62,19.62,19.62
MNSB,2018-03-29,19.62,20.95,19.62,20.95
MNSB,2018-04-02,20.86,20.9,20.67,20.67
MNSB,2018-04-03,20.67,20.67,20.53,20.53
MNSB,2018-04-04,20.57,20.57,20.38,20.42
MNSB,2018-04-05,20.71,20.95,20.71,20.71
MNSB,2018-04-06,20.7,21.2,20.7,21.0
MNSB,2018-04-09,21.0,21.15,21.0,21.15
MNSB,2018-04-10,21.0,23.0,21.0,21.8
MNSB,2018-04-11,21.8,21.8,21.8,21.8
MNSB,2018-04-12,21.66,21.66,21.5,21.5
MNSB,2018-04-13,21.5,21.5,21.5,21.5
MNSB,2018-04-16,21.12,21.12,21.11,21.11
MNSB,2018-04-17,21.24,22.0,21.24,21.26
MNSB,2018-04-18,21.8,21.8,21.55,21.55
MNSB,2018-04-19,21.55,21.55,21.55,21.55
MNSB,2018-04-20,21.74,21.74,21.74,21.74
MNSB,2018-04-23,21.55,21.55,21.55,21.55
MNSB,2018-04-24,21.55,21.55,21.55,21.55
MNSB,2018-04-25,21.59,21.59,21.15,21.15
MNSB,2018-04-26,21.2,21.2,21.16,21.16
MNSB,2018-04-27,21.16,21.16,21.16,21.16
MNSB,2018-04-30,21.45,21.75,21.45,21.75
MNSB,2018-05-01,21.2,21.2,20.41,21.0
MNSB,2018-05-02,21.0,21.0,21.0,21.0
MNSB,2018-05-03,20.4,20.4,20.4,20.4
MNSB,2018-05-04,20.4,20.4,19.72,20.25
MNSB,2018-05-07,20.25,20.25,20.25,20.25
MNSB,2018-05-08,20.0,20.0,19.82,19.9
MNSB,2018-05-09,20.3,20.39,20.3,20.39
MNSB,2018-05-10,20.39,20.39,20.39,20.39
MNSB,2018-05-11,20.4,20.49,20.4,20.49
MNSB,2018-05-14,20.5,20.5,20.5,20.5
MNSB,2018-05-15,20.64,20.75,20.64,20.75
MNSB,2018-05-16,21.0,23.0,21.0,23.0
MNSB,2018-05-17,23.0,23.0,23.0,23.0
MNSB,2018-05-18,22.95,23.05,22.95,23.05
MNSB,2018-05-21,23.0,23.0,21.51,21.51
MNSB,2018-05-22,21.51,21.51,21.51,21.51
MNSB,2018-05-23,21.51,21.51,21.51,21.51
MNSB,2018-05-24,21.51,21.51,21.51,21.51
MNSB,2018-05-25,21.95,21.95,21.95,21.95
MNSB,2018-05-29,21.95,21.95,21.55,21.55
MNSB,2018-05-30,21.54,21.54,21.52,21.52
MNSB,2018-05-31,21.65,21.65,21.65,21.65
MNSB,2018-06-01,21.95,22.0,21.95,21.95
MNSB,2018-06-04,23.0,23.0,21.9,21.9
MNSB,2018-06-05,21.9,21.9,21.8,21.8
MNSB,2018-06-06,21.8,21.8,21.8,21.8
MNSB,2018-06-07,21.75,21.75,21.51,21.51
MNSB,2018-06-08,21.51,21.51,21.51,21.51
MNSB,2018-06-11,21.75,21.75,21.75,21.75
MNSB,2018-06-12,21.75,21.75,21.75,21.75
MNSB,2018-06-13,21.55,21.55,21.55,21.55
MNSB,2018-06-14,21.5,21.73,21.5,21.72
MNSB,2018-06-15,21.26,21.26,21.05,21.05
MNSB,2018-06-18,21.45,21.7,21.45,21.7
MNSB,2018-06-19,21.7,21.7,21.7,21.7
MNSB,2018-06-20,21.7,21.7,21.7,21.7
MNSB,2018-06-21,21.07,21.07,21.0,21.0
MNSB,2018-06-22,20.81,20.81,20.05,20.27
MNSB,2018-06-25,20.95,20.95,20.95,20.95
MNSB,2018-06-26,20.95,20.95,20.95,20.95
MNSB,2018-06-27,20.55,20.8,20.25,20.26
MNSB,2018-06-28,20.3,20.75,20.3,20.75
MNSB,2018-06-29,20.75,20.75,20.75,20.75
MNSB,2018-07-02,20.5,20.5,20.5,20.5
MNSB,2018-07-03,20.85,20.85,20.85,20.85
MNSB,2018-07-05,20.85,20.85,20.85,20.85
MNSB,2018-07-06,20.9,21.15,20.6,20.6
MNSB,2018-07-09,20.6,20.6,20.6,20.6
MNSB,2018-07-10,20.6,20.6,20.6,20.6
MNSB,2018-07-11,20.6,20.6,20.6,20.6
MNSB,2018-07-12,20.8,20.8,20.8,20.8
MNSB,2018-07-13,20.8,20.8,20.8,20.8
MNSB,2018-07-16,21.0,21.0,21.0,21.0
MNSB,2018-07-17,21.0,21.0,20.99,21.0
MNSB,2018-07-18,21.0,21.0,21.0,21.0
MNSB,2018-07-19,21.0,21.0,21.0,21.0
MNSB,2018-07-20,21.0,21.0,21.0,21.0
MNSB,2018-07-23,20.75,20.75,20.75,20.75
MNSB,2018-07-24,20.75,20.75,20.7,20.7
MNSB,2018-07-25,20.7,21.15,20.7,21.0
MNSB,2018-07-26,20.62,20.62,20.62,20.62
MNSB,2018-07-27,21.35,21.45,21.35,21.45
MNSB,2018-07-30,21.01,21.01,21.0,21.0
MNSB,2018-07-31,21.0,21.0,21.0,21.0
MNSB,2018-08-01,21.0,21.0,21.0,21.0
MNSB,2018-08-02,20.55,20.95,20.5,20.95
MNSB,2018-08-03,20.5,20.5,20.5,20.5
MNSB,2018-08-06,21.0,21.0,20.75,21.0
MNSB,2018-08-07,21.0,21.0,21.0,21.0
MNSB,2018-08-08,21.0,21.1,20.51,20.51
MNSB,2018-08-09,20.6,20.75,20.6,20.75
MNSB,2018-08-10,20.75,20.84,20.75,20.84
MNSB,2018-08-13,20.84,20.84,20.84,20.84
MNSB,2018-08-14,20.84,20.84,20.84,20.84
MNSB,2018-08-15,20.84,20.84,20.84,20.84
MNSB,2018-08-16,20.75,21.0,20.5,21.0
MNSB,2018-08-17,21.0,21.0,21.0,21.0
MNSB,2018-08-20,21.01,21.01,21.0,21.0
MNSB,2018-08-21,20.6,21.03,20.5,21.03
MNSB,2018-08-22,20.8,20.8,20.65,20.65
MNSB,2018-08-23,21.03,21.03,21.03,21.03
MNSB,2018-08-24,21.0,21.0,20.9,20.9
MNSB,2018-08-27,20.91,21.0,20.7,20.7
MNSB,2018-08-28,21.0,21.05,20.93,21.0
MNSB,2018-08-29,21.25,21.25,21.03,21.05
MNSB,2018-08-30,21.05,21.69,21.05,21.69
MNSB,2018-08-31,21.49,21.5,20.99,21.0
MNSB,2018-09-04,21.0,21.0,21.0,21.0
MNSB,2018-09-05,21.03,21.03,21.0,21.0
MNSB,2018-09-06,21.0,21.0,21.0,21.0
MNSB,2018-09-07,21.0,21.0,21.0,21.0
MNSB,2018-09-10,21.0,21.0,20.85,20.92
MNSB,2018-09-11,20.92,20.92,20.92,20.92
MNSB,2018-09-12,20.92,20.92,20.92,20.92
MNSB,2018-09-13,20.92,21.0,20.85,20.85
MNSB,2018-09-14,20.95,20.95,20.95,20.95
MNSB,2018-09-17,20.95,20.95,20.95,20.95
MNSB,2018-09-18,21.25,21.25,21.25,21.25
MNSB,2018-09-19,21.1,21.1,21.1,21.1
MNSB,2018-09-20,21.1,21.1,21.1,21.1
MNSB,2018-09-21,21.1,21.1,21.1,21.1
MNSB,2018-09-24,21.2,21.2,21.2,21.2
MNSB,2018-09-25,21.1,21.15,21.1,21.15
MNSB,2018-09-26,20.95,20.95,20.95,20.95
MNSB,2018-09-27,20.95,20.95,20.95,20.95
MNSB,2018-09-28,20.95,20.95,20.95,20.95
MNSB,2018-10-01,20.95,20.95,20.95,20.95
MNSB,2018-10-02,20.85,20.85,20.85,20.85
MNSB,2018-10-03,20.8,20.8,20.8,20.8
MNSB,2018-10-04,20.8,20.8,20.75,20.75
MNSB,2018-10-05,20.78,20.78,20.78,20.78
MNSB,2018-10-08,20.8,21.25,20.8,21.25
MNSB,2018-10-09,20.8,20.8,20.8,20.8
MNSB,2018-10-10,20.75,20.8,20.75,20.75
MNSB,2018-10-11,20.75,20.8,20.7,20.7
MNSB,2018-10-12,20.65,20.65,20.5,20.5
MNSB,2018-10-15,20.5,20.6,20.5,20.6
MNSB,2018-10-16,20.6,20.6,20.6,20.6
MNSB,2018-10-17,20.6,20.6,20.6,20.6
MNSB,2018-10-18,20.54,20.55,20.54,20.54
MNSB,2018-10-19,20.5,20.5,20.5,20.5
MNSB,2018-10-22,20.01,20.25,20.01,20.25
MNSB,2018-10-23,20.25,20.25,20.25,20.25
MNSB,2018-10-24,20.1,20.25,20.09,20.1
MNSB,2018-10-25,20.1,20.1,20.1,20.1
MNSB,2018-10-26,20.7,20.7,20.7,20.7
MNSB,2018-10-29,20.65,20.65,20.0,20.0
MNSB,2018-10-30,20.0,20.0,20.0,20.0
MNSB,2018-10-31,20.0,20.0,20.0,20.0
MNSB,2018-11-01,20.5,20.5,20.5,20.5
MNSB,2018-11-02,20.5,20.5,20.2,20.2
MNSB,2018-11-05,20.2,20.2,20.2,20.2
MNSB,2018-11-06,20.15,20.6,20.15,20.6
MNSB,2018-11-07,20.2,20.2,20.2,20.2
MNSB,2018-11-08,20.1,20.1,20.1,20.1
MNSB,2018-11-09,20.2,20.2,20.2,20.2
MNSB,2018-11-12,20.7,20.7,20.25,20.25
MNSB,2018-11-13,20.25,20.25,20.25,20.25
MNSB,2018-11-14,20.2,20.2,20.08,20.08
MNSB,2018-11-15,20.0,20.0,19.8,19.9
MNSB,2018-11-16,19.85,19.95,19.75,19.75
MNSB,2018-11-19,19.75,19.75,19.75,19.75
MNSB,2018-11-20,19.7,19.7,19.5,19.5
MNSB,2018-11-21,19.5,19.5,19.5,19.5
MNSB,2018-11-23,19.2,19.2,19.2,19.2
MNSB,2018-11-26,19.3,19.45,19.25,19.31
MNSB,2018-11-27,19.3,19.35,19.12,19.17
MNSB,2018-11-28,19.17,19.25,19.1,19.2
MNSB,2018-11-29,19.1,19.25,18.85,19.0
MNSB,2018-11-30,19.0,19.5,19.0,19.5
MNSB,2018-12-03,19.5,19.5,19.5,19.5
MNSB,2018-12-04,19.5,19.5,19.25,19.25
MNSB,2018-12-06,19.2,19.5,19.15,19.15
MNSB,2018-12-07,19.15,19.15,19.15,19.15
MNSB,2018-12-10,19.5,19.5,19.5,19.5
MNSB,2018-12-11,19.15,19.15,18.95,19.0
MNSB,2018-12-12,19.0,19.0,19.0,19.0
MNSB,2018-12-13,19.05,19.05,19.0,19.0
MNSB,2018-12-14,18.95,18.95,18.95,18.95
MNSB,2018-12-17,18.95,18.95,18.95,18.95
MNSB,2018-12-18,19.0,19.0,18.75,18.85
MNSB,2018-12-19,18.76,18.76,18.37,18.37
MNSB,2018-12-20,18.4,18.4,18.25,18.25
MNSB,2018-12-21,18.25,18.25,17.8,17.8
MNSB,2018-12-24,17.8,17.85,17.8,17.85
MNSB,2018-12-26,17.85,17.85,17.85,17.85
MNSB,2018-12-27,17.95,17.95,17.7,17.7
MNSB,2018-12-28,17.85,17.85,17.3,17.4
MNSB,2018-12-31,17.3,17.49,17.06,17.06
MNSB,2019-01-02,17.05,17.2,17.05,17.05
MNSB,2019-01-03,17.05,17.05,16.62,16.66
MNSB,2019-01-04,16.74,17.0,16.67,16.95
MNSB,2019-01-07,16.95,17.3,16.85,17.3
MNSB,2019-01-08,17.32,17.52,17.32,17.52
MNSB,2019-01-09,17.52,17.6,17.31,17.55
MNSB,2019-01-10,17.84,17.85,17.7,17.7
MNSB,2019-01-11,17.6,17.77,17.55,17.75
MNSB,2019-01-14,17.8,17.8,17.75,17.75
MNSB,2019-01-15,17.75,17.8,17.75,17.8
MNSB,2019-01-16,17.98,18.48,17.8,18.48
MNSB,2019-01-17,18.48,18.48,18.47,18.47
MNSB,2019-01-18,18.1,18.1,17.65,18.05
MNSB,2019-01-22,18.3,18.89,18.3,18.88
MNSB,2019-01-23,18.89,19.23,18.89,19.21
MNSB,2019-01-24,19.0,19.0,18.4,18.45
MNSB,2019-01-25,18.75,19.02,18.6,18.6
MNSB,2019-01-28,18.6,18.6,18.6,18.6
MNSB,2019-01-29,19.0,20.0,19.0,19.75
MNSB,2019-01-30,19.75,19.75,19.75,19.75
MNSB,2019-01-31,19.55,20.0,19.55,19.85
MNSB,2019-02-01,20.0,20.0,20.0,20.0
MNSB,2019-02-04,19.75,20.5,19.35,20.5
MNSB,2019-02-05,20.5,20.5,20.5,20.5
MNSB,2019-02-06,20.5,20.8,20.5,20.8
MNSB,2019-02-07,20.8,20.8,20.8,20.8
MNSB,2019-02-08,21.0,21.0,21.0,21.0
MNSB,2019-02-11,21.8,21.8,21.0,21.0
MNSB,2019-02-12,21.0,21.0,20.75,20.75
MNSB,2019-02-13,20.65,21.0,20.35,21.0
MNSB,2019-02-14,20.8,21.25,20.75,21.25
MNSB,2019-02-15,21.35,21.35,21.0,21.0
MNSB,2019-02-19,21.0,21.0,21.0,21.0
MNSB,2019-02-20,21.75,21.75,21.75,21.75
MNSB,2019-02-21,21.25,23.0,21.25,23.0
MNSB,2019-02-22,23.63,23.63,23.62,23.62
MNSB,2019-02-25,23.25,23.5,23.0,23.5
MNSB,2019-02-26,23.2,23.5,23.2,23.25
MNSB,2019-02-27,22.86,23.1,22.86,22.86
MNSB,2019-02-28,23.0,23.0,22.87,23.0
MNSB,2019-03-01,22.75,22.88,22.75,22.88
MNSB,2019-03-04,22.88,22.88,22.7,22.7
MNSB,2019-03-05,22.88,22.88,22.75,22.75
MNSB,2019-03-06,22.01,22.5,21.52,22.1
MNSB,2019-03-07,22.5,22.95,22.5,22.95
MNSB,2019-03-08,22.97,22.97,22.97,22.97
MNSB,2019-03-11,22.9,22.9,22.9,22.9
MNSB,2019-03-12,22.9,22.9,22.28,22.5
MNSB,2019-03-13,22.55,22.55,22.45,22.5
MNSB,2019-03-14,22.5,22.5,22.5,22.5
MNSB,2019-03-15,22.5,22.78,22.4,22.4
MNSB,2019-03-18,22.4,22.4,22.4,22.4
MNSB,2019-03-19,22.4,22.45,22.4,22.4
MNSB,2019-03-20,22.35,22.35,22.3,22.3
MNSB,2019-03-21,22.3,22.3,22.3,22.3
MNSB,2019-03-22,22.05,22.05,22.0,22.0
MNSB,2019-03-25,21.9,21.9,21.8,21.9
MNSB,2019-03-26,21.9,21.9,21.75,21.8
MNSB,2019-03-27,21.76,21.85,21.75,21.8
MNSB,2019-03-28,21.8,21.8,21.8,21.8
MNSB,2019-03-29,21.7,21.8,21.6,21.6
MNSB,2019-04-01,21.65,21.65,21.65,21.65
MNSB,2019-04-02,21.5,21.51,21.05,21.05
MNSB,2019-04-03,21.05,21.05,21.01,21.01
MNSB,2019-04-04,21.01,21.01,21.0,21.0
MNSB,2019-04-05,20.81,20.95,20.81,20.95
MNSB,2019-04-08,20.8,20.9,20.8,20.85
MNSB,2019-04-09,20.9,21.0,20.9,21.0
MNSB,2019-04-10,20.93,21.1,20.8,21.0
MNSB,2019-04-11,21.0,21.02,20.8,21.0
MNSB,2019-04-12,21.0,21.15,20.75,21.15
MNSB,2019-04-15,21.15,21.3,21.15,21.3
MNSB,2019-04-16,21.25,21.33,21.25,21.3
MNSB,2019-04-17,21.3,21.3,21.3,21.3
MNSB,2019-04-18,21.3,21.3,21.3,21.3
MNSB,2019-04-22,21.7857,22.2809,21.6973,21.9836
MNSB,2019-04-23,21.9239,21.9836,21.8842,21.8842
MNSB,2019-04-24,22.0134,23.8657,22.0134,22.8744
MNSB,2019-04-25,23.2712,23.7663,22.3236,23.7663
MNSB,2019-04-26,23.6679,23.7364,23.2225,23.2712
MNSB,2019-04-29,23.7563,23.7563,23.7563,23.7563
MNSB,2019-04-30,23.1976,23.1976,22.776,22.776
MNSB,2019-05-01,23.469,23.469,23.1468,23.2712
MNSB,2019-05-02,23.2712,23.6778,23.2612,23.2712
MNSB,2019-05-03,23.5237,23.7176,23.4183,23.7176
MNSB,2019-05-06,24.7068,24.7068,24.4394,24.5089
MNSB,2019-05-07,24.2614,24.4592,24.2027,24.2614
MNSB,2019-05-08,24.3609,24.7268,23.9541,24.7268
MNSB,2019-05-09,24.7565,25.2517,23.9243,24.3897
MNSB,2019-05-10,25.0041,25.0041,24.0983,24.6581
MNSB,2019-05-13,24.5984,24.6581,24.5984,24.6382
MNSB,2019-05-14,24.6382,24.6382,23.7663,24.2614
MNSB,2019-05-15,24.5089,24.5089,23.7762,24.0138
MNSB,2019-05-16,24.2614,24.3996,23.7176,23.7663
MNSB,2019-05-17,23.9443,24.0138,23.7663,23.7663
MNSB,2019-05-20,23.9343,24.0138,23.5127,23.7663
MNSB,2019-05-21,23.8458,24.2127,23.8458,24.2127
MNSB,2019-05-22,24.2127,24.2415,23.5187,24.2127
MNSB,2019-05-23,24.2127,24.2127,22.8884,22.9441
MNSB,2019-05-24,23.9443,24.0635,23.2712,23.4193
MNSB,2019-05-28,23.2533,23.8945,22.8446,23.2712
MNSB,2019-05-29,23.4939,23.5684,22.949,23.2712
MNSB,2019-05-30,23.4044,23.7762,22.9539,23.5187
MNSB,2019-05-31,23.4889,23.8408,23.3994,23.4292
MNSB,2019-06-03,23.3705,24.153,23.3705,24.1232
MNSB,2019-06-04,23.7663,23.9493,22.3008,23.6778
MNSB,2019-06-05,23.7663,24.2127,22.8158,23.7663
MNSB,2019-06-06,24.0337,24.168,22.8993,23.999
MNSB,2019-06-07,24.1332,24.1332,23.6977,23.9144
MNSB,2019-06-10,24.0437,24.1133,22.9589,23.9144
MNSB,2019-06-11,24.0536,24.0536,23.5634,23.7076
MNSB,2019-06-12,23.9443,24.1133,23.0236,23.9045
MNSB,2019-06-13,23.7663,23.8945,23.6082,23.7464
MNSB,2019-06-14,23.7663,23.7762,22.776,22.776
MNSB,2019-06-17,23.2025,23.7663,23.2025,23.7663
MNSB,2019-06-18,23.7663,23.7861,23.2811,23.7464
MNSB,2019-06-19,23.7176,23.8061,23.3208,23.3208
MNSB,2019-06-20,23.4143,23.8061,23.2125,23.2125
MNSB,2019-06-21,23.4093,23.6132,22.2958,22.3306
MNSB,2019-06-24,22.776,22.9788,21.4189,21.5382
MNSB,2019-06-25,21.737,22.1824,21.2221,21.2807
MNSB,2019-06-26,21.2906,21.7857,20.7268,20.9834
MNSB,2019-06-27,21.3403,22.0432,21.2419,21.6774
MNSB,2019-06-28,22.3893,22.608,21.7957,22.5682
MNSB,2019-07-01,22.5782,22.6378,22.0532,22.6378
MNSB,2019-07-02,22.5881,23.0385,22.261,22.8744
MNSB,2019-07-03,22.7591,22.7591,20.8452,22.5682
MNSB,2019-07-05,22.5285,22.7561,22.3605,22.7472
MNSB,2019-07-08,22.5285,22.6378,21.9737,22.3693
MNSB,2019-07-09,22.6457,22.7272,22.3505,22.5285
MNSB,2019-07-10,22.7272,22.7272,21.1624,21.6873
MNSB,2019-07-11,21.9537,22.5285,21.2269,21.7569
MNSB,2019-07-12,22.0831,23.1131,21.399,22.776
MNSB,2019-07-15,22.776,22.776,22.2809,22.6279
MNSB,2019-07-16,21.7857,22.8257,21.7857,22.5185
MNSB,2019-07-17,22.7512,22.7512,22.3793,22.5782
MNSB,2019-07-18,22.5285,22.6677,22.4489,22.6677
MNSB,2019-07-19,22.5782,22.6776,22.3316,22.5285
MNSB,2019-07-22,22.2908,22.429,21.8355,22.4191
MNSB,2019-07-23,22.2809,22.4489,22.0631,22.3008
MNSB,2019-07-24,22.2809,22.776,22.2123,22.7272
MNSB,2019-07-25,22.4738,22.7561,21.8842,21.9836
MNSB,2019-07-26,22.0035,22.5782,21.9747,22.3793
MNSB,2019-07-29,22.4191,22.5285,21.9537,22.5185
MNSB,2019-07-30,22.261,22.9739,22.0234,22.3206
MNSB,2019-07-31,22.2809,22.8744,22.2809,22.598
MNSB,2019-08-01,22.5881,22.5881,22.0831,22.0831
MNSB,2019-08-02,22.0234,22.8257,22.0234,22.7859
MNSB,2019-08-05,22.3893,22.776,21.7758,21.7758
MNSB,2019-08-06,22.0234,22.0234,21.6675,21.8255
MNSB,2019-08-07,21.2906,21.2906,21.1127,21.1127
MNSB,2019-08-08,21.3891,22.0731,21.3891,21.5978
MNSB,2019-08-09,21.9339,22.0831,21.4885,21.4984
MNSB,2019-08-12,21.6475,21.6475,21.2319,21.578
MNSB,2019-08-13,20.9565,21.6475,20.9565,21.6475
MNSB,2019-08-14,21.2519,21.8652,21.2519,21.4189
MNSB,2019-08-15,21.2906,21.2906,21.0232,21.1822
MNSB,2019-08-16,21.3006,21.3006,19.6372,20.3501
MNSB,2019-08-19,20.3302,21.7857,19.9573,20.7766
MNSB,2019-08-20,20.3689,20.3689,20.2019,20.2019
MNSB,2019-08-21,19.2614,20.4127,19.2614,19.9235
MNSB,2019-08-22,19.9633,20.1422,19.5576,19.5576
MNSB,2019-08-23,19.9533,19.9533,19.5576,19.6173
MNSB,2019-08-26,19.6372,21.4885,19.6372,20.8055
MNSB,2019-08-27,20.6473,21.1822,20.182,20.6473
MNSB,2019-08-28,20.5479,21.0032,20.5479,20.7865
MNSB,2019-08-29,20.9138,21.043,20.3689,21.043
MNSB,2019-08-30,20.7955,21.1226,20.1224,21.1027
MNSB,2019-09-03,21.1822,21.5521,20.8452,20.8452
MNSB,2019-09-04,21.2618,21.2906,21.0132,21.1723
MNSB,2019-09-05,21.2419,21.2906,21.0132,21.2419
MNSB,2019-09-06,21.1922,21.1922,20.9138,20.9138
MNSB,2019-09-09,21.1524,21.1922,20.9237,21.1127
MNSB,2019-09-10,21.1424,21.2419,20.9535,20.9735
MNSB,2019-09-11,21.2419,21.2419,20.6573,21.2419
MNSB,2019-09-12,21.1922,21.6376,21.043,21.0927
MNSB,2019-09-13,21.2419,21.2419,20.7468,20.7468
MNSB,2019-09-16,21.043,21.1922,20.9138,21.0331
MNSB,2019-09-17,20.7955,21.1326,20.7955,20.9039
MNSB,2019-09-18,21.0331,21.0927,20.9188,20.9437
MNSB,2019-09-19,21.0032,21.737,20.9934,21.4885
MNSB,2019-09-20,21.4388,21.4885,21.048,21.1922
MNSB,2019-09-23,21.1723,21.1922,20.9496,21.0729
MNSB,2019-09-24,21.1723,21.1723,20.9834,21.0132
MNSB,2019-09-25,20.9486,21.2807,20.9486,21.1226
MNSB,2019-09-26,21.1922,21.1922,21.0032,21.043
MNSB,2019-09-27,21.1922,21.1922,20.9138,20.9138
MNSB,2019-09-30,20.8552,21.1922,20.8253,20.8452
MNSB,2019-10-01,20.889,21.0629,20.6772,20.6772
MNSB,2019-10-02,21.1922,21.1922,20.6096,20.8452
MNSB,2019-10-03,21.0232,21.4536,20.6175,21.2807
MNSB,2019-10-04,21.3204,21.3891,21.0132,21.043
MNSB,2019-10-07,20.9367,21.2767,20.8939,20.8939
MNSB,2019-10-08,20.9237,21.0032,20.6871,20.6871
MNSB,2019-10-09,20.7955,20.8055,20.4883,20.5479
MNSB,2019-10-10,20.9964,20.9964,20.538,20.6275
MNSB,2019-10-11,20.7955,21.1375,20.538,20.538
MNSB,2019-10-14,20.7736,20.874,20.5439,20.7955
MNSB,2019-10-15,20.7955,20.8939,20.5976,20.8939
MNSB,2019-10-16,20.7955,21.3204,20.4982,20.717
MNSB,2019-10-17,20.717,20.7955,20.717,20.7865
MNSB,2019-10-18,20.5778,20.8452,20.5221,20.717
MNSB,2019-10-21,20.874,21.3204,20.4087,20.9934
MNSB,2019-10-22,20.7955,20.7955,20.5976,20.7955
MNSB,2019-10-23,20.7955,20.7955,20.7766,20.7766
MNSB,2019-10-24,20.7955,20.7955,20.4584,20.6971
MNSB,2019-10-25,20.6275,20.884,20.6175,20.6175
MNSB,2019-10-28,20.6742,20.7567,20.4982,20.6175
MNSB,2019-10-29,20.7268,20.7955,20.5479,20.7766
MNSB,2019-10-30,20.7955,20.8353,20.7468,20.7955
MNSB,2019-10-31,20.7955,20.7955,20.4485,20.538
MNSB,2019-11-01,20.7955,20.9535,20.7865,20.9535
MNSB,2019-11-04,20.9834,20.9834,20.6175,20.7955
MNSB,2019-11-05,20.9437,21.4328,20.8939,21.3204
MNSB,2019-11-06,21.3204,21.4785,21.1922,21.3006
MNSB,2019-11-07,21.569,21.569,21.3304,21.568
MNSB,2019-11-08,21.4686,21.6873,21.4686,21.4984
MNSB,2019-11-11,20.9784,21.6774,20.9784,21.6774
MNSB,2019-11-12,21.3603,21.7669,21.3603,21.578
MNSB,2019-11-13,21.2866,21.6873,21.2866,21.5382
MNSB,2019-11-14,21.394,21.6475,21.0132,21.3304
MNSB,2019-11-15,21.5083,21.8255,21.2896,21.5083
MNSB,2019-11-18,20.884,21.8255,20.884,21.5183
MNSB,2019-11-19,21.5183,21.9836,21.5183,21.9836
MNSB,2019-11-20,21.7669,22.2321,21.1822,21.727
MNSB,2019-11-21,22.0134,22.0134,21.1624,21.568
MNSB,2019-11-22,21.2906,21.6078,21.2906,21.5481
MNSB,2019-11-25,21.4487,22.0294,21.3891,21.727
MNSB,2019-11-26,21.6873,22.0035,21.5283,21.5283
MNSB,2019-11-27,21.6277,21.6277,21.3105,21.3891
MNSB,2019-11-29,21.93,21.93,21.93,21.93
MNSB,2019-12-02,21.6774,21.7708,21.4089,21.7072
MNSB,2019-12-03,21.727,21.7857,21.5938,21.7172
MNSB,2019-12-04,21.5283,22.1328,21.5283,22.0432
MNSB,2019-12-05,21.913,22.2321,21.8355,22.1029
MNSB,2019-12-06,22.0035,22.2321,21.9041,22.0134
MNSB,2019-12-09,22.0134,22.3306,21.9239,22.0929
MNSB,2019-12-10,22.2908,24.3609,22.2123,22.3793
MNSB,2019-12-11,22.1824,22.8257,22.1824,22.8158
MNSB,2019-12-12,22.776,22.8257,22.2709,22.8257
MNSB,2019-12-13,22.9142,23.5087,22.8257,23.3507
MNSB,2019-12-16,23.3417,23.3557,22.6975,22.6975
MNSB,2019-12-17,22.4588,22.9739,22.423,22.6875
MNSB,2019-12-18,22.7174,23.0733,22.4528,22.7272
MNSB,2019-12-19,22.7661,22.7661,22.4787,22.6677
MNSB,2019-12-20,22.6378,22.6577,22.5085,22.6577
MNSB,2019-12-23,22.9112,22.9112,22.6875,22.6875
MNSB,2019-12-24,22.5285,22.776,22.3992,22.776
MNSB,2019-12-26,22.8357,22.8357,22.6279,22.6279
MNSB,2019-12-27,22.776,23.1727,22.2978,22.776
MNSB,2019-12-30,22.8257,23.3308,22.5483,22.6279
MNSB,2019-12-31,22.9142,23.0236,22.7272,22.776
MNSB,2020-01-02,22.8506,22.8744,22.776,22.8744
MNSB,2020-01-03,22.9241,22.9241,22.598,22.598
MNSB,2020-01-06,22.96,22.96,22.96,22.96
MNSB,2020-01-07,22.6776,22.952,22.598,22.598
MNSB,2020-01-08,22.776,22.9241,22.7661,22.9241
MNSB,2020-01-09,22.9241,22.9241,22.9142,22.9142
MNSB,2020-01-10,23.2513,23.2513,22.8436,23.1528
MNSB,2020-01-13,22.9441,23.5087,22.9441,23.4492
MNSB,2020-01-14,23.1826,23.3795,23.0236,23.0236
MNSB,2020-01-15,23.1528,23.3208,23.1528,23.2413
MNSB,2020-01-16,23.2125,23.2125,22.9539,22.9539
MNSB,2020-01-17,23.2225,23.2225,22.7174,22.7372
MNSB,2020-01-21,22.7611,22.8357,22.6875,22.6875
MNSB,2020-01-22,22.608,22.7174,22.598,22.598
MNSB,2020-01-23,22.8158,22.8357,22.5782,22.6776
MNSB,2020-01-24,22.8059,22.8059,22.6875,22.6875
MNSB,2020-01-27,22.6378,22.776,22.608,22.608
MNSB,2020-01-28,22.6776,22.8059,22.5384,22.6776
MNSB,2020-01-29,22.776,22.8257,22.5384,22.7561
MNSB,2020-01-30,22.598,22.598,22.598,22.598
MNSB,2020-01-31,22.5384,22.5384,21.7857,21.7857
MNSB,2020-02-03,22.0234,22.0234,22.0234,22.0234
MNSB,2020-02-04,22.0831,22.0831,22.0831,22.0831
MNSB,2020-02-05,22.3008,22.3008,22.3008,22.3008
MNSB,2020-02-06,22.3962,22.3962,22.1029,22.1029
MNSB,2020-02-07,22.4091,22.4688,22.1029,22.2123
MNSB,2020-02-10,22.4091,22.5185,22.1129,22.2709
MNSB,2020-02-11,22.2809,22.5285,22.1924,22.1924
MNSB,2020-02-12,22.3535,22.3535,21.5978,21.8355
MNSB,2020-02-13,21.8355,22.1824,21.8355,22.1129
MNSB,2020-02-14,22.0134,22.0134,21.8355,21.8355
MNSB,2020-02-18,21.2906,22.0542,21.2906,21.8941
MNSB,2020-02-19,21.7857,21.7857,21.6376,21.6376
MNSB,2020-02-20,21.7857,21.9389,21.6376,21.6376
MNSB,2020-02-21,21.6774,22.5085,21.5382,21.5382
MNSB,2020-02-24,21.2906,21.6277,21.2906,21.568
MNSB,2020-02-25,21.3403,21.5083,20.7955,20.7955
MNSB,2020-02-26,20.9138,21.5978,20.9138,20.9934
MNSB,2020-02-27,20.9317,21.1922,20.8939,21.0629
MNSB,2020-02-28,20.8402,20.8402,19.6571,20.0827
MNSB,2020-03-02,20.2119,21.1922,20.2119,21.1922
MNSB,2020-03-03,21.909,22.0333,19.9037,20.3501
MNSB,2020-03-04,20.4485,21.4686,20.1025,20.8552
MNSB,2020-03-05,20.5479,21.2121,19.1321,20.0925
MNSB,2020-03-06,19.4284,20.9735,18.6022,19.2614
MNSB,2020-03-09,18.7464,18.7464,17.2858,17.8634
MNSB,2020-03-10,18.3208,18.3208,15.8442,17.3982
MNSB,2020-03-11,17.3306,17.3306,16.8404,17.1814
MNSB,2020-03-12,16.8354,16.9647,13.8636,13.8736
MNSB,2020-03-13,14.3587,16.0082,14.31,15.8442
MNSB,2020-03-16,13.6559,16.9329,13.46,15.3202
MNSB,2020-03-17,15.0518,16.9329,15.0518,16.9329
MNSB,2020-03-18,15.9128,15.9128,15.2009,15.2109
MNSB,2020-03-19,15.3302,17.8257,13.6658,17.8257
MNSB,2020-03-20,16.3881,17.6269,15.7358,17.0919
MNSB,2020-03-23,17.5275,17.5275,13.6658,15.5966
MNSB,2020-03-24,14.2802,17.3306,14.2802,16.3304
MNSB,2020-03-25,16.3304,18.2313,15.7955,16.5372
MNSB,2020-03-26,16.6565,18.8061,16.5272,18.3208
MNSB,2020-03-27,16.5868,17.2808,15.4773,15.4773
MNSB,2020-03-30,15.1711,16.2757,15.007,15.7557
MNSB,2020-03-31,15.7656,16.5968,14.9573,16.5968
MNSB,2020-04-01,16.1713,16.1713,15.2705,15.3491
MNSB,2020-04-02,15.4873,15.4873,14.4771,14.834
MNSB,2020-04-03,14.8251,14.8251,14.2205,14.2205
MNSB,2020-04-06,15.191,15.191,14.2205,14.854
MNSB,2020-04-07,14.161,15.4176,14.161,15.2009
MNSB,2020-04-08,15.5768,15.5768,14.5169,14.5566
MNSB,2020-04-09,14.854,15.3491,14.854,15.3491
MNSB,2020-04-13,15.191,15.191,14.2504,14.2504
MNSB,2020-04-14,14.6561,15.5071,14.6561,14.844
MNSB,2020-04-15,14.666,14.9225,13.9283,14.0218
MNSB,2020-04-16,13.6757,13.8636,12.6954,13.1707
MNSB,2020-04-17,13.4968,14.1908,13.3437,14.1908
MNSB,2020-04-20,13.8636,14.3587,13.8239,13.9621
MNSB,2020-04-21,13.8636,14.8838,13.8636,14.854
MNSB,2020-04-22,14.9822,14.9822,14.0516,14.6064
MNSB,2020-04-23,14.2604,14.6064,14.2107,14.4572
MNSB,2020-04-24,14.4472,14.4472,13.6062,14.1311
MNSB,2020-04-27,13.9521,14.5766,13.9521,14.3489
MNSB,2020-04-28,14.4184,14.7953,13.3685,13.5365
MNSB,2020-04-29,14.0317,15.4176,13.6757,15.4176
MNSB,2020-04-30,14.8251,15.3391,14.3687,14.8738
MNSB,2020-05-01,14.6163,14.6163,14.2802,14.5467
MNSB,2020-05-04,14.3986,14.6163,14.2107,14.6163
MNSB,2020-05-05,14.9921,15.002,14.3587,14.4284
MNSB,2020-05-06,14.6958,14.6958,13.982,13.982
MNSB,2020-05-07,14.31,14.3587,14.151,14.161
MNSB,2020-05-08,14.3886,14.6064,14.0615,14.2802
MNSB,2020-05-11,14.151,14.497,13.0514,13.1608
MNSB,2020-05-12,13.4182,13.4182,12.604,12.7054
MNSB,2020-05-13,12.6357,13.3585,12.6357,12.7252
MNSB,2020-05-14,12.6258,12.8734,12.3633,12.5762
MNSB,2020-05-15,12.8147,12.8147,12.2898,12.6258
MNSB,2020-05-18,12.9917,13.3685,12.5762,13.3685
MNSB,2020-05-19,13.2701,13.2701,12.1903,12.2798
MNSB,2020-05-20,12.586,13.3685,12.26,13.3685
MNSB,2020-05-21,13.28,13.3685,13.2602,13.2602
MNSB,2020-05-22,13.2602,13.3685,13.0016,13.3685
MNSB,2020-05-26,13.6459,13.6459,12.7849,13.1408
MNSB,2020-05-27,13.3685,15.3391,12.4478,14.8638
MNSB,2020-05-28,14.9425,15.002,14.3587,14.5467
MNSB,2020-05-29,14.4284,14.6312,12.5762,13.1408
MNSB,2020-06-01,13.1806,13.3585,13.0216,13.0911
MNSB,2020-06-02,13.1508,13.3198,12.7154,12.9718
MNSB,2020-06-03,13.2701,13.5515,12.9529,13.1707
MNSB,2020-06-04,13.1309,13.6261,13.0713,13.3387
MNSB,2020-06-05,13.5664,14.6163,13.457,14.0615
MNSB,2020-06-08,14.4871,14.8271,14.15,14.31
MNSB,2020-06-09,14.4871,14.4871,13.6261,13.6261
MNSB,2020-06-10,13.7652,14.1212,13.4382,13.5465
MNSB,2020-06-11,13.4869,13.4869,12.5264,12.5264
MNSB,2020-06-12,12.943,13.5664,12.5762,13.3098
MNSB,2020-06-15,13.0216,13.29,12.8744,13.2005
MNSB,2020-06-16,13.3098,13.6459,12.9818,13.4282
MNSB,2020-06-17,13.3685,13.3984,13.0216,13.0216
MNSB,2020-06-18,12.943,13.0663,12.8734,12.8734
MNSB,2020-06-19,13.0116,13.0116,12.7452,12.7551
MNSB,2020-06-22,13.0811,13.2701,12.943,13.1309
MNSB,2020-06-23,13.29,13.7156,13.0713,13.0713
MNSB,2020-06-24,13.121,13.121,12.8734,12.8734
MNSB,2020-06-25,12.7551,13.7056,12.7551,13.457
MNSB,2020-06-26,13.3098,13.3098,12.7749,12.8237
MNSB,2020-06-29,13.0216,13.2303,12.8933,13.1608
MNSB,2020-06-30,13.0315,13.29,12.9331,13.0713
MNSB,2020-07-01,13.1756,13.1756,13.0613,13.121
MNSB,2020-07-02,13.1408,13.1408,13.0216,13.0216
MNSB,2020-07-06,13.121,13.121,12.9718,13.111
MNSB,2020-07-07,13.0613,13.0613,12.7849,12.7849
MNSB,2020-07-08,12.7749,12.8634,12.6855,12.6954
MNSB,2020-07-09,12.7252,12.7252,12.3783,12.6755
MNSB,2020-07-10,12.5264,12.8634,12.5264,12.8634
MNSB,2020-07-13,12.8535,12.9032,12.6954,12.7154
MNSB,2020-07-14,12.9529,12.9718,12.6656,12.6855
MNSB,2020-07-15,12.8734,13.0166,12.586,12.586
MNSB,2020-07-16,12.6457,12.8237,12.5762,12.5762
MNSB,2020-07-17,12.5463,13.3585,12.5463,13.0315
MNSB,2020-07-20,13.1011,13.2701,12.9718,13.2602
MNSB,2020-07-21,13.3387,14.0218,13.3387,14.0218
MNSB,2020-07-22,13.3585,13.7354,13.2701,13.5564
MNSB,2020-07-23,13.467,13.467,13.1707,13.1906
MNSB,2020-07-24,13.3944,13.8209,13.2701,13.2701
MNSB,2020-07-27,13.3487,13.6062,13.3487,13.6062
MNSB,2020-07-28,13.4769,13.7056,13.3685,13.448
MNSB,2020-07-29,13.3685,13.3685,13.121,13.121
MNSB,2020-07-30,13.121,13.3487,12.8734,13.1707
MNSB,2020-07-31,13.1707,13.1906,12.8048,12.8048
MNSB,2020-08-03,12.9917,13.1408,12.7749,13.0713
MNSB,2020-08-04,12.9629,12.9629,12.586,12.8048
MNSB,2020-08-05,12.8237,13.0613,12.7252,13.0613
MNSB,2020-08-06,12.8933,12.9718,12.8734,12.9718
MNSB,2020-08-07,12.9718,13.3487,12.6656,13.3487
MNSB,2020-08-10,13.1915,13.1915,13.0663,13.0713
MNSB,2020-08-11,13.3288,13.805,13.3288,13.5812
MNSB,2020-08-12,13.7156,14.3489,13.4232,13.9521
MNSB,2020-08-13,13.5515,13.8836,13.1906,13.4282
MNSB,2020-08-14,13.467,13.6698,13.2005,13.467
MNSB,2020-08-17,13.467,13.8239,13.28,13.29
MNSB,2020-08-18,13.4182,13.4182,13.2303,13.2303
MNSB,2020-08-19,13.3685,13.9621,13.3685,13.8836
MNSB,2020-08-20,13.6658,13.8149,13.3685,13.8149
MNSB,2020-08-21,13.5862,13.5862,13.0216,13.0315
MNSB,2020-08-24,13.2303,13.3098,13.0116,13.2502
MNSB,2020-08-25,13.2602,13.3685,13.0613,13.1309
MNSB,2020-08-26,13.1011,13.1011,12.9231,12.9231
MNSB,2020-08-27,12.8834,13.2691,12.8734,12.8734
MNSB,2020-08-28,12.943,12.9917,12.8734,12.9917
MNSB,2020-08-31,12.9231,12.9231,12.6954,12.6954
MNSB,2020-09-01,12.8137,12.9818,12.6357,12.9331
MNSB,2020-09-02,12.9331,13.111,12.9331,13.111
MNSB,2020-09-03,12.6954,13.2105,12.6159,12.9231
MNSB,2020-09-04,13.0444,13.0444,12.5065,12.8634
MNSB,2020-09-08,12.8734,13.2303,12.7054,12.8734
MNSB,2020-09-09,12.8834,12.943,12.8734,12.8734
MNSB,2020-09-10,12.9529,13.2303,12.9529,13.0216
MNSB,2020-09-11,13.0216,13.0216,12.7054,12.7749
MNSB,2020-09-14,12.8634,13.121,12.8634,13.121
MNSB,2020-09-15,12.8634,12.8634,12.8147,12.8147
MNSB,2020-09-16,12.9131,12.9131,12.6855,12.6954
MNSB,2020-09-17,12.6457,13.0713,12.6457,13.0216
MNSB,2020-09-18,13.2203,13.2701,12.6954,13.2701
MNSB,2020-09-21,13.0315,13.4869,12.7749,12.7949
MNSB,2020-09-22,13.2701,13.2701,11.6355,12.2103
MNSB,2020-09-23,12.1606,12.2301,11.8832,11.903
MNSB,2020-09-24,12.6507,12.6507,12.1804,12.1804
MNSB,2020-09-25,12.2401,12.6159,12.2401,12.3882
MNSB,2020-09-28,12.9231,13.3148,12.9231,13.0514
MNSB,2020-09-29,13.0514,13.0514,12.2798,12.4081
MNSB,2020-09-30,12.3783,12.8734,12.0809,12.1208
MNSB,2020-10-01,12.418,12.5264,12.2798,12.3485
MNSB,2020-10-02,12.1903,12.606,12.1804,12.5363
MNSB,2020-10-05,12.7352,13.28,12.7352,13.121
MNSB,2020-10-06,13.3098,13.3785,13.0016,13.0016
MNSB,2020-10-07,13.0613,13.2701,13.0514,13.2701
MNSB,2020-10-08,13.0514,13.3098,12.943,13.2105
MNSB,2020-10-09,13.2005,13.7056,13.2005,13.7056
MNSB,2020-10-12,13.7056,13.7056,13.4083,13.6161
MNSB,2020-10-13,13.6161,13.6161,13.3585,13.3884
MNSB,2020-10-14,13.3685,13.6658,13.3685,13.3785
MNSB,2020-10-15,13.0026,13.6658,13.0016,13.6658
MNSB,2020-10-16,13.2701,13.5664,13.2701,13.5664
MNSB,2020-10-19,13.6261,13.7553,13.6062,13.7156
MNSB,2020-10-20,13.9134,14.3587,13.9134,14.3587
MNSB,2020-10-21,14.4572,14.5069,14.1212,14.32
MNSB,2020-10-22,14.2107,14.7256,14.2107,14.6561
MNSB,2020-10-23,15.4474,15.8054,14.6958,15.2506
MNSB,2020-10-26,15.181,15.2407,15.0418,15.1114
MNSB,2020-10-27,14.5019,15.1681,14.5019,14.5864
MNSB,2020-10-28,14.5566,14.7754,14.2007,14.6958
MNSB,2020-10-29,14.6064,15.2556,14.6064,14.9623
MNSB,2020-10-30,14.7356,15.1114,14.6362,14.7654
MNSB,2020-11-02,14.492,15.0617,14.3587,14.8151
MNSB,2020-11-03,15.0717,15.1711,14.4522,15.0617
MNSB,2020-11-04,14.8151,14.844,14.4871,14.5666
MNSB,2020-11-05,14.4871,15.716,14.4871,15.4674
MNSB,2020-11-06,14.8937,14.8937,14.7953,14.7953
MNSB,2020-11-09,15.527,16.4328,15.527,15.6861
MNSB,2020-11-10,15.884,16.6863,15.8253,16.3881
MNSB,2020-11-11,16.1017,16.3304,15.8253,16.3304
MNSB,2020-11-12,16.052,16.052,15.4773,15.4773
MNSB,2020-11-13,15.4276,15.9724,15.4176,15.8253
MNSB,2020-11-16,15.9327,16.746,15.9327,16.6068
MNSB,2020-11-17,16.4974,16.4974,16.0917,16.221
MNSB,2020-11-18,16.1315,16.4974,15.9028,15.9028
MNSB,2020-11-19,15.5966,16.0917,15.4674,16.0917
MNSB,2020-11-20,15.6563,16.0122,15.6563,16.0122
MNSB,2020-11-23,15.869,16.0917,15.7298,16.0172
MNSB,2020-11-24,16.3393,16.6763,16.1713,16.3881
MNSB,2020-11-25,16.5471,16.5471,16.221,16.2707
MNSB,2020-11-27,16.2409,16.4278,15.9923,16.1017
MNSB,2020-11-30,15.9227,16.0719,15.8939,16.052
MNSB,2020-12-01,16.2409,16.6565,16.0917,16.1414
MNSB,2020-12-02,16.0122,16.0122,15.359,15.706
MNSB,2020-12-03,15.696,16.0619,15.696,15.8442
MNSB,2020-12-04,16.0917,16.2906,15.869,16.2707
MNSB,2020-12-07,16.1912,16.5073,16.1414,16.3204
MNSB,2020-12-08,16.4079,16.746,16.2806,16.6863
MNSB,2020-12-09,16.6167,16.6366,16.3493,16.4378
MNSB,2020-12-10,16.4178,16.5471,16.2806,16.4378
MNSB,2020-12-11,16.2707,16.3104,16.2707,16.3104
MNSB,2020-12-14,16.3592,16.4925,16.1315,16.221
MNSB,2020-12-15,16.2409,16.726,16.2409,16.577
MNSB,2020-12-16,16.4378,16.6465,16.3393,16.6267
MNSB,2020-12-17,16.6117,16.6366,16.4378,16.6366
MNSB,2020-12-18,16.6664,17.1118,16.3393,17.1118
MNSB,2020-12-21,16.6366,16.7658,16.3881,16.7658
MNSB,2020-12-22,17.0323,17.0422,16.5471,16.6068
MNSB,2020-12-23,16.6316,16.6366,16.5868,16.6167
MNSB,2020-12-24,16.6664,16.6664,16.6068,16.6068
MNSB,2020-12-28,16.7559,16.9329,16.6366,16.6366
MNSB,2020-12-29,16.736,16.746,16.6664,16.6763
MNSB,2020-12-30,16.726,17.5772,16.6565,16.8255
MNSB,2020-12-31,16.9229,17.2063,16.736,16.746
MNSB,2021-01-04,16.8444,17.8157,16.6962,16.736
MNSB,2021-01-05,16.6962,16.9329,16.6366,16.6863
MNSB,2021-01-06,16.8742,18.0723,16.8742,16.9429
MNSB,2021-01-07,17.2311,17.6169,16.8106,16.8354
MNSB,2021-01-08,16.8255,17.1416,16.7559,16.903
MNSB,2021-01-11,17.0522,17.1118,16.7758,17.0522
MNSB,2021-01-12,17.0721,17.2411,16.9229,17.1914
MNSB,2021-01-13,17.0821,18.8448,17.0821,17.6964
MNSB,2021-01-14,18.0026,18.4282,17.6865,17.8634
MNSB,2021-01-15,17.7661,17.7661,17.4578,17.6567
MNSB,2021-01-19,17.7661,17.7661,16.9726,17.3306
MNSB,2021-01-20,17.5473,17.5772,17.2808,17.2808
MNSB,2021-01-21,17.438,17.8257,17.2808,17.6269
MNSB,2021-01-22,17.587,18.122,17.587,18.122
MNSB,2021-01-25,17.9728,18.8448,17.7661,18.4382
MNSB,2021-01-26,18.5674,18.8448,18.1916,18.637
MNSB,2021-01-27,18.5376,18.6072,17.7312,18.3208
MNSB,2021-01-28,18.5376,18.5376,17.4777,17.597
MNSB,2021-01-29,17.6765,17.8227,16.4875,16.913
MNSB,2021-02-01,17.0821,17.9231,17.0621,17.1914
MNSB,2021-02-02,17.4578,17.5772,17.256,17.5473
MNSB,2021-02-03,17.3495,17.4678,16.9429,17.0323
MNSB,2021-02-04,17.438,17.6567,16.9826,17.6567
MNSB,2021-02-05,17.5473,17.9032,17.1466,17.8257
MNSB,2021-02-08,18.4083,18.9035,17.8356,18.7861
MNSB,2021-02-09,18.8159,18.8159,18.3308,18.8159
MNSB,2021-02-10,18.9035,19.2415,18.2463,18.9333
MNSB,2021-02-11,18.9333,19.2713,18.5177,18.7861
MNSB,2021-02-12,19.0028,19.0755,18.6469,19.0725
MNSB,2021-02-16,18.8348,19.3399,18.4779,18.4779
MNSB,2021-02-17,18.3685,18.3685,17.7312,17.8546
MNSB,2021-02-18,17.607,17.7164,17.0024,17.0024
MNSB,2021-02-19,17.0124,17.6865,17.0124,17.4678
MNSB,2021-02-22,17.2709,18.4779,17.2709,18.0325
MNSB,2021-02-23,18.3208,21.6287,18.3208,19.5079
MNSB,2021-02-24,19.5179,20.6275,19.0128,19.4781
MNSB,2021-02-25,19.3399,19.3399,18.8448,18.8448
MNSB,2021-02-26,18.9233,19.157,18.3208,18.4182
MNSB,2021-03-01,18.1916,19.1798,18.122,18.7166
MNSB,2021-03-02,18.4182,19.0625,18.4182,18.6669
MNSB,2021-03-03,18.8736,21.043,18.8636,19.8063
MNSB,2021-03-04,19.9335,20.7955,19.7366,19.9136
MNSB,2021-03-05,20.1622,20.6921,20.018,20.6473
MNSB,2021-03-08,20.6473,21.8454,20.5876,21.043
MNSB,2021-03-09,21.1127,21.4179,20.7955,20.884
MNSB,2021-03-10,21.1424,21.5283,20.6673,20.9834
MNSB,2021-03-11,20.4883,21.4388,20.4485,21.2021
MNSB,2021-03-12,21.2419,21.7669,20.884,21.1127
MNSB,2021-03-15,20.884,20.884,19.8638,20.023
MNSB,2021-03-16,19.855,20.0528,19.5378,19.9235
MNSB,2021-03-17,19.6869,19.9932,19.6372,19.8838
MNSB,2021-03-18,19.9235,20.707,19.6421,19.7565
MNSB,2021-03-19,19.7863,20.9138,19.0625,20.717
MNSB,2021-03-22,20.4087,21.0052,19.7466,20.1125
MNSB,2021-03-23,20.0627,21.1723,19.859,20.9635
MNSB,2021-03-24,21.0032,21.7569,19.9932,20.013
MNSB,2021-03-25,20.0925,20.874,19.8738,20.4883
MNSB,2021-03-26,20.7766,20.9486,19.9971,20.538
MNSB,2021-03-29,20.1522,21.3204,20.0925,20.8939
MNSB,2021-03-30,20.4316,21.0927,20.4316,20.7667
MNSB,2021-03-31,20.8153,20.9138,20.3591,20.5579
MNSB,2021-04-01,20.4584,20.8939,20.4584,20.7955
MNSB,2021-04-05,20.9138,21.043,20.5876,20.8552
MNSB,2021-04-06,21.043,21.0829,20.7667,20.8552
MNSB,2021-04-07,20.8402,20.9138,20.3014,20.3591
MNSB,2021-04-08,20.6423,20.9138,20.2517,20.4386
MNSB,2021-04-09,20.6523,20.7468,20.3202,20.5479
MNSB,2021-04-12,20.7468,20.7468,20.4684,20.4982
MNSB,2021-04-13,20.5579,20.9237,20.4982,20.7865
MNSB,2021-04-14,20.4783,20.722,20.3302,20.4883
MNSB,2021-04-15,20.4883,20.717,20.4485,20.5579
MNSB,2021-04-16,20.707,21.4935,20.4783,21.3403
MNSB,2021-04-19,21.1524,21.1524,20.7955,20.9735
MNSB,2021-04-20,21.0927,21.1127,20.6971,20.9934
MNSB,2021-04-21,21.1624,21.3403,20.9138,20.9934
MNSB,2021-04-22,21.1127,21.1524,20.5479,20.5479
MNSB,2021-04-23,20.7468,20.9287,20.3789,20.707
MNSB,2021-04-26,20.7468,20.8552,20.5479,20.6275
MNSB,2021-04-27,20.6275,20.7865,20.6275,20.6971
MNSB,2021-04-28,20.6275,20.8153,20.6275,20.8153
MNSB,2021-04-29,21.1365,21.3503,20.6473,20.874
MNSB,2021-04-30,20.7468,21.0132,20.6971,20.9934
MNSB,2021-05-03,20.9834,21.2906,20.707,20.8939
MNSB,2021-05-04,20.7955,21.0829,20.7955,20.7955
MNSB,2021-05-05,20.5976,20.9834,20.5976,20.8552
MNSB,2021-05-06,20.7955,21.0401,20.7318,20.874
MNSB,2021-05-07,20.6573,21.0927,20.5976,20.6673
MNSB,2021-05-10,20.6275,20.9535,20.5678,20.5976
MNSB,2021-05-11,20.4684,20.864,20.3988,20.4485
MNSB,2021-05-12,20.5976,20.5976,20.3988,20.4584
MNSB,2021-05-13,20.3988,20.9535,20.3988,20.707
MNSB,2021-05-14,20.864,20.9535,20.717,20.8055
MNSB,2021-05-17,20.7955,21.1773,20.7955,20.9934
MNSB,2021-05-18,21.053,21.0829,20.6971,21.043
MNSB,2021-05-19,21.043,21.0829,20.7955,20.8939
MNSB,2021-05-20,20.7955,20.9735,20.7955,20.9735
MNSB,2021-05-21,21.1127,21.2519,20.9078,21.2519
MNSB,2021-05-24,21.1424,21.3383,20.9934,21.0032
MNSB,2021-05-25,20.9834,21.0729,20.9535,20.9934
MNSB,2021-05-26,21.2221,21.3403,21.043,21.1326
MNSB,2021-05-27,21.0829,21.5083,21.053,21.4189
MNSB,2021-05-28,21.4984,21.4984,21.043,21.2021
MNSB,2021-06-01,21.4984,21.5283,21.2419,21.399
MNSB,2021-06-02,21.4388,21.9936,21.399,21.568
MNSB,2021-06-03,21.568,22.7661,21.568,22.7661
MNSB,2021-06-04,22.7859,23.0236,22.5285,22.5285
MNSB,2021-06-07,22.5085,23.0286,22.1526,22.1626
MNSB,2021-06-08,22.3693,22.3693,21.7957,21.7957
MNSB,2021-06-09,21.7857,21.9737,21.7758,21.7857
MNSB,2021-06-10,21.9339,22.2123,21.8941,22.1725
MNSB,2021-06-11,22.0929,22.4986,22.0929,22.3008
MNSB,2021-06-14,22.2123,22.4688,22.1029,22.2809
MNSB,2021-06-15,22.3107,22.4489,22.0432,22.2223
MNSB,2021-06-16,22.1029,22.4986,22.0831,22.3405
MNSB,2021-06-17,22.3107,22.3266,22.0831,22.0831
MNSB,2021-06-18,22.0831,22.1427,21.4487,21.4487
MNSB,2021-06-21,21.4089,21.9737,21.4089,21.8057
MNSB,2021-06-22,22.0035,22.3206,21.747,21.914
MNSB,2021-06-23,22.0731,22.0731,21.8057,22.0731
MNSB,2021-06-24,21.9836,22.0831,21.6028,22.0134
MNSB,2021-06-25,22.0831,22.4986,21.8155,22.2809
MNSB,2021-06-28,22.2223,22.7174,22.0582,22.6279
MNSB,2021-06-29,22.7174,23.2612,22.2421,22.4986
MNSB,2021-06-30,22.3505,23.475,22.2809,22.3605
MNSB,2021-07-01,22.4887,22.5782,22.2709,22.3206
MNSB,2021-07-02,22.4091,22.8894,22.4091,22.5682
MNSB,2021-07-06,22.6179,22.7561,22.3893,22.5384
MNSB,2021-07-07,22.5384,22.6677,22.4787,22.5782
MNSB,2021-07-08,22.3893,22.5881,22.3206,22.3793
MNSB,2021-07-09,22.5782,22.7372,22.439,22.6875
MNSB,2021-07-12,22.5065,22.608,22.4787,22.598
MNSB,2021-07-13,22.4887,23.2025,22.4887,22.8059
MNSB,2021-07-14,22.9241,24.4095,22.9241,24.1828
MNSB,2021-07-15,24.2345,24.2614,23.8686,23.9641
MNSB,2021-07-16,24.1232,24.5587,23.9293,24.0835
MNSB,2021-07-19,24.1828,24.2415,23.1628,23.1628
MNSB,2021-07-20,23.4889,24.5846,23.3109,23.6181
MNSB,2021-07-21,23.6181,23.8259,23.4432,23.4989
MNSB,2021-07-22,23.7563,23.9144,23.4352,23.5784
MNSB,2021-07-23,23.6519,24.0138,23.4789,23.9343
MNSB,2021-07-26,23.9343,24.7068,23.9343,24.2127
MNSB,2021-07-27,24.0437,24.0933,23.7076,23.8458
MNSB,2021-07-28,23.8657,24.1033,23.459,23.7464
MNSB,2021-07-29,23.4989,24.1133,23.4989,23.984
MNSB,2021-07-30,23.8846,24.0437,23.6579,23.8657
MNSB,2021-08-02,23.7663,23.7762,23.3507,23.6778
MNSB,2021-08-03,23.6679,23.7563,23.5485,23.6877
MNSB,2021-08-04,23.5386,23.7176,23.3994,23.3994
MNSB,2021-08-05,23.4392,24.161,23.3507,23.9443
MNSB,2021-08-06,23.8657,23.9641,23.6679,23.7663
MNSB,2021-08-09,23.638,23.8558,23.5784,23.7364
MNSB,2021-08-10,23.7663,23.7663,23.6679,23.7176
MNSB,2021-08-11,23.5784,23.7663,23.5784,23.7464
MNSB,2021-08-12,23.5784,23.5784,23.5784,23.5784
MNSB,2021-08-13,23.5784,23.5784,23.1826,23.2612
MNSB,2021-08-16,23.3795,23.638,23.3407,23.4889
MNSB,2021-08-17,23.5535,23.7265,23.4193,23.4789
MNSB,2021-08-18,23.4789,23.6679,23.2612,23.3795
MNSB,2021-08-19,23.3795,23.9741,23.3795,23.4989
MNSB,2021-08-20,24.153,24.153,24.1033,24.153
MNSB,2021-08-23,24.0238,24.0238,23.2612,23.291
MNSB,2021-08-24,23.5187,23.5187,23.2125,23.3607
MNSB,2021-08-25,23.5187,23.7563,23.128,23.1727
MNSB,2021-08-26,23.2712,23.6181,22.9639,23.5982
MNSB,2021-08-27,23.3109,23.4989,23.2413,23.2413
MNSB,2021-08-30,23.2712,23.468,23.0733,23.1528
MNSB,2021-08-31,23.1528,23.2712,23.0833,23.123
MNSB,2021-09-01,23.123,23.4193,23.123,23.4193
MNSB,2021-09-02,23.2025,23.469,23.1727,23.469
MNSB,2021-09-03,23.301,23.3705,23.301,23.3705
MNSB,2021-09-07,23.3705,23.6181,23.291,23.3795
MNSB,2021-09-08,23.5087,23.5087,23.291,23.4093
MNSB,2021-09-09,23.291,23.298,22.7074,23.0236
MNSB,2021-09-10,23.0733,23.0733,22.6776,22.776
MNSB,2021-09-13,22.7859,23.4193,22.608,22.608
MNSB,2021-09-14,22.8059,22.8059,22.439,22.6577
MNSB,2021-09-15,22.4887,22.6577,22.3555,22.6477
MNSB,2021-09-16,22.6179,23.301,22.4489,22.9639
MNSB,2021-09-17,22.8357,23.3705,22.1725,23.291
MNSB,2021-09-20,22.9241,23.1528,22.439,22.6677
MNSB,2021-09-21,22.7272,22.7272,22.439,22.439
MNSB,2021-09-22,22.439,22.7661,22.2908,22.7661
MNSB,2021-09-23,22.7174,23.0136,22.5782,23.0136
MNSB,2021-09-24,22.7561,22.9241,22.6279,22.776
MNSB,2021-09-27,22.776,24.0138,22.776,24.0138
MNSB,2021-09-28,23.9741,24.2315,23.6479,23.8458
MNSB,2021-09-29,24.0536,24.0635,23.8846,23.984
MNSB,2021-09-30,23.9443,23.9443,23.5684,23.7563
MNSB,2021-10-01,23.7762,24.0337,23.7762,24.0039
MNSB,2021-10-04,24.0118,24.0118,23.9641,23.9641
MNSB,2021-10-05,23.994,24.0138,23.7663,24.0138
MNSB,2021-10-06,23.9641,24.0138,23.9144,24.0138
MNSB,2021-10-07,24.0138,24.0835,23.9293,24.0238
MNSB,2021-10-08,24.0337,24.0835,23.9641,23.9641
MNSB,2021-10-11,24.0635,24.2714,23.9313,24.1133
MNSB,2021-10-12,24.3509,24.3509,24.2763,24.2763
MNSB,2021-10-13,24.3707,24.3707,24.1828,24.3609
MNSB,2021-10-14,24.3111,24.3609,24.3111,24.3609
MNSB,2021-10-15,24.3609,24.3807,24.0298,24.2027
MNSB,2021-10-18,24.2614,24.2614,23.9144,24.0039
MNSB,2021-10-19,24.1133,24.2614,24.0993,24.2127
MNSB,2021-10-20,24.2127,24.6084,23.9343,24.5984
MNSB,2021-10-21,24.6183,25.183,24.3757,25.1731
MNSB,2021-10-22,24.9643,26.589,24.7366,25.7468
MNSB,2021-10-25,25.7468,25.7468,25.192,25.4197
MNSB,2021-10-26,25.3998,25.4793,25.1234,25.4793
MNSB,2021-10-27,25.4793,25.6782,25.193,25.3511
MNSB,2021-10-28,24.6531,25.1135,24.4543,24.7913
MNSB,2021-10-29,24.5089,24.7565,24.2564,24.7565
MNSB,2021-11-01,24.7565,24.7565,24.1828,24.4991
MNSB,2021-11-02,24.3609,24.5836,24.3609,24.5089
MNSB,2021-11-03,24.5089,24.5089,24.2942,24.5089
MNSB,2021-11-04,24.4891,24.678,24.4195,24.6581
MNSB,2021-11-05,24.6581,24.6581,24.2505,24.6581
MNSB,2021-11-08,24.6879,25.6971,24.6879,25.3611
MNSB,2021-11-09,25.0737,25.3511,24.3976,24.6581
MNSB,2021-11-10,24.6581,24.7168,24.6382,24.6382
MNSB,2021-11-11,25.1403,25.1403,24.8967,24.8967
MNSB,2021-11-12,25.0538,25.2517,24.0635,24.1133
MNSB,2021-11-15,24.321,24.7466,24.321,24.7466
MNSB,2021-11-16,24.5886,25.2417,24.3609,24.6581
MNSB,2021-11-17,24.6004,24.846,24.5487,24.5487
MNSB,2021-11-18,24.5537,24.6283,24.2127,24.5289
MNSB,2021-11-19,24.2217,24.5289,24.1133,24.2217
MNSB,2021-11-22,24.1828,24.6283,24.163,24.163
MNSB,2021-11-23,24.2127,24.2127,24.0635,24.0635
MNSB,2021-11-24,24.1133,24.5089,24.0635,24.3111
MNSB,2021-11-26,24.0536,24.2614,24.0536,24.2614
MNSB,2021-11-29,24.2127,24.2127,23.2225,23.4789
MNSB,2021-11-30,23.4889,23.4889,23.2612,23.301
MNSB,2021-12-01,23.5684,23.7762,23.2712,23.2712
MNSB,2021-12-02,23.3407,23.6579,22.2818,23.1727
MNSB,2021-12-03,22.777,23.3109,22.777,22.9838
MNSB,2021-12-06,23.0931,23.4392,22.5285,23.0236
MNSB,2021-12-07,22.8943,23.133,22.8744,23.133
MNSB,2021-12-08,22.8943,23.0136,22.776,22.7959
MNSB,2021-12-09,22.7959,22.7959,22.7959,22.7959
MNSB,2021-12-10,22.6776,22.9938,22.3693,22.9938
MNSB,2021-12-13,22.9639,22.9639,22.6527,22.8257
MNSB,2021-12-14,22.7074,22.8257,22.1626,22.6179
MNSB,2021-12-15,22.6378,24.5587,22.6378,23.7076
MNSB,2021-12-16,23.8945,23.8945,23.0335,23.0435
MNSB,2021-12-17,22.9142,23.1628,22.7272,23.1031
MNSB,2021-12-20,23.3944,24.2614,22.9838,23.2513
MNSB,2021-12-21,23.3944,23.3944,23.0236,23.1031
MNSB,2021-12-22,22.9241,23.304,22.9241,23.0236
MNSB,2021-12-23,23.0236,23.994,23.0236,23.5883
MNSB,2021-12-27,23.4789,23.7464,23.4492,23.7464
MNSB,2021-12-28,23.7464,24.9544,23.4193,23.459
MNSB,2021-12-29,23.469,24.1928,23.459,24.1928
MNSB,2021-12-30,24.6084,24.6084,24.0805,24.1133
MNSB,2021-12-31,24.0635,24.3509,23.8846,24.3509
MNSB,2022-01-03,24.2027,24.4494,23.5187,24.0238
MNSB,2022-01-04,24.678,24.9534,24.0835,24.2813
MNSB,2022-01-05,24.163,24.163,23.8259,23.9243
MNSB,2022-01-06,23.8259,24.0138,23.8259,24.0138
MNSB,2022-01-07,23.994,24.6481,23.8259,24.4592
MNSB,2022-01-10,24.5089,24.5089,24.0268,24.4692
MNSB,2022-01-11,24.5984,24.5984,23.9363,23.9363
MNSB,2022-01-12,24.4791,24.5886,23.9343,24.3111
MNSB,2022-01-13,24.6084,24.6283,24.332,24.4592
MNSB,2022-01-14,24.331,24.4095,24.0138,24.1133
MNSB,2022-01-18,24.2315,24.2315,23.8259,24.0039
MNSB,2022-01-19,24.0437,24.0437,23.8259,23.9641
MNSB,2022-01-20,24.0138,24.2027,23.9641,24.1133
MNSB,2022-01-21,23.8259,24.1431,23.7663,23.9641
MNSB,2022-01-24,24.2614,24.2614,23.7673,23.9641
MNSB,2022-01-25,23.8259,24.2614,23.8259,24.2127
MNSB,2022-01-26,24.2127,25.3511,24.163,24.7565
MNSB,2022-01-27,24.7565,25.1791,24.5686,24.5686
MNSB,2022-01-28,24.7386,24.7386,24.5587,24.5587
MNSB,2022-01-31,24.5587,25.2019,24.5289,24.7168
MNSB,2022-02-01,24.6581,25.2517,24.4592,24.4592
MNSB,2022-02-02,24.5587,24.7078,24.4772,24.6333
MNSB,2022-02-03,24.4095,24.8073,24.4095,24.6382
MNSB,2022-02-04,25.2049,25.2049,24.6084,24.6084
MNSB,2022-02-07,24.8073,24.8858,24.8073,24.8073
MNSB,2022-02-08,24.9355,25.1542,24.8669,25.1244
MNSB,2022-02-09,24.7744,25.2537,24.7744,24.9455
MNSB,2022-02-10,25.2039,25.2735,24.847,24.847
MNSB,2022-02-11,25.2934,25.4018,24.8858,24.9057
MNSB,2022-02-14,24.9753,25.0002,24.6979,24.6979
MNSB,2022-02-15,24.7277,25.3631,24.7277,25.2039
MNSB,2022-02-16,25.2437,25.2437,25.2437,25.2437
MNSB,2022-02-17,25.2437,25.2835,24.8083,25.1045
MNSB,2022-02-18,24.85,25.2636,24.7277,25.1045
MNSB,2022-02-22,25.0945,25.5509,24.9106,25.2139
MNSB,2022-02-23,25.4515,25.7001,24.9067,25.0647
MNSB,2022-02-24,24.9057,25.0548,24.6084,24.9057
MNSB,2022-02-25,24.3609,25.6006,24.3609,25.4813
MNSB,2022-02-28,25.4813,25.4913,24.8371,24.847
MNSB,2022-03-01,24.8768,25.3729,24.6183,24.6183
MNSB,2022-03-02,25.1334,25.1334,24.5984,24.6382
MNSB,2022-03-03,24.7078,25.0548,24.5626,25.0548
MNSB,2022-03-04,24.6183,24.857,24.4692,24.4692
MNSB,2022-03-07,24.331,24.5089,23.2293,23.3387
MNSB,2022-03-08,23.6459,24.678,23.5664,23.5664
MNSB,2022-03-09,23.815,23.983,23.815,23.8985
MNSB,2022-03-10,24.0128,24.0128,24.0128,24.0128
MNSB,2022-03-11,24.0923,24.2515,23.8548,24.2257
MNSB,2022-03-14,24.164,24.3111,24.1322,24.2117
MNSB,2022-03-15,24.0427,24.6084,24.0427,24.3509
MNSB,2022-03-16,23.8349,24.7774,23.8349,24.3409
MNSB,2022-03-17,24.2117,24.4991,24.0923,24.3609
MNSB,2022-03-18,24.4891,24.6979,24.4891,24.6979
MNSB,2022-03-21,24.3111,24.3609,24.3111,24.3609
MNSB,2022-03-22,24.5289,24.8073,24.2515,24.7078
MNSB,2022-03-23,24.6581,24.7675,24.4254,24.6879
MNSB,2022-03-24,24.5944,24.5944,24.5944,24.5944
MNSB,2022-03-25,24.5487,24.6144,24.5487,24.6144
MNSB,2022-03-28,24.7426,24.7426,24.4095,24.5886
MNSB,2022-03-29,24.7178,24.7178,24.2714,24.2714
MNSB,2022-03-30,24.3897,24.3897,24.3897,24.3897
MNSB,2022-03-31,24.2117,24.2217,24.1222,24.1222
MNSB,2022-04-01,24.1322,24.4791,23.8647,23.8647
MNSB,2022-04-04,24.162,24.2097,23.7156,23.7256
MNSB,2022-04-05,24.0128,24.1968,23.3188,23.477
MNSB,2022-04-06,23.5366,23.5366,23.0306,23.0306
MNSB,2022-04-07,23.2592,23.5664,22.8227,22.9311
MNSB,2022-04-08,23.1101,23.3188,22.9411,22.9411
MNSB,2022-04-11,22.9828,23.0901,22.9709,23.0375
MNSB,2022-04-12,23.5167,23.5167,23.2592,23.2592
MNSB,2022-04-13,23.0803,23.1797,22.9411,22.951
MNSB,2022-04-14,23.1051,23.1698,22.9768,23.1698
MNSB,2022-04-18,23.2403,23.2403,23.2075,23.2075
MNSB,2022-04-19,23.1698,24.8073,23.1698,23.6161
MNSB,2022-04-20,23.6758,24.6879,23.5167,24.3111
MNSB,2022-04-21,24.5139,24.5886,24.2305,24.3996
MNSB,2022-04-22,24.3629,24.7873,24.3629,24.5686
MNSB,2022-04-25,24.4622,24.8768,24.4592,24.8073
MNSB,2022-04-26,24.7476,25.6901,24.7476,25.2537
MNSB,2022-04-27,25.3431,25.5708,25.2139,25.2139
MNSB,2022-04-28,25.031,25.4018,24.8768,25.0945
MNSB,2022-04-29,25.1443,25.4614,24.6283,25.3919
MNSB,2022-05-02,24.9255,25.2039,24.8271,25.0449
MNSB,2022-05-03,25.5111,25.5111,25.0548,25.1344
MNSB,2022-05-04,25.0051,25.7408,24.8261,25.7408
MNSB,2022-05-05,25.4923,25.7408,24.3489,24.9553
MNSB,2022-05-06,24.8162,25.0847,24.6671,24.6671
MNSB,2022-05-09,24.7764,24.7764,24.4384,24.5876
MNSB,2022-05-10,24.3687,24.7168,24.2097,24.4284
MNSB,2022-05-11,24.3589,24.6471,24.3589,24.6074
MNSB,2022-05-12,23.5089,24.6173,23.5089,24.2993
MNSB,2022-05-13,24.2992,24.5577,23.996,24.4582
MNSB,2022-05-16,24.241,24.6074,24.0606,24.1302
MNSB,2022-05-17,24.3687,25.1542,24.3687,25.1542
MNSB,2022-05-18,24.7068,25.0847,24.2992,24.2992
MNSB,2022-05-19,24.3092,24.7963,24.3092,24.6869
MNSB,2022-05-20,24.6611,24.6611,24.2594,24.4185
MNSB,2022-05-23,24.4582,24.9553,24.4582,24.9057
MNSB,2022-05-24,25.4326,25.4326,24.7665,24.7665
MNSB,2022-05-25,24.7665,24.9305,24.7665,24.9305
MNSB,2022-05-26,25.1431,25.5321,24.4185,25.0647
MNSB,2022-05-27,24.8162,25.1791,24.6173,25.03
MNSB,2022-05-31,24.5776,24.7565,24.4185,24.6317
MNSB,2022-06-01,24.856,24.9952,24.6273,24.7466
MNSB,2022-06-02,24.6919,24.7068,24.6919,24.7068
MNSB,2022-06-03,24.7168,25.1542,24.2892,24.841
MNSB,2022-06-06,24.5577,24.677,24.4881,24.5577
MNSB,2022-06-07,24.5676,25.1541,24.5179,24.5179
MNSB,2022-06-08,24.5876,24.5876,24.17,24.2197
MNSB,2022-06-09,24.6372,24.6372,23.9313,23.9313
MNSB,2022-06-10,24.1103,24.1103,23.9114,23.9891
MNSB,2022-06-13,23.5705,23.6728,23.5705,23.6728
MNSB,2022-06-14,23.7524,25.0945,23.1659,23.3944
MNSB,2022-06-15,23.718,23.718,23.464,23.4939
MNSB,2022-06-16,23.986,23.986,23.3745,23.5436
MNSB,2022-06-17,23.4242,23.7226,23.1757,23.7226
MNSB,2022-06-21,23.474,24.6074,22.1616,22.5692
MNSB,2022-06-22,22.2809,22.6924,22.2809,22.5692
MNSB,2022-06-23,22.3903,22.5692,22.2213,22.2213
MNSB,2022-06-24,22.3703,22.8874,22.2908,22.3703
MNSB,2022-06-27,22.599,22.7779,22.443,22.6189
MNSB,2022-06-28,23.2232,23.2232,22.6189,22.6687
MNSB,2022-06-29,22.9669,22.9669,22.3405,22.8674
MNSB,2022-06-30,23.0219,23.0219,22.43,22.6388
MNSB,2022-07-01,22.5692,22.5692,22.5692,22.5692
MNSB,2022-07-05,22.43,22.4885,22.43,22.4797
MNSB,2022-07-06,22.5792,22.5792,22.43,22.43
MNSB,2022-07-07,22.43,22.5394,22.43,22.4698
MNSB,2022-07-08,22.3904,22.9073,21.5053,22.3505
MNSB,2022-07-11,22.2013,22.4598,22.1814,22.2113
MNSB,2022-07-12,22.4499,22.6289,22.2013,22.4698
MNSB,2022-07-13,22.3703,22.5692,22.3703,22.4797
MNSB,2022-07-14,22.2311,22.8277,21.5978,22.8277
MNSB,2022-07-15,22.3903,22.7482,20.6504,22.7482
MNSB,2022-07-18,22.6687,22.6687,22.2908,22.6189
MNSB,2022-07-19,23.7424,23.7424,22.261,22.4797
MNSB,2022-07-20,22.8476,22.8476,22.2709,22.4101
MNSB,2022-07-21,22.9604,22.9604,22.3206,22.3306
MNSB,2022-07-22,22.46,22.46,22.46,22.46
MNSB,2022-07-25,22.9669,22.9669,22.5195,22.5195
MNSB,2022-07-26,22.8476,23.1658,22.599,22.7084
MNSB,2022-07-27,22.4897,23.0166,22.4897,22.8674
MNSB,2022-07-28,22.6985,23.5684,22.6985,23.0763
MNSB,2022-07-29,23.1757,23.1757,23.0066,23.0066
MNSB,2022-08-01,22.8674,23.127,22.8476,22.8674
MNSB,2022-08-02,22.8924,23.3182,22.7282,22.7482
MNSB,2022-08-03,22.7482,22.9873,22.7482,22.9674
MNSB,2022-08-04,22.8976,22.9674,22.8976,22.9674
MNSB,2022-08-05,22.9674,23.5054,22.9475,23.3859
MNSB,2022-08-08,23.7147,23.7147,23.5652,23.5652
MNSB,2022-08-09,23.3759,24.0933,23.2663,23.6151
MNSB,2022-08-10,23.8691,24.0933,23.8691,24.0734
MNSB,2022-08-11,24.1631,24.1631,23.4756,23.914
MNSB,2022-08-12,23.9339,24.1531,23.6748,24.1033
MNSB,2022-08-15,24.0005,24.1631,23.9937,24.1232
MNSB,2022-08-16,23.9239,24.7609,23.5645,24.6115
MNSB,2022-08-17,24.6613,24.6613,24.5696,24.6115
MNSB,2022-08-18,24.9004,24.9004,24.0535,24.7111
MNSB,2022-08-19,24.8,24.8,24.8,24.8
MNSB,2022-08-22,24.3061,24.7111,24.3061,24.7111
MNSB,2022-08-23,24.4421,24.6812,23.8841,24.5118
MNSB,2022-08-24,24.173,24.6912,24.173,24.4122
MNSB,2022-08-25,24.5716,24.5716,23.934,24.1631
MNSB,2022-08-26,24.1631,24.4122,24.1531,24.3624
MNSB,2022-08-29,24.5318,24.5318,24.2627,24.2627
MNSB,2022-08-30,24.3923,24.5118,24.0335,24.0335
MNSB,2022-08-31,24.452,24.452,24.1332,24.1332
MNSB,2022-09-01,24.178,24.3125,24.0136,24.3125
MNSB,2022-09-02,24.4122,24.4122,24.4122,24.4122
MNSB,2022-09-06,24.183,24.5914,24.183,24.3923
MNSB,2022-09-07,24.1632,24.3424,24.1632,24.193
MNSB,2022-09-08,24.2129,24.2129,23.8343,23.8343
MNSB,2022-09-09,23.8642,24.0933,23.5752,23.8143
MNSB,2022-09-12,23.9837,24.173,23.8143,23.8143
MNSB,2022-09-13,23.85,24.05,23.84,23.85
MNSB,2022-09-14,23.7247,24.0136,23.5752,23.5752
MNSB,2022-09-15,23.4257,23.8741,23.4257,23.8044
MNSB,2022-09-16,23.4756,23.7645,23.4756,23.7147
MNSB,2022-09-19,23.4756,23.7147,23.4756,23.7147
MNSB,2022-09-20,23.7147,23.8841,23.5852,23.7645
MNSB,2022-09-21,23.4391,23.904,23.4391,23.4656
MNSB,2022-09-22,23.4756,23.8045,23.2265,23.2862
MNSB,2022-09-23,23.1223,23.3958,23.087,23.1766
MNSB,2022-09-26,22.9674,23.3361,22.9674,23.3361
MNSB,2022-09-27,23.42,23.42,23.42,23.42
MNSB,2022-09-28,23.1866,23.4058,22.7382,23.067
MNSB,2022-09-29,22.9773,23.2165,22.9773,22.9773
MNSB,2022-09-30,22.9773,22.9773,22.7282,22.7282
MNSB,2022-10-03,22.7681,22.9774,22.7681,22.9176
MNSB,2022-10-04,23.1168,23.4108,22.788,22.798
MNSB,2022-10-05,22.8179,23.5054,22.8179,23.0272
MNSB,2022-10-06,23.4058,23.4058,22.7581,22.9773
MNSB,2022-10-07,22.7581,22.7581,22.4243,22.4293
MNSB,2022-10-10,22.6236,22.6236,22.4891,22.4891
MNSB,2022-10-11,22.4891,22.7631,22.4891,22.6186
MNSB,2022-10-12,22.4492,22.8877,22.4393,22.8777
MNSB,2022-10-13,22.5688,22.9176,22.5688,22.8777
MNSB,2022-10-14,22.8279,22.9176,22.4492,22.9175
MNSB,2022-10-17,23.4158,24.7908,23.3223,24.7908
MNSB,2022-10-18,24.9004,25.299,24.2328,24.9104
MNSB,2022-10-19,24.9104,25.3338,24.5616,24.5616
MNSB,2022-10-20,24.751,24.8606,24.5517,24.8406
MNSB,2022-10-21,24.9104,28.4041,24.8705,25.0798
MNSB,2022-10-24,25.5581,26.0662,25.1894,25.5381
MNSB,2022-10-25,25.5581,25.6079,25.1695,25.309
MNSB,2022-10-26,25.2517,27.4214,25.0798,27.4214
MNSB,2022-10-27,27.511,28.3541,26.7538,27.9993
MNSB,2022-10-28,28.089,28.358,26.9132,27.7004
MNSB,2022-10-31,27.7203,28.9358,26.9032,27.6804
MNSB,2022-11-01,27.6804,28.1388,27.1523,27.8
MNSB,2022-11-02,27.8498,27.9993,27.7303,27.8
MNSB,2022-11-03,27.86,28.1,27.291,27.42
MNSB,2022-11-04,27.5011,27.86,26.9058,27.45
MNSB,2022-11-07,27.4,28.3,27.26,28.11
MNSB,2022-11-08,27.9,28.68,27.9,28.1
MNSB,2022-11-09,28.14,28.75,28.14,28.32
MNSB,2022-11-10,28.25,28.86,28.25,28.37
MNSB,2022-11-11,28.8349,28.8349,28.34,28.63
MNSB,2022-11-14,28.36,28.77,28.3026,28.55
MNSB,2022-11-15,28.9147,28.98,28.39,28.49
MNSB,2022-11-16,28.9,28.9,28.525,28.85
MNSB,2022-11-17,28.8682,28.8682,28.6,28.8
MNSB,2022-11-18,29.0,30.98,28.335,29.15
MNSB,2022-11-21,29.15,29.2,28.02,29.0
MNSB,2022-11-22,29.05,29.29,28.6402,29.0
MNSB,2022-11-23,29.17,29.25,28.77,29.0
MNSB,2022-11-25,29.19,29.29,28.68,28.68
MNSB,2022-11-28,28.88,29.0265,28.17,28.7
MNSB,2022-11-29,28.92,29.2899,27.88,28.84
MNSB,2022-11-30,28.78,29.11,28.67,28.9
MNSB,2022-12-01,29.07,29.07,28.6,28.73
MNSB,2022-12-02,28.73,28.745,28.68,28.7
MNSB,2022-12-05,28.87,28.87,27.88,28.23
MNSB,2022-12-06,28.43,28.43,27.8,28.25
MNSB,2022-12-07,28.39,28.39,28.1,28.3
MNSB,2022-12-08,28.48,28.5214,27.8501,28.1
MNSB,2022-12-09,28.35,28.35,28.05,28.14
MNSB,2022-12-12,28.35,28.5,28.35,28.5
MNSB,2022-12-13,28.55,28.6899,28.02,28.04
MNSB,2022-12-14,28.06,28.34,28.05,28.05
MNSB,2022-12-15,28.07,28.21,27.71,27.81
MNSB,2022-12-16,27.87,28.0599,27.75,27.89
MNSB,2022-12-19,27.72,28.2,27.32,27.64
MNSB,2022-12-20,27.82,28.06,27.5218,27.97
MNSB,2022-12-21,27.97,28.19,27.85,27.85
MNSB,2022-12-22,28.07,28.07,27.14,27.54
MNSB,2022-12-23,27.75,27.75,27.36,27.36
MNSB,2022-12-27,27.5,27.555,27.14,27.14
MNSB,2022-12-28,27.38,27.47,27.06,27.06
MNSB,2022-12-29,27.29,27.51,27.06,27.15
MNSB,2022-12-30,27.37,27.49,27.32,27.49
MNSB,2023-01-03,27.47,27.595,27.19,27.24
MNSB,2023-01-04,27.36,27.3999,27.05,27.25
MNSB,2023-01-05,27.235,27.235,26.61,26.63
MNSB,2023-01-06,26.88,27.025,26.84,26.88
MNSB,2023-01-09,26.88,27.41,26.87,27.04
MNSB,2023-01-10,27.26,27.615,27.04,27.27
MNSB,2023-01-11,27.9999,27.9999,27.5,27.68
MNSB,2023-01-12,27.62,28.42,27.424,28.14
MNSB,2023-01-13,27.98,28.155,27.9,27.98
MNSB,2023-01-17,27.9,27.95,27.5,27.71
MNSB,2023-01-18,27.5101,27.95,27.5101,27.65
MNSB,2023-01-19,27.595,27.8217,27.0775,27.38
MNSB,2023-01-20,27.5,28.08,27.5,28.08
MNSB,2023-01-23,28.7,29.9,27.8,28.35
MNSB,2023-01-24,28.145,29.4,28.06,29.0
MNSB,2023-01-25,28.99,28.99,28.5,28.74
MNSB,2023-01-26,28.26,28.95,28.26,28.75
MNSB,2023-01-27,28.65,28.985,28.63,28.89
MNSB,2023-01-30,29.03,29.69,28.66,28.7
MNSB,2023-01-31,28.7,28.865,28.52,28.7
MNSB,2023-02-01,28.57,28.95,28.57,28.75
MNSB,2023-02-02,28.79,29.12,28.79,29.11
MNSB,2023-02-03,28.83,29.61,28.83,29.08
MNSB,2023-02-06,29.08,29.69,28.995,29.33
MNSB,2023-02-07,29.33,29.83,29.22,29.32
MNSB,2023-02-08,29.15,29.74,28.885,29.63
MNSB,2023-02-09,29.63,29.75,29.0714,29.425
MNSB,2023-02-10,29.37,29.89,29.36,29.54
MNSB,2023-02-13,29.62,29.935,29.11,29.4
MNSB,2023-02-14,29.38,29.695,29.17,29.42
MNSB,2023-02-15,29.38,29.66,29.32,29.39
MNSB,2023-02-16,28.2301,29.5,28.2301,29.39
MNSB,2023-02-17,29.435,29.5,29.23,29.5
MNSB,2023-02-21,29.5,29.7299,29.31,29.68
MNSB,2023-02-22,29.645,29.645,29.35,29.35
MNSB,2023-02-23,29.53,29.74,29.27,29.63
MNSB,2023-02-24,29.39,29.63,29.31,29.61
MNSB,2023-02-27,29.65,29.65,29.31,29.32
MNSB,2023-02-28,29.29,29.625,29.29,29.57
MNSB,2023-03-01,29.34,29.59,29.32,29.33
MNSB,2023-03-02,29.4,29.4,28.91,29.05
MNSB,2023-03-03,28.81,29.01,28.81,28.83
MNSB,2023-03-06,28.89,29.08,28.61,29.08
MNSB,2023-03-07,28.94,29.1099,28.71,28.94
MNSB,2023-03-08,28.7,28.9325,28.66,28.85
MNSB,2023-03-09,28.77,28.77,27.31,27.35
MNSB,2023-03-10,27.23,27.23,23.11,25.99
MNSB,2023-03-13,25.71,25.71,23.67,23.84
MNSB,2023-03-14,25.0,25.97,23.63,23.63
MNSB,2023-03-15,23.56,23.56,22.56,23.16
MNSB,2023-03-16,23.43,24.855,23.16,24.5
MNSB,2023-03-17,23.74,24.43,23.405,23.57
MNSB,2023-03-20,23.55,23.78,22.29,22.7
MNSB,2023-03-21,22.89,23.94,22.89,23.38
MNSB,2023-03-22,23.845,24.44,23.53,24.05
MNSB,2023-03-23,24.02,24.43,24.0,24.24
MNSB,2023-03-24,24.08,24.41,24.02,24.29
MNSB,2023-03-27,24.43,24.54,24.185,24.185
MNSB,2023-03-28,24.197,24.4,24.09,24.24
MNSB,2023-03-29,24.2,24.59,24.06,24.13
MNSB,2023-03-30,24.3,24.3,23.36,23.49
MNSB,2023-03-31,23.37,23.635,23.37,23.49
MNSB,2023-04-03,23.6,24.32,23.6,23.85
MNSB,2023-04-04,23.84,24.0999,22.825,22.86
MNSB,2023-04-05,22.65,22.85,22.24,22.31
MNSB,2023-04-06,22.5,22.83,22.5,22.65
MNSB,2023-04-10,22.36,22.9,22.35,22.9
MNSB,2023-04-11,22.71,23.25,22.69,22.82
MNSB,2023-04-12,22.92,23.045,22.38,22.65
MNSB,2023-04-13,22.51,22.765,22.36,22.45
MNSB,2023-04-14,22.76,22.91,22.5,22.52
MNSB,2023-04-17,22.52,23.07,22.52,22.9
MNSB,2023-04-18,23.205,23.4,22.5,22.8
MNSB,2023-04-19,22.31,22.66,21.8825,22.27
MNSB,2023-04-20,22.31,22.88,20.45,21.62
MNSB,2023-04-21,21.61,22.5799,21.35,21.37
MNSB,2023-04-24,21.5,21.865,21.41,21.52
MNSB,2023-04-25,21.59,21.59,20.37,20.55
MNSB,2023-04-26,20.97,22.22,20.5,20.77
MNSB,2023-04-27,21.0,21.28,20.65,21.28
MNSB,2023-04-28,21.46,21.9399,21.15,21.49
MNSB,2023-05-01,21.49,21.49,21.0,21.09
MNSB,2023-05-02,20.66,20.66,19.7969,20.12
MNSB,2023-05-03,20.04,20.49,20.04,20.15
MNSB,2023-05-04,20.02,20.49,19.4301,19.9
MNSB,2023-05-05,20.21,21.09,19.7801,20.49
MNSB,2023-05-08,20.56,20.56,20.06,20.34
MNSB,2023-05-09,20.06,20.475,19.62,19.86
MNSB,2023-05-10,20.28,20.765,19.725,20.1
MNSB,2023-05-11,19.86,20.34,19.86,20.0
MNSB,2023-05-12,20.0,20.785,19.7,19.97
MNSB,2023-05-15,20.22,20.73,20.0775,20.65
MNSB,2023-05-16,20.591,20.96,20.5,20.57
MNSB,2023-05-17,21.11,21.62,20.72,21.5
MNSB,2023-05-18,21.55,21.75,21.17,21.3
MNSB,2023-05-19,21.26,21.35,21.0,21.135
MNSB,2023-05-22,21.14,21.77,21.02,21.71
MNSB,2023-05-23,21.75,21.96,21.7,21.96
MNSB,2023-05-24,21.73,21.96,21.695,21.9
MNSB,2023-05-25,21.9,22.0,21.6,22.0
MNSB,2023-05-26,21.95,22.42,21.95,22.22
MNSB,2023-05-30,22.0,22.1299,21.01,21.11
MNSB,2023-05-31,20.8641,21.27,20.8641,21.07
MNSB,2023-06-01,21.44,21.545,21.11,21.41
MNSB,2023-06-02,21.56,23.03,21.215,22.76
MNSB,2023-06-05,22.72,23.165,21.81,21.99
MNSB,2023-06-06,21.77,22.6,21.77,22.575
MNSB,2023-06-07,22.46,23.0,22.4,23.0
MNSB,2023-06-08,22.8,23.47,22.8,23.19
MNSB,2023-06-09,23.23,23.23,22.72,23.14
MNSB,2023-06-12,23.27,23.69,22.54,23.11
MNSB,2023-06-13,23.38,23.99,23.3,23.37
MNSB,2023-06-14,23.39,23.6,22.66,22.66
MNSB,2023-06-15,22.75,23.265,22.51,23.24
MNSB,2023-06-16,23.25,23.315,22.85,23.25
MNSB,2023-06-20,23.19,23.5,22.971,23.12
MNSB,2023-06-21,23.2,23.395,22.98,23.05
MNSB,2023-06-22,23.185,23.21,22.71,23.05
MNSB,2023-06-23,22.58,23.29,21.12,21.79
MNSB,2023-06-26,23.07,23.07,21.83,22.36
MNSB,2023-06-27,21.68,23.0,21.68,22.91
MNSB,2023-06-28,22.8,23.05,22.59,22.97
MNSB,2023-06-29,22.79,22.79,22.24,22.57
MNSB,2023-06-30,22.56,22.83,22.35,22.66
MNSB,2023-07-03,23.16,23.16,22.585,22.69
MNSB,2023-07-05,22.93,22.93,22.36,22.59
MNSB,2023-07-06,22.35,22.35,22.17,22.17
MNSB,2023-07-07,22.25,22.885,22.25,22.63
MNSB,2023-07-10,22.43,22.87,22.0975,22.63
MNSB,2023-07-11,22.72,23.65,22.515,22.83
MNSB,2023-07-12,23.01,23.155,22.385,22.46
MNSB,2023-07-13,22.8,23.25,22.595,23.24
MNSB,2023-07-14,23.07,23.07,22.32,22.7
MNSB,2023-07-17,22.69,23.11,22.69,22.81
MNSB,2023-07-18,22.59,23.58,22.59,23.57
MNSB,2023-07-19,23.57,23.9,23.2,23.65
MNSB,2023-07-20,23.74,24.0,22.9081,23.92
MNSB,2023-07-21,24.13,24.48,23.7401,24.31
MNSB,2023-07-24,23.63,24.74,23.63,24.08
MNSB,2023-07-25,23.95,24.4999,23.76,24.0
MNSB,2023-07-26,24.45,24.69,24.1001,24.29
MNSB,2023-07-27,24.3,24.74,24.3,24.39
MNSB,2023-07-28,24.44,24.44,23.6442,24.11
MNSB,2023-07-31,24.15,24.15,23.62,23.87
MNSB,2023-08-01,23.875,24.025,23.58,24.02
MNSB,2023-08-02,23.9,24.04,23.9,23.95
MNSB,2023-08-03,23.67,24.02,23.67,23.83
MNSB,2023-08-04,24.0,24.26,23.965,24.02
MNSB,2023-08-07,24.04,24.45,24.04,24.24
MNSB,2023-08-08,24.15,24.2999,23.91,23.97
MNSB,2023-08-09,23.83,24.15,23.665,23.87
MNSB,2023-08-10,23.94,24.0,23.81,23.9
MNSB,2023-08-11,23.81,24.085,23.6201,23.92
MNSB,2023-08-14,23.8,23.8,23.61,23.76
MNSB,2023-08-15,23.7,23.7,23.02,23.03
MNSB,2023-08-16,23.07,23.17,22.2001,22.89
MNSB,2023-08-17,22.87,23.23,22.19,22.24
MNSB,2023-08-18,22.28,23.21,22.28,22.99
MNSB,2023-08-21,23.03,23.06,22.88,22.98
MNSB,2023-08-22,23.06,23.06,22.265,22.43
MNSB,2023-08-23,22.245,22.4,22.06,22.3
MNSB,2023-08-24,22.2,22.51,22.17,22.3
MNSB,2023-08-25,22.43,22.92,22.27,22.71
MNSB,2023-08-28,22.9,22.9,22.555,22.67
MNSB,2023-08-29,22.9,23.0,22.595,23.0
MNSB,2023-08-30,22.91,22.95,22.72,22.74
MNSB,2023-08-31,22.94,22.94,22.61,22.62
MNSB,2023-09-01,22.92,22.92,22.56,22.75
MNSB,2023-09-05,22.63,22.9899,22.6237,22.71
MNSB,2023-09-06,22.66,22.66,22.03,22.07
MNSB,2023-09-07,22.11,22.3,22.05,22.09
MNSB,2023-09-08,22.16,22.51,22.05,22.51
MNSB,2023-09-11,22.4,22.49,22.2139,22.49
MNSB,2023-09-12,22.195,22.29,22.14,22.29
MNSB,2023-09-13,22.23,22.23,21.72,21.84
MNSB,2023-09-14,21.86,22.38,21.83,22.21
MNSB,2023-09-15,22.03,22.8,21.81,22.8
MNSB,2023-09-18,22.44,22.44,22.18,22.19
MNSB,2023-09-19,22.33,22.3899,22.0,22.11
MNSB,2023-09-20,22.22,22.37,22.0,22.26
MNSB,2023-09-21,22.25,22.34,22.03,22.03
MNSB,2023-09-22,22.2,22.2,22.0,22.01
MNSB,2023-09-25,22.06,22.085,21.79,21.8
MNSB,2023-09-26,21.77,21.94,20.66,20.91
MNSB,2023-09-27,21.18,21.3,20.69,20.73
MNSB,2023-09-28,20.85,20.915,20.58,20.79
MNSB,2023-09-29,20.75,20.965,20.54,20.54
MNSB,2023-10-02,20.55,20.68,20.37,20.48
MNSB,2023-10-03,20.37,20.645,19.81,19.81
MNSB,2023-10-04,20.0,20.6599,19.58,20.22
MNSB,2023-10-05,20.03,20.365,19.62,20.25
MNSB,2023-10-06,20.16,20.41,19.625,20.41
MNSB,2023-10-09,20.07,20.27,19.82,20.16
MNSB,2023-10-10,20.14,20.305,19.92,20.1
MNSB,2023-10-11,20.11,20.24,19.72,19.85
MNSB,2023-10-12,19.84,19.905,19.31,19.31
MNSB,2023-10-13,19.14,19.55,18.78,19.16
MNSB,2023-10-16,19.225,20.05,18.75,19.2
MNSB,2023-10-17,19.06,19.775,18.96,19.26
MNSB,2023-10-18,19.06,19.52,18.67,19.14
MNSB,2023-10-19,19.2,20.09,19.08,19.11
MNSB,2023-10-20,19.19,19.28,18.47,18.76
MNSB,2023-10-23,18.71,19.61,18.71,18.8
MNSB,2023-10-24,18.75,20.08,18.75,19.0
MNSB,2023-10-25,18.77,19.57,18.77,19.06
MNSB,2023-10-26,18.88,19.5,18.88,19.15
MNSB,2023-10-27,18.95,19.34,18.94,19.13
MNSB,2023-10-30,19.15,19.41,19.1216,19.41
MNSB,2023-10-31,19.0,19.4899,18.53,19.28
MNSB,2023-11-01,19.48,19.48,19.31,19.32
MNSB,2023-11-02,19.25,19.81,19.195,19.81
MNSB,2023-11-03,19.86,20.82,19.762,20.82
MNSB,2023-11-06,20.2501,20.98,20.25,20.77
MNSB,2023-11-07,20.75,21.09,20.73,20.96
MNSB,2023-11-08,21.0,21.0,20.5,20.75
MNSB,2023-11-09,20.7,20.7,20.15,20.15
MNSB,2023-11-10,20.72,20.79,20.15,20.49
MNSB,2023-11-13,20.28,20.77,20.27,20.77
MNSB,2023-11-14,20.82,22.29,20.5,22.29
MNSB,2023-11-15,21.75,22.4,21.66,21.66
MNSB,2023-11-16,21.52,21.75,21.44,21.55
MNSB,2023-11-17,21.52,22.13,21.52,22.13
MNSB,2023-11-20,22.0,22.24,21.65,22.24
MNSB,2023-11-21,22.21,22.4,21.94,22.02
MNSB,2023-11-22,22.03,22.14,21.75,22.08
MNSB,2023-11-24,22.24,22.24,21.94,21.98
MNSB,2023-11-27,21.86,22.07,21.54,21.54
MNSB,2023-11-28,21.34,21.5,20.75,20.75
MNSB,2023-11-29,21.15,21.4477,20.88,21.24
MNSB,2023-11-30,21.19,21.19,20.72,20.82
MNSB,2023-12-01,21.19,21.919,21.14,21.9
MNSB,2023-12-04,21.785,22.03,21.785,22.0
MNSB,2023-12-05,21.99,22.05,21.95,22.05
MNSB,2023-12-06,22.04,22.205,21.52,21.83
MNSB,2023-12-07,21.485,22.4,21.485,22.25
MNSB,2023-12-08,21.95,23.1,21.94,22.77
MNSB,2023-12-11,22.52,22.52,21.91,21.91
MNSB,2023-12-12,22.14,22.37,21.95,22.12
MNSB,2023-12-13,22.27,24.45,22.27,24.09
MNSB,2023-12-14,24.5,24.78,24.0,24.78
MNSB,2023-12-15,24.9,25.97,24.34,25.75
MNSB,2023-12-18,25.5,25.7,24.67,24.67
MNSB,2023-12-19,24.93,25.44,24.78,24.78
MNSB,2023-12-20,24.91,25.23,24.41,24.62
MNSB,2023-12-21,24.7,24.98,24.39,24.66
MNSB,2023-12-22,24.515,25.0,24.515,25.0
MNSB,2023-12-26,25.0,25.0,24.85,24.98
MNSB,2023-12-27,25.0,25.0,24.99,25.0
MNSB,2023-12-28,25.015,25.015,24.78,24.78
MNSB,2023-12-29,24.98,25.01,24.0204,24.81
MNSB,2024-01-02,24.83,24.84,24.705,24.83
MNSB,2024-01-03,24.38,24.38,23.16,23.16
MNSB,2024-01-04,23.38,23.5,22.9,23.26
MNSB,2024-01-05,23.06,23.6,23.04,23.54
MNSB,2024-01-08,23.805,24.27,23.805,24.27
MNSB,2024-01-09,24.02,24.095,23.11,23.12
MNSB,2024-01-10,23.01,23.85,23.01,23.5
MNSB,2024-01-11,23.035,23.14,23.035,23.14
MNSB,2024-01-12,23.54,23.8899,21.87,21.88
MNSB,2024-01-16,21.63,22.79,21.63,22.79
MNSB,2024-01-17,22.46,22.79,21.48,21.77
MNSB,2024-01-18,21.38,21.815,21.05,21.52
MNSB,2024-01-19,21.81,22.38,21.803,22.11
MNSB,2024-01-22,22.37,22.575,21.11,21.99
MNSB,2024-01-23,22.4,22.4,21.91,21.91
MNSB,2024-01-24,22.24,22.2599,21.715,21.95
MNSB,2024-01-25,22.0,22.0,21.9,21.99
MNSB,2024-01-26,22.0,22.0,21.72,21.72
MNSB,2024-01-29,21.68,21.988,19.94,20.17
MNSB,2024-01-30,20.09,20.09,19.81,20.07
MNSB,2024-01-31,20.0,20.4436,18.47,18.52
MNSB,2024-02-01,18.57,19.388,18.26,18.69
MNSB,2024-02-02,18.56,19.18,18.11,19.01
MNSB,2024-02-05,18.78,20.13,18.55,19.47
MNSB,2024-02-06,19.2488,19.6999,17.95,18.2
MNSB,2024-02-07,18.23,18.38,17.5,18.1
MNSB,2024-02-08,18.1,18.21,17.9,18.14
MNSB,2024-02-09,18.42,18.8,18.02,18.52
MNSB,2024-02-12,18.4,19.4,18.4,19.33
MNSB,2024-02-13,18.81,18.81,17.56,17.91
MNSB,2024-02-14,18.2,18.5,17.92,18.5
MNSB,2024-02-15,18.65,19.02,18.5,19.02
MNSB,2024-02-16,18.92,19.2,18.61,18.61
MNSB,2024-02-20,18.56,19.185,17.89,18.0
MNSB,2024-02-21,18.49,18.49,17.85,18.11
MNSB,2024-02-22,18.17,18.17,17.85,18.08
MNSB,2024-02-23,18.09,18.1,17.95,18.1
MNSB,2024-02-26,18.73,18.73,17.87,18.0
MNSB,2024-02-27,18.04,18.15,17.95,17.98
MNSB,2024-02-28,17.85,18.11,17.85,17.94
MNSB,2024-02-29,18.35,18.35,17.9,18.015
MNSB,2024-03-01,18.3061,18.3061,17.9,17.99
MNSB,2024-03-04,17.9,17.94,17.66,17.84
MNSB,2024-03-05,17.9,18.1,17.9,18.0
MNSB,2024-03-06,17.96,18.33,17.93,18.19
MNSB,2024-03-07,18.33,18.38,17.95,18.29
MNSB,2024-03-08,18.3,18.8,18.01,18.16
MNSB,2024-03-11,17.96,18.1992,17.91,17.97
MNSB,2024-03-12,18.1,18.27,18.07,18.11
MNSB,2024-03-13,18.21,18.685,18.21,18.62
MNSB,2024-03-14,18.35,18.47,17.92,17.92
MNSB,2024-03-15,17.82,18.495,17.82,18.37
MNSB,2024-03-18,18.43,18.53,17.92,17.92
MNSB,2024-03-19,18.0,18.0099,17.76,17.83
MNSB,2024-03-20,17.81,18.3,17.7,18.24
MNSB,2024-03-21,18.26,18.39,18.16,18.39
MNSB,2024-03-22,18.1038,18.29,17.81,18.01
MNSB,2024-03-25,18.17,18.325,17.83,17.85
MNSB,2024-03-26,17.89,17.89,17.62,17.7
MNSB,2024-03-27,17.88,18.13,17.805,18.01
MNSB,2024-03-28,17.89,18.22,17.89,18.16
MNSB,2024-04-01,18.05,18.05,17.78,17.97
MNSB,2024-04-02,17.77,18.07,17.77,18.05
MNSB,2024-04-03,17.95,18.02,17.81,17.84
MNSB,2024-04-04,17.93,17.93,17.75,17.845
MNSB,2024-04-05,17.885,17.885,17.79,17.82
MNSB,2024-04-08,17.97,18.0,17.53,17.67
MNSB,2024-04-09,17.68,17.71,17.52,17.61
MNSB,2024-04-10,17.5,17.585,17.06,17.18
MNSB,2024-04-11,17.27,17.46,17.09,17.09
MNSB,2024-04-12,17.07,17.15,16.81,16.82
MNSB,2024-04-15,16.88,17.23,16.61,17.01
MNSB,2024-04-16,16.89,17.3,16.68,16.87
MNSB,2024-04-17,16.87,16.905,16.51,16.58
MNSB,2024-04-18,16.79,16.89,16.63,16.86
MNSB,2024-04-19,16.79,17.465,16.79,17.2
MNSB,2024-04-22,17.23,17.23,15.205,15.6
MNSB,2024-04-23,15.59,16.61,15.59,16.36
MNSB,2024-04-24,16.4,16.4,15.645,15.89
MNSB,2024-04-25,15.82,15.9,15.36,15.61
MNSB,2024-04-26,15.75,16.0,15.61,15.9
MNSB,2024-04-29,15.86,16.14,15.235,15.25
MNSB,2024-04-30,15.12,15.385,14.97,15.27
MNSB,2024-05-01,15.445,16.21,15.445,15.87
MNSB,2024-05-02,15.97,16.27,15.9,16.18
MNSB,2024-05-03,16.33,16.605,16.14,16.56
MNSB,2024-05-06,16.75,16.75,16.46,16.5
MNSB,2024-05-07,16.45,16.66,16.44,16.51
MNSB,2024-05-08,16.51,16.835,16.295,16.5
MNSB,2024-05-09,16.5,16.665,16.5,16.65
MNSB,2024-05-10,16.59,16.72,16.54,16.7
MNSB,2024-05-13,16.7,16.869,16.61,16.7
MNSB,2024-05-14,16.75,17.14,16.67,17.1
MNSB,2024-05-15,17.12,17.35,17.0,17.25
MNSB,2024-05-16,16.98,17.375,16.98,17.25
MNSB,2024-05-17,17.29,17.675,17.06,17.54
MNSB,2024-05-20,17.54,18.05,17.54,17.85
MNSB,2024-05-21,17.79,17.975,17.58,17.85
MNSB,2024-05-22,17.72,18.13,17.72,18.0
MNSB,2024-05-23,17.98,18.1,17.2,17.2
MNSB,2024-05-24,17.22,17.5,17.0,17.45
MNSB,2024-05-28,17.32,17.32,16.72,16.82
MNSB,2024-05-29,16.5,16.7764,16.43,16.55
MNSB,2024-05-30,16.5375,16.79,16.5375,16.73
MNSB,2024-05-31,16.76,16.9,16.55,16.9
MNSB,2024-06-03,17.12,17.12,16.45,16.45
MNSB,2024-06-04,16.45,16.65,16.11,16.15
MNSB,2024-06-05,16.3,16.895,16.06,16.36
MNSB,2024-06-06,16.43,16.8,16.28,16.74
MNSB,2024-06-07,16.72,16.72,16.3,16.5
MNSB,2024-06-10,16.3,16.32,16.07,16.12
MNSB,2024-06-11,16.815,16.815,16.22,16.6
MNSB,2024-06-12,17.07,17.085,16.66,16.77
MNSB,2024-06-13,16.32,16.7399,16.32,16.34
MNSB,2024-06-14,16.07,16.14,15.56,15.78
MNSB,2024-06-17,15.6,16.28,15.56,16.22
MNSB,2024-06-18,16.0601,16.21,15.91,16.09
MNSB,2024-06-20,16.19,16.83,15.785,16.83
MNSB,2024-06-21,16.67,17.14,16.41,16.49
MNSB,2024-06-24,16.69,17.52,16.56,17.46
MNSB,2024-06-25,17.16,17.77,17.0,17.72
MNSB,2024-06-26,17.79,18.68,17.01,18.13
MNSB,2024-06-27,18.48,19.19,18.09,18.81
MNSB,2024-06-28,19.19,19.19,17.66,17.66
MNSB,2024-07-01,17.73,18.13,16.75,16.76
MNSB,2024-07-02,16.83,17.26,16.31,16.82
MNSB,2024-07-03,16.797,17.0,16.51,16.76
MNSB,2024-07-05,16.91,16.91,16.56,16.63
MNSB,2024-07-08,16.48,16.48,16.16,16.26
MNSB,2024-07-09,16.12,16.83,16.11,16.32
MNSB,2024-07-10,16.17,16.88,16.17,16.88
MNSB,2024-07-11,16.98,18.02,16.98,17.65
MNSB,2024-07-12,17.35,17.35,17.34,17.35
MNSB,2024-07-15,17.58,18.18,17.58,17.96
MNSB,2024-07-16,17.91,18.57,17.91,18.33
MNSB,2024-07-17,18.1372,18.35,17.82,18.18
MNSB,2024-07-18,17.7306,18.19,17.7306,17.84
MNSB,2024-07-19,17.84,17.85,17.64,17.67
MNSB,2024-07-22,17.66,17.9,17.4687,17.9
MNSB,2024-07-23,18.08,18.1,18.001,18.1
MNSB,2024-07-24,18.1,18.195,17.71,17.71
MNSB,2024-07-25,17.84,18.25,17.84,18.08
MNSB,2024-07-26,18.04,18.24,17.91,18.13
MNSB,2024-07-29,18.18,18.18,17.16,17.72
MNSB,2024-07-30,17.43,17.43,17.11,17.43
MNSB,2024-07-31,17.43,17.86,17.31,17.86
MNSB,2024-08-01,17.75,17.75,16.61,16.61
MNSB,2024-08-02,16.2,16.454,16.17,16.28
MNSB,2024-08-05,16.06,16.13,15.91,15.91
MNSB,2024-08-06,15.91,16.42,15.91,16.21
MNSB,2024-08-07,16.21,16.54,16.135,16.41
MNSB,2024-08-08,17.41,17.66,16.91,17.509
MNSB,2024-08-09,16.7,16.7,16.675,16.7
MNSB,2024-08-12,16.7,16.86,16.62,16.7
MNSB,2024-08-13,16.87,16.87,16.5701,16.62
MNSB,2024-08-14,16.7,16.72,16.57,16.575
MNSB,2024-08-15,17.55,17.55,16.87,17.08
MNSB,2024-08-16,17.395,17.9,16.68,16.71
MNSB,2024-08-19,16.85,16.85,16.61,16.74
MNSB,2024-08-20,16.72,16.72,16.39,16.59
MNSB,2024-08-21,16.59,16.6913,16.45,16.45
MNSB,2024-08-22,16.52,16.66,16.46,16.5
MNSB,2024-08-23,16.84,17.0,16.675,16.81
MNSB,2024-08-26,16.79,16.87,16.38,16.52
MNSB,2024-08-27,16.52,16.64,16.4,16.64
MNSB,2024-08-28,17.4,17.4,16.66,16.89
MNSB,2024-08-29,16.9632,16.9885,16.77,16.9
MNSB,2024-08-30,17.01,17.555,17.0,17.2
MNSB,2024-09-03,17.15,17.15,16.91,17.15
MNSB,2024-09-04,17.11,17.29,16.98,17.0
MNSB,2024-09-05,17.0,17.145,16.98,17.145
MNSB,2024-09-06,17.0,17.07,16.95,16.99
MNSB,2024-09-09,16.91,16.91,16.9,16.91
MNSB,2024-09-10,16.98,16.98,16.78,16.98
MNSB,2024-09-12,16.9,17.09,16.9,17.01
MNSB,2024-09-13,17.21,17.4,17.0,17.4
MNSB,2024-09-16,17.22,17.35,17.22,17.29
MNSB,2024-09-17,17.19,17.25,17.0,17.1
MNSB,2024-09-18,17.15,17.38,17.1,17.38
MNSB,2024-09-19,17.42,19.6,17.42,19.6
MNSB,2024-09-20,19.27,19.465,18.96,19.1
MNSB,2024-09-23,19.0804,19.13,18.545,18.8
MNSB,2024-09-24,18.51,18.7,18.3658,18.54
MNSB,2024-09-25,18.33,18.33,17.46,17.47
MNSB,2024-09-26,17.76,17.89,17.65,17.84
MNSB,2024-09-27,17.676,18.16,17.676,18.16
MNSB,2024-09-30,18.35,18.45,17.97,18.45
MNSB,2024-10-01,18.45,18.52,17.88,17.88
MNSB,2024-10-02,17.79,18.1,17.79,17.81
MNSB,2024-10-03,17.56,17.77,17.53,17.77
MNSB,2024-10-04,17.75,18.26,17.75,18.26
MNSB,2024-10-07,18.5,18.5,18.1,18.1009
MNSB,2024-10-08,18.16,18.23,18.15,18.21
MNSB,2024-10-09,18.36,18.46,18.36,18.46
MNSB,2024-10-10,18.11,18.195,18.045,18.15
MNSB,2024-10-11,17.84,18.47,17.84,18.0
MNSB,2024-10-14,18.24,18.25,18.24,18.25
MNSB,2024-10-15,18.2303,18.5,18.1,18.1
MNSB,2024-10-16,18.255,18.4605,18.0465,18.15
MNSB,2024-10-17,18.305,18.9,18.28,18.56
MNSB,2024-10-18,18.63,18.81,18.6,18.81
MNSB,2024-10-21,18.52,18.52,17.58,17.58
MNSB,2024-10-22,17.51,17.95,17.5,17.95
MNSB,2024-10-23,17.98,18.21,17.87,17.95
MNSB,2024-10-24,18.235,18.48,18.11,18.47
MNSB,2024-10-25,18.2,18.2,17.96,17.99
MNSB,2024-10-28,17.8,17.975,17.71,17.83
MNSB,2024-10-29,17.925,17.925,17.545,17.69
MNSB,2024-10-30,17.925,18.09,17.6,17.955
MNSB,2024-10-31,17.5,17.52,17.25,17.43
MNSB,2024-11-01,17.35,17.35,17.265,17.265
MNSB,2024-11-04,17.16,17.5,17.0305,17.45
MNSB,2024-11-05,17.45,17.47,17.45,17.47
MNSB,2024-11-06,17.5,18.25,17.3,18.2
MNSB,2024-11-07,18.0,18.24,17.83,17.85
MNSB,2024-11-08,18.27,18.27,17.95,17.95
MNSB,2024-11-11,17.965,18.0,17.6,17.6
MNSB,2024-11-12,17.7,17.75,17.25,17.75
MNSB,2024-11-13,17.28,17.6,17.28,17.45
MNSB,2024-11-14,17.51,17.64,17.4801,17.64
MNSB,2024-11-15,17.5,17.51,17.39,17.4
MNSB,2024-11-18,17.59,17.79,17.56,17.76
MNSB,2024-11-19,17.69,18.21,17.555,18.2
MNSB,2024-11-20,17.5095,18.12,17.5095,18.12
MNSB,2024-11-21,18.21,18.4,18.21,18.35
MNSB,2024-11-22,18.27,18.4,18.1,18.4
MNSB,2024-11-25,18.42,18.9,18.42,18.42
MNSB,2024-11-26,18.45,18.84,18.4,18.62
MNSB,2024-11-27,18.85,18.85,18.42,18.42
MNSB,2024-11-29,18.59,18.59,18.59,18.59
MNSB,2024-12-02,18.65,18.7,18.4,18.7
MNSB,2024-12-03,18.5,18.7985,18.5,18.72
MNSB,2024-12-04,18.81,18.81,18.45,18.55
MNSB,2024-12-05,18.85,19.13,18.535,18.9
MNSB,2024-12-06,19.5668,19.5668,19.15,19.15
MNSB,2024-12-09,18.7765,19.68,18.7765,19.11
MNSB,2025-01-27,16.81,17.2,16.77,17.1
MNSB,2025-01-28,17.22,17.22,17.05,17.17
MNSB,2025-01-29,17.29,17.36,17.0,17.36
MNSB,2025-01-30,17.36,17.36,16.709,16.96
MNSB,2025-01-31,16.8,16.97,16.61,16.61
MNSB,2025-02-03,16.28,16.73,16.28,16.34
MNSB,2025-02-04,16.55,16.749,16.34,16.34
MNSB,2025-02-05,16.3501,16.74,16.3501,16.74
MNSB,2025-02-06,16.92,17.0,16.6901,16.8
MNSB,2025-02-07,16.69,16.74,16.5,16.56
MNSB,2025-02-10,16.6,16.7867,16.49,16.49
MNSB,2025-02-11,16.4,16.71,16.4,16.57
MNSB,2025-02-12,16.45,16.66,16.4,16.6
MNSB,2025-02-13,16.88,16.88,16.63,16.63
MNSB,2025-02-14,16.9,17.1,16.65,16.65
MNSB,2025-02-18,16.65,16.9999,16.65,16.65
MNSB,2025-02-19,16.85,17.1696,16.8,16.8
MNSB,2025-02-20,16.96,16.96,16.65,16.65
MNSB,2025-02-21,16.65,16.67,16.24,16.24
MNSB,2025-02-24,16.45,16.45,16.24,16.24
MNSB,2025-02-25,16.35,16.35,16.241,16.32
MNSB,2025-02-26,16.4,16.6,16.4,16.58
MNSB,2025-02-27,16.31,16.31,16.265,16.31
MNSB,2025-02-28,16.36,16.62,16.34,16.46
MNSB,2025-03-03,16.42,16.5,16.34,16.34
MNSB,2025-03-04,16.44,16.44,16.34,16.34
MNSB,2025-03-05,16.34,16.42,16.34,16.42
MNSB,2025-03-06,16.34,16.46,16.34,16.34
MNSB,2025-03-07,16.34,16.45,16.34,16.45
MNSB,2025-03-10,16.34,16.34,16.34,16.34
MNSB,2025-03-11,16.34,16.35,16.34,16.34
MNSB,2025-03-12,16.35,16.625,16.34,16.58
MNSB,2025-03-13,16.55,16.76,16.45,16.6
MNSB,2025-03-14,16.74,17.32,16.6,17.09
MNSB,2025-03-17,16.98,17.31,16.9761,17.19
MNSB,2025-03-18,17.16,17.46,17.0,17.29
MNSB,2025-03-19,17.29,17.39,17.2501,17.37
MNSB,2025-03-20,17.25,17.25,17.25,17.25
MNSB,2025-03-21,17.04,17.305,17.04,17.28
MNSB,2025-03-24,17.35,17.35,17.15,17.32
MNSB,2025-03-25,17.15,17.25,17.05,17.05
MNSB,2025-03-26,17.07,17.11,16.82,16.82
MNSB,2025-03-27,17.17,17.2,17.0,17.05
MNSB,2025-03-28,16.98,17.12,16.86,16.86
MNSB,2025-03-31,16.71,16.89,16.71,16.72
MNSB,2025-04-01,16.72,16.96,16.58,16.75
MNSB,2025-04-02,16.57,17.0,16.56,16.87
MNSB,2025-04-03,16.585,16.585,15.99,16.06
MNSB,2025-04-04,15.96,16.205,15.61,16.205
MNSB,2025-04-07,15.78,15.78,15.53,15.675
MNSB,2025-04-08,15.66,15.69,15.26,15.385
MNSB,2025-04-09,15.35,16.29,15.34,16.22
MNSB,2025-04-10,16.03,16.03,15.355,15.59
MNSB,2025-04-11,15.3,15.3,15.11,15.3
MNSB,2025-04-14,15.26,15.5,15.26,15.35
MNSB,2025-04-15,15.15,15.47,15.15,15.32
MNSB,2025-04-16,15.14,15.48,15.14,15.48
MNSB,2025-04-17,15.58,16.63,15.58,16.46
MNSB,2025-04-21,16.98,17.31,16.4601,16.64
MNSB,2025-04-22,17.05,17.79,16.71,17.79
MNSB,2025-04-23,17.79,18.6968,17.73,18.35
MNSB,2025-04-24,18.39,19.03,18.07,18.71
MNSB,2025-04-25,18.83,19.29,18.37,18.65
MNSB,2025-04-28,18.81,19.18,18.81,19.135
MNSB,2025-04-29,19.18,19.18,18.81,18.89
MNSB,2025-04-30,18.89,19.595,18.66,19.17
MNSB,2025-05-01,19.25,19.64,18.865,18.91
MNSB,2025-05-02,18.74,20.07,18.74,19.61
MNSB,2025-05-05,19.66,20.09,19.04,19.04
MNSB,2025-05-06,18.65,19.65,18.65,19.225
MNSB,2025-05-07,19.22,19.48,18.96,19.0
MNSB,2025-05-08,18.75,19.31,18.75,18.945
MNSB,2025-05-09,18.8,19.215,18.8,19.05
MNSB,2025-05-12,19.5,19.75,19.3,19.44
MNSB,2025-05-13,19.5,19.8,19.495,19.73
MNSB,2025-05-14,19.57,19.94,19.57,19.8
MNSB,2025-05-15,19.7,19.855,19.325,19.65
MNSB,2025-05-16,19.53,19.98,19.39,19.39
MNSB,2025-05-19,18.81,19.865,18.81,19.3
MNSB,2025-05-20,19.17,19.9,19.17,19.82
MNSB,2025-05-21,19.56,19.7219,19.2855,19.5
MNSB,2025-05-22,19.39,19.61,19.245,19.42
MNSB,2025-05-23,19.1,19.5875,19.1,19.4
MNSB,2025-05-27,19.45,19.475,19.105,19.38
MNSB,2025-05-28,19.35,19.45,18.94,18.94
MNSB,2025-05-29,19.12,19.24,18.675,18.95
MNSB,2025-05-30,19.0,19.24,18.892,19.09
MNSB,2025-06-02,19.37,19.37,18.14,18.7
MNSB,2025-06-03,18.61,18.97,18.6,18.9
MNSB,2025-06-04,18.75,18.985,18.46,18.46
MNSB,2025-06-05,18.545,18.545,18.15,18.215
MNSB,2025-06-06,18.54,18.63,18.2,18.2
MNSB,2025-06-09,18.37,18.725,18.227,18.26
MNSB,2025-06-10,18.6,18.605,17.95,18.48
MNSB,2025-06-11,18.665,18.685,18.255,18.455
MNSB,2025-06-12,18.595,18.605,18.28,18.46
MNSB,2025-06-13,18.755,18.755,18.25,18.25
MNSB,2025-06-16,18.47,18.57,18.2,18.2
MNSB,2025-06-17,18.2,18.35,18.0,18.0
MNSB,2025-06-18,18.36,18.515,18.23,18.23
MNSB,2025-06-20,18.3,18.42,18.23,18.3
MNSB,2025-06-23,18.3,18.5827,18.3,18.51
MNSB,2025-06-24,18.75,18.925,18.5,18.65
MNSB,2025-06-25,18.665,18.665,18.41,18.5
MNSB,2025-06-26,18.67,18.825,18.67,18.68
MNSB,2025-06-27,18.6,19.09,18.58,19.0
MNSB,2025-06-30,18.86,19.05,18.86,18.9
MNSB,2025-07-01,18.86,19.43,18.825,19.425
MNSB,2025-07-02,19.44,19.95,19.43,19.95
MNSB,2025-07-03,20.32,20.74,20.32,20.73
MNSB,2025-07-07,20.74,20.755,20.08,20.2
MNSB,2025-07-08,20.32,20.52,20.21,20.25
MNSB,2025-07-09,20.775,20.775,20.115,20.21
MNSB,2025-07-10,20.15,20.47,20.15,20.31
MNSB,2025-07-11,20.0,20.0,19.96,20.0
MNSB,2025-07-14,20.15,20.15,19.995,20.005
MNSB,2025-07-15,19.97,20.01,19.51,19.51
MNSB,2025-07-16,19.5,19.64,19.24,19.56
MNSB,2025-07-17,19.7725,19.905,19.49,19.61
MNSB,2025-07-18,19.85,19.86,19.64,19.68
MNSB,2025-07-21,19.61,20.17,19.61,19.99
MNSB,2025-07-22,20.47,22.76,20.47,21.41
MNSB,2025-07-23,21.77,22.04,21.2425,21.66
MNSB,2025-07-24,21.51,21.73,21.19,21.3
MNSB,2025-07-25,21.4,21.4,21.045,21.16
MNSB,2025-07-28,21.04,21.23,20.75,20.75
MNSB,2025-07-29,20.92,21.06,20.4476,20.55
MNSB,2025-07-30,20.53,20.9,20.26,20.41
MNSB,2025-07-31,20.5,20.5,20.02,20.2
MNSB,2025-08-01,20.1,20.1,19.66,19.92
MNSB,2025-08-04,20.05,20.37,19.71,19.95
MNSB,2025-08-05,19.83,19.97,19.6385,19.75
MNSB,2025-08-06,19.825,20.0,19.7,19.7
MNSB,2025-08-07,19.81,19.81,19.52,19.77
MNSB,2025-08-08,19.81,20.37,19.755,20.24
MNSB,2025-08-11,20.28,20.68,20.035,20.405
MNSB,2025-08-12,20.73,21.64,20.715,21.43
MNSB,2025-08-13,21.61,22.0,21.5,21.74
MNSB,2025-08-14,21.53,21.75,21.43,21.43
MNSB,2025-08-15,21.67,21.67,21.2,21.3
MNSB,2025-08-18,21.25,21.59,21.2,21.31
MNSB,2025-08-19,21.47,21.79,21.47,21.69
MNSB,2025-08-20,21.58,21.81,21.55,21.765
MNSB,2025-08-21,21.88,22.0175,21.75,21.75
MNSB,2025-08-22,22.09,22.85,22.09,22.79
MNSB,2025-08-25,22.98,22.98,22.7,22.7
MNSB,2025-08-26,22.85,22.975,22.85,22.93
MNSB,2025-08-27,22.93,22.965,22.84,22.86
MNSB,2025-08-28,22.83,22.93,22.52,22.58
MNSB,2025-08-29,22.51,22.675,22.5,22.65
MNSB,2025-09-02,22.45,22.68,22.36,22.385
MNSB,2025-09-03,22.36,22.6,22.32,22.32
MNSB,2025-09-04,22.3,22.4,22.14,22.305
MNSB,2025-09-05,22.4,22.4,22.06,22.13
MNSB,2025-09-08,22.15,22.15,22.01,22.02
MNSB,2025-09-09,22.1,22.1,21.86,21.92
MNSB,2025-09-10,21.09,21.74,21.09,21.61
MNSB,2025-09-11,21.72,21.725,21.57,21.7
MNSB,2025-09-12,21.75,21.84,21.39,21.69
MNSB,2025-09-15,21.64,21.71,21.18,21.3
MNSB,2025-09-16,21.25,21.86,21.06,21.21
MNSB,2025-09-17,21.2,21.39,20.875,20.94
MNSB,2025-09-18,21.03,21.16,20.9,21.0
MNSB,2025-09-19,21.13,21.98,20.94,21.48
MNSB,2025-09-22,21.74,21.75,21.26,21.42
MNSB,2025-09-23,21.79,21.79,21.1,21.27
MNSB,2025-09-24,21.17,21.24,21.0,21.1
MNSB,2025-09-25,21.04,21.19,20.9,20.99
MNSB,2025-09-26,21.05,21.05,20.84,21.03
MNSB,2025-09-29,20.94,21.04,20.765,20.78
MNSB,2025-09-30,20.61,20.81,20.56,20.79
MNSB,2025-10-01,20.845,20.845,20.27,20.41
